event,role,lattice_column,lattice_row,rows_to_nearest_source,stratum,case
F1,source,1,13,0,,
F1,at risk,0,3,10,3,0
F1,at risk,0,4,9,3,0
F1,at risk,0,5,8,3,0
F1,at risk,0,6,7,3,0
F1,at risk,0,7,6,3,0
F1,at risk,0,8,5,2,1
F1,at risk,0,9,4,2,1
F1,at risk,0,10,3,2,0
F1,at risk,0,11,2,1,0
F1,at risk,0,12,1,0,1
F1,at risk,0,13,0,0,0
F1,at risk,0,14,1,0,0
F1,at risk,0,15,2,1,0
F1,at risk,0,16,3,2,0
F1,at risk,0,17,4,2,0
F1,at risk,0,18,5,2,1
F1,at risk,0,19,6,3,0
F1,at risk,0,20,7,3,0
F1,at risk,1,1,12,3,0
F1,at risk,1,3,10,3,0
F1,at risk,1,4,9,3,0
F1,at risk,1,5,8,3,0
F1,at risk,1,6,7,3,0
F1,at risk,1,7,6,3,0
F1,at risk,1,8,5,2,0
F1,at risk,1,9,4,2,1
F1,at risk,1,10,3,2,0
F1,at risk,1,11,2,1,0
F1,at risk,1,12,1,0,1
F1,at risk,1,14,1,0,0
F1,at risk,1,15,2,1,0
F1,at risk,1,16,3,2,0
F1,at risk,1,17,4,2,0
F1,at risk,1,18,5,2,0
F1,at risk,1,19,6,3,0
F1,at risk,1,20,7,3,0
F1,at risk,2,2,11,3,0
F1,at risk,2,3,10,3,0
F1,at risk,2,4,9,3,0
F1,at risk,2,5,8,3,0
F1,at risk,2,6,7,3,0
F1,at risk,2,7,6,3,0
F1,at risk,2,8,5,2,1
F1,at risk,2,9,4,2,0
F1,at risk,2,10,3,2,0
F1,at risk,2,11,2,1,1
F1,at risk,2,12,1,0,0
F1,at risk,2,13,0,0,0
F1,at risk,2,14,1,0,0
F1,at risk,2,15,2,1,0
F1,at risk,2,16,3,2,0
F1,at risk,2,17,4,2,0
F1,at risk,2,18,5,2,0
F1,at risk,2,19,6,3,0
F1,at risk,2,20,7,3,0
F1,at risk,2,21,8,3,0
F1,at risk,4,3,10,3,0
F1,at risk,4,4,9,3,0
F1,at risk,4,5,8,3,0
F1,at risk,4,6,7,3,1
F1,at risk,4,7,6,3,0
F1,at risk,4,8,5,2,0
F1,at risk,4,9,4,2,0
F1,at risk,4,10,3,2,1
F1,at risk,4,11,2,1,1
F1,at risk,4,12,1,0,1
F1,at risk,4,13,0,0,0
F1,at risk,4,14,1,0,0
F1,at risk,4,15,2,1,0
F1,at risk,4,16,3,2,0
F1,at risk,4,17,4,2,0
F1,at risk,4,18,5,2,0
F1,at risk,4,19,6,3,0
F1,at risk,4,20,7,3,0
F1,at risk,5,3,10,3,0
F1,at risk,5,4,9,3,0
F1,at risk,5,5,8,3,0
F1,at risk,5,6,7,3,1
F1,at risk,5,7,6,3,0
F1,at risk,5,8,5,2,0
F1,at risk,5,9,4,2,0
F1,at risk,5,10,3,2,0
F1,at risk,5,11,2,1,0
F1,at risk,5,12,1,0,0
F1,at risk,5,13,0,0,1
F1,at risk,5,14,1,0,0
F1,at risk,5,15,2,1,1
F1,at risk,5,16,3,2,1
F1,at risk,5,17,4,2,0
F1,at risk,5,18,5,2,0
F1,at risk,5,19,6,3,0
F1,at risk,5,20,7,3,0
F1,at risk,6,3,10,3,0
F1,at risk,6,4,9,3,0
F1,at risk,6,5,8,3,0
F1,at risk,6,6,7,3,0
F1,at risk,6,7,6,3,0
F1,at risk,6,8,5,2,0
F1,at risk,6,9,4,2,0
F1,at risk,6,10,3,2,0
F1,at risk,6,11,2,1,1
F1,at risk,6,12,1,0,0
F1,at risk,6,13,0,0,0
F1,at risk,6,14,1,0,0
F1,at risk,6,15,2,1,1
F1,at risk,6,16,3,2,0
F1,at risk,6,17,4,2,0
F1,at risk,6,18,5,2,0
F1,at risk,6,19,6,3,0
F1,at risk,6,20,7,3,0
F1,at risk,6,21,8,3,0
F3,source,0,3,0,,
F3,source,1,3,0,,
F3,source,2,2,0,,
F3,source,2,4,0,,
F3,source,4,5,0,,
F3,source,5,6,0,,
F3,source,9,4,0,,
F3,source,10,4,0,,
F3,source,11,3,0,,
F3,at risk,0,4,0,0,0
F3,at risk,0,5,0,0,0
F3,at risk,0,6,0,0,0
F3,at risk,0,7,1,0,0
F3,at risk,0,8,2,1,0
F3,at risk,0,9,3,2,0
F3,at risk,0,10,4,2,0
F3,at risk,0,12,6,3,0
F3,at risk,0,13,7,3,0
F3,at risk,0,14,8,3,0
F3,at risk,1,0,2,1,0
F3,at risk,1,4,0,0,0
F3,at risk,1,5,0,0,0
F3,at risk,1,6,0,0,0
F3,at risk,1,7,1,0,0
F3,at risk,1,8,2,1,0
F3,at risk,1,9,3,2,0
F3,at risk,1,10,4,2,0
F3,at risk,1,11,5,2,0
F3,at risk,1,12,6,3,0
F3,at risk,1,14,8,3,0
F3,at risk,2,0,2,1,0
F3,at risk,2,5,0,0,0
F3,at risk,2,6,0,0,1
F3,at risk,2,7,1,0,0
F3,at risk,2,8,2,1,0
F3,at risk,2,9,3,2,0
F3,at risk,2,10,4,2,0
F3,at risk,2,11,5,2,0
F3,at risk,2,12,6,3,0
F3,at risk,2,13,7,3,0
F3,at risk,2,14,8,3,0
F3,at risk,4,0,2,1,0
F3,at risk,4,1,1,0,0
F3,at risk,4,2,0,0,0
F3,at risk,4,4,0,0,0
F3,at risk,4,7,1,0,0
F3,at risk,4,8,2,1,0
F3,at risk,4,9,3,2,0
F3,at risk,4,10,4,2,0
F3,at risk,5,0,2,1,0
F3,at risk,5,1,1,0,0
F3,at risk,5,2,0,0,0
F3,at risk,5,3,0,0,0
F3,at risk,5,4,0,0,0
F3,at risk,5,5,0,0,0
F3,at risk,5,7,1,0,0
F3,at risk,5,8,2,1,0
F3,at risk,5,9,3,2,0
F3,at risk,5,10,4,2,0
F3,at risk,6,0,2,1,0
F3,at risk,6,1,1,0,1
F3,at risk,6,2,0,0,0
F3,at risk,6,3,0,0,0
F3,at risk,6,4,0,0,0
F3,at risk,6,5,0,0,0
F3,at risk,6,6,0,0,0
F3,at risk,6,7,1,0,0
F3,at risk,6,8,2,1,0
F3,at risk,6,9,3,2,0
F3,at risk,6,10,4,2,0
F3,at risk,7,0,2,1,0
F3,at risk,7,1,1,0,0
F3,at risk,7,2,0,0,0
F3,at risk,7,3,0,0,1
F3,at risk,7,4,0,0,0
F3,at risk,7,5,0,0,0
F3,at risk,7,6,0,0,0
F3,at risk,7,7,1,0,0
F3,at risk,7,8,2,1,0
F3,at risk,7,9,3,2,0
F3,at risk,7,10,4,2,0
F3,at risk,9,0,2,1,0
F3,at risk,9,1,1,0,0
F3,at risk,9,2,0,0,0
F3,at risk,9,3,0,0,0
F3,at risk,9,5,0,0,0
F3,at risk,9,7,1,0,0
F3,at risk,9,8,2,1,0
F3,at risk,9,10,4,2,0
F3,at risk,9,11,5,2,0
F3,at risk,9,12,6,3,0
F3,at risk,9,13,7,3,0
F3,at risk,9,14,8,3,0
F3,at risk,10,0,2,1,0
F3,at risk,10,1,1,0,0
F3,at risk,10,2,0,0,0
F3,at risk,10,3,0,0,0
F3,at risk,10,6,0,0,0
F3,at risk,10,7,1,0,0
F3,at risk,10,8,2,1,0
F3,at risk,10,9,3,2,0
F3,at risk,10,10,4,2,0
F3,at risk,10,11,5,2,0
F3,at risk,10,12,6,3,0
F3,at risk,10,14,8,3,0
F3,at risk,11,4,0,0,0
F3,at risk,11,5,0,0,0
F3,at risk,11,6,0,0,0
F3,at risk,11,7,1,0,0
F3,at risk,11,8,2,1,0
F3,at risk,11,9,3,2,0
F3,at risk,11,10,4,2,0
F3,at risk,11,11,5,2,0
F3,at risk,11,12,6,3,0
F3,at risk,11,13,7,3,0
F3,at risk,11,14,8,3,0
F4,source,0,4,0,,
F4,source,5,7,0,,
F4,source,6,7,0,,
F4,source,5,18,0,,
F4,source,8,34,0,,
F4,source,4,37,0,,
F4,at risk,3,0,4,2,1
F4,at risk,4,0,4,2,0
F4,at risk,0,1,3,2,0
F4,at risk,1,1,3,2,0
F4,at risk,5,1,3,2,0
F4,at risk,8,1,3,2,0
F4,at risk,9,1,3,2,0
F4,at risk,0,2,2,1,0
F4,at risk,1,2,2,1,0
F4,at risk,3,2,2,1,0
F4,at risk,4,2,2,1,0
F4,at risk,8,2,2,1,0
F4,at risk,9,2,2,1,0
F4,at risk,0,3,1,0,0
F4,at risk,1,3,1,0,0
F4,at risk,3,3,1,0,0
F4,at risk,4,3,1,0,0
F4,at risk,5,3,1,0,0
F4,at risk,8,3,1,0,0
F4,at risk,9,3,1,0,0
F4,at risk,1,4,0,0,0
F4,at risk,3,4,0,0,0
F4,at risk,4,4,0,0,0
F4,at risk,5,4,0,0,0
F4,at risk,0,5,1,0,0
F4,at risk,1,5,1,0,0
F4,at risk,3,5,1,0,0
F4,at risk,4,5,1,0,0
F4,at risk,5,5,1,0,0
F4,at risk,6,5,1,0,0
F4,at risk,8,5,1,0,0
F4,at risk,9,5,1,0,0
F4,at risk,0,6,1,0,0
F4,at risk,1,6,1,0,0
F4,at risk,3,6,1,0,0
F4,at risk,4,6,1,0,0
F4,at risk,5,6,1,0,0
F4,at risk,6,6,1,0,0
F4,at risk,8,6,1,0,0
F4,at risk,9,6,1,0,0
F4,at risk,0,7,0,0,0
F4,at risk,1,7,0,0,0
F4,at risk,3,7,0,0,0
F4,at risk,4,7,0,0,0
F4,at risk,8,7,0,0,0
F4,at risk,9,7,0,0,0
F4,at risk,0,8,1,0,0
F4,at risk,1,8,1,0,0
F4,at risk,3,8,1,0,0
F4,at risk,4,8,1,0,0
F4,at risk,5,8,1,0,0
F4,at risk,6,8,1,0,0
F4,at risk,9,8,1,0,0
F4,at risk,0,9,2,1,0
F4,at risk,1,9,2,1,0
F4,at risk,3,9,2,1,0
F4,at risk,4,9,2,1,0
F4,at risk,5,9,2,1,0
F4,at risk,6,9,2,1,0
F4,at risk,8,9,2,1,0
F4,at risk,9,9,2,1,0
F4,at risk,3,13,5,2,0
F4,at risk,4,13,5,2,0
F4,at risk,5,13,5,2,0
F4,at risk,6,13,5,2,0
F4,at risk,3,15,3,2,0
F4,at risk,4,15,3,2,0
F4,at risk,5,15,3,2,0
F4,at risk,3,16,2,1,0
F4,at risk,4,16,2,1,0
F4,at risk,5,16,2,1,0
F4,at risk,6,16,2,1,0
F4,at risk,0,17,1,0,0
F4,at risk,1,17,1,0,0
F4,at risk,3,17,1,0,0
F4,at risk,4,17,1,0,0
F4,at risk,5,17,1,0,0
F4,at risk,6,17,1,0,0
F4,at risk,8,17,1,0,0
F4,at risk,9,17,1,0,0
F4,at risk,0,18,0,0,0
F4,at risk,1,18,0,0,0
F4,at risk,3,18,0,0,0
F4,at risk,6,18,0,0,0
F4,at risk,8,18,0,0,0
F4,at risk,9,18,0,0,0
F4,at risk,0,19,1,0,0
F4,at risk,1,19,1,0,0
F4,at risk,3,19,1,0,0
F4,at risk,4,19,1,0,0
F4,at risk,5,19,1,0,0
F4,at risk,6,19,1,0,0
F4,at risk,9,19,1,0,0
F4,at risk,0,20,2,1,0
F4,at risk,1,20,2,1,0
F4,at risk,3,20,2,1,0
F4,at risk,4,20,2,1,0
F4,at risk,5,20,2,1,0
F4,at risk,6,20,2,1,0
F4,at risk,9,20,2,1,0
F4,at risk,0,21,3,2,0
F4,at risk,1,21,3,2,0
F4,at risk,3,21,3,2,0
F4,at risk,4,21,3,2,0
F4,at risk,5,21,3,2,0
F4,at risk,6,21,3,2,0
F4,at risk,8,21,3,2,0
F4,at risk,9,21,3,2,0
F4,at risk,0,22,4,2,0
F4,at risk,1,22,4,2,0
F4,at risk,3,22,4,2,0
F4,at risk,4,22,4,2,0
F4,at risk,5,22,4,2,0
F4,at risk,6,22,4,2,0
F4,at risk,9,22,4,2,0
F4,at risk,0,23,5,2,0
F4,at risk,1,23,5,2,0
F4,at risk,3,23,5,2,0
F4,at risk,4,23,5,2,0
F4,at risk,5,23,5,2,0
F4,at risk,6,23,5,2,0
F4,at risk,8,23,5,2,0
F4,at risk,9,23,5,2,0
F4,at risk,0,24,6,3,0
F4,at risk,1,24,6,3,0
F4,at risk,4,24,6,3,0
F4,at risk,5,24,6,3,0
F4,at risk,6,24,6,3,0
F4,at risk,8,24,6,3,0
F4,at risk,9,24,6,3,0
F4,at risk,0,25,7,3,0
F4,at risk,1,25,7,3,0
F4,at risk,3,26,8,3,0
F4,at risk,4,26,8,3,0
F4,at risk,6,26,8,3,0
F4,at risk,0,27,7,3,0
F4,at risk,1,27,7,3,0
F4,at risk,3,27,7,3,0
F4,at risk,4,27,7,3,0
F4,at risk,5,27,7,3,0
F4,at risk,6,27,7,3,0
F4,at risk,8,27,7,3,0
F4,at risk,9,27,7,3,0
F4,at risk,3,33,1,0,0
F4,at risk,0,34,0,0,0
F4,at risk,1,34,0,0,1
F4,at risk,4,34,0,0,0
F4,at risk,5,34,0,0,0
F4,at risk,9,34,0,0,0
F4,at risk,0,35,1,0,0
F4,at risk,1,35,1,0,1
F4,at risk,3,35,1,0,0
F4,at risk,4,35,1,0,0
F4,at risk,5,35,1,0,0
F4,at risk,6,35,1,0,0
F4,at risk,8,35,1,0,0
F4,at risk,3,36,1,0,0
F4,at risk,4,36,1,0,0
F4,at risk,5,36,1,0,0
F4,at risk,6,36,1,0,0
F4,at risk,8,36,1,0,0
F4,at risk,9,36,1,0,0
F4,at risk,0,37,0,0,0
F4,at risk,1,37,0,0,0
F4,at risk,3,37,0,0,1
F4,at risk,6,37,0,0,0
F4,at risk,8,37,0,0,0
F4,at risk,9,37,0,0,1
F4,at risk,0,38,1,0,0
F4,at risk,1,38,1,0,0
F4,at risk,4,38,1,0,0
F4,at risk,5,38,1,0,0
F4,at risk,6,38,1,0,0
F4,at risk,8,38,1,0,0
F4,at risk,9,38,1,0,0
F4,at risk,0,39,2,1,1
F4,at risk,1,39,2,1,0
F4,at risk,3,39,2,1,0
F4,at risk,4,39,2,1,0
F4,at risk,5,39,2,1,0
F4,at risk,6,39,2,1,0
F4,at risk,8,39,2,1,0
F4,at risk,9,39,2,1,0
F4,at risk,0,40,3,2,0
F4,at risk,1,40,3,2,1
F4,at risk,3,40,3,2,0
F4,at risk,4,40,3,2,0
F4,at risk,5,40,3,2,0
F4,at risk,6,40,3,2,0
F4,at risk,8,40,3,2,0
F4,at risk,9,40,3,2,0
F4,at risk,0,41,4,2,0
F4,at risk,1,41,4,2,0
F4,at risk,5,41,4,2,0
F4,at risk,0,42,5,2,0
F4,at risk,1,42,5,2,0
F4,at risk,3,42,5,2,1
F4,at risk,4,42,5,2,0
F4,at risk,5,42,5,2,0
F4,at risk,6,42,5,2,0
F4,at risk,8,42,5,2,0
F4,at risk,0,43,6,3,0
F4,at risk,1,43,6,3,0
F4,at risk,3,43,6,3,0
F4,at risk,4,43,6,3,0
F4,at risk,5,43,6,3,0
F4,at risk,6,43,6,3,0
F4,at risk,8,43,6,3,0
F4,at risk,9,43,6,3,0
F4,at risk,0,45,8,3,0
F4,at risk,1,45,8,3,0
F4,at risk,5,45,8,3,0
F4,at risk,3,46,9,3,0
F4,at risk,4,46,9,3,0
F4,at risk,5,46,9,3,0
F4,at risk,6,46,9,3,1
F5,source,2,21,0,,
F5,at risk,0,0,21,3,0
F5,at risk,0,1,20,3,0
F5,at risk,1,1,20,3,0
F5,at risk,0,2,19,3,0
F5,at risk,4,2,19,3,0
F5,at risk,5,2,19,3,0
F5,at risk,6,2,19,3,0
F5,at risk,0,3,18,3,0
F5,at risk,1,3,18,3,0
F5,at risk,2,3,18,3,0
F5,at risk,4,3,18,3,0
F5,at risk,6,3,18,3,0
F5,at risk,0,4,17,3,0
F5,at risk,1,4,17,3,0
F5,at risk,2,4,17,3,0
F5,at risk,4,4,17,3,0
F5,at risk,6,4,17,3,0
F5,at risk,0,5,16,3,1
F5,at risk,2,5,16,3,0
F5,at risk,4,5,16,3,0
F5,at risk,5,5,16,3,0
F5,at risk,6,5,16,3,0
F5,at risk,0,6,15,3,0
F5,at risk,1,6,15,3,0
F5,at risk,2,6,15,3,0
F5,at risk,4,6,15,3,0
F5,at risk,5,6,15,3,0
F5,at risk,6,6,15,3,0
F5,at risk,0,7,14,3,0
F5,at risk,1,7,14,3,0
F5,at risk,2,7,14,3,0
F5,at risk,4,7,14,3,0
F5,at risk,5,7,14,3,0
F5,at risk,6,7,14,3,0
F5,at risk,0,8,13,3,0
F5,at risk,1,8,13,3,0
F5,at risk,2,8,13,3,0
F5,at risk,5,8,13,3,0
F5,at risk,6,8,13,3,0
F5,at risk,0,9,12,3,0
F5,at risk,1,9,12,3,0
F5,at risk,4,9,12,3,0
F5,at risk,5,9,12,3,0
F5,at risk,6,9,12,3,0
F5,at risk,4,10,11,3,0
F5,at risk,5,10,11,3,0
F5,at risk,6,10,11,3,0
F5,at risk,0,11,10,3,0
F5,at risk,1,11,10,3,0
F5,at risk,2,11,10,3,0
F5,at risk,4,11,10,3,0
F5,at risk,5,11,10,3,0
F5,at risk,6,11,10,3,0
F5,at risk,0,12,9,3,0
F5,at risk,1,12,9,3,1
F5,at risk,2,12,9,3,0
F5,at risk,4,12,9,3,1
F5,at risk,5,12,9,3,1
F5,at risk,6,12,9,3,1
F5,at risk,0,13,8,3,0
F5,at risk,2,13,8,3,0
F5,at risk,4,13,8,3,0
F5,at risk,5,13,8,3,0
F5,at risk,0,14,7,3,0
F5,at risk,1,14,7,3,0
F5,at risk,4,14,7,3,0
F5,at risk,5,14,7,3,0
F5,at risk,6,14,7,3,0
F5,at risk,0,15,6,3,0
F5,at risk,1,15,6,3,0
F5,at risk,2,15,6,3,0
F5,at risk,4,15,6,3,0
F5,at risk,6,15,6,3,0
F5,at risk,0,16,5,2,0
F5,at risk,1,16,5,2,0
F5,at risk,2,16,5,2,0
F5,at risk,4,16,5,2,0
F5,at risk,5,16,5,2,0
F5,at risk,6,16,5,2,0
F5,at risk,0,17,4,2,0
F5,at risk,1,17,4,2,0
F5,at risk,2,17,4,2,0
F5,at risk,4,17,4,2,0
F5,at risk,5,17,4,2,0
F5,at risk,6,17,4,2,0
F5,at risk,0,18,3,2,0
F5,at risk,1,18,3,2,0
F5,at risk,2,18,3,2,0
F5,at risk,4,18,3,2,0
F5,at risk,6,18,3,2,0
F5,at risk,0,19,2,1,0
F5,at risk,1,19,2,1,0
F5,at risk,2,19,2,1,1
F5,at risk,4,19,2,1,1
F5,at risk,5,19,2,1,0
F5,at risk,6,19,2,1,0
F5,at risk,0,20,1,0,1
F5,at risk,2,20,1,0,1
F5,at risk,4,20,1,0,0
F5,at risk,6,20,1,0,0
F5,at risk,0,21,0,0,0
F5,at risk,4,21,0,0,0
F5,at risk,5,21,0,0,0
F5,at risk,6,21,0,0,0
F5,at risk,0,22,1,0,0
F5,at risk,1,22,1,0,0
F5,at risk,5,22,1,0,0
F5,at risk,6,22,1,0,1
F5,at risk,0,23,2,1,0
F5,at risk,1,23,2,1,0
F5,at risk,4,23,2,1,1
F5,at risk,5,23,2,1,1
F5,at risk,6,23,2,1,0
F5,at risk,0,24,3,2,0
F5,at risk,1,24,3,2,0
F5,at risk,2,24,3,2,0
F5,at risk,4,24,3,2,1
F5,at risk,5,24,3,2,0
F5,at risk,6,24,3,2,0
F5,at risk,0,25,4,2,0
F5,at risk,1,25,4,2,0
F5,at risk,4,25,4,2,0
F5,at risk,6,25,4,2,0
F5,at risk,0,26,5,2,0
F5,at risk,1,26,5,2,0
F5,at risk,6,26,5,2,0
F5,at risk,0,27,6,3,1
F5,at risk,1,27,6,3,0
F5,at risk,2,27,6,3,0
F5,at risk,4,27,6,3,0
F5,at risk,6,27,6,3,0
F5,at risk,0,28,7,3,0
F5,at risk,2,28,7,3,0
F5,at risk,5,28,7,3,0
F5,at risk,6,28,7,3,0
F5,at risk,0,29,8,3,0
F5,at risk,1,29,8,3,0
F5,at risk,4,29,8,3,0
F5,at risk,5,29,8,3,0
F5,at risk,6,29,8,3,0
F6,source,4,6,0,,
F6,source,5,6,0,,
F6,source,6,6,0,,
F6,source,8,3,0,,
F6,at risk,0,1,2,1,0
F6,at risk,0,2,1,0,0
F6,at risk,0,3,0,0,0
F6,at risk,0,4,1,0,1
F6,at risk,0,5,1,0,0
F6,at risk,0,6,0,0,0
F6,at risk,0,7,1,0,1
F6,at risk,0,8,2,1,1
F6,at risk,0,9,3,2,1
F6,at risk,0,11,5,2,0
F6,at risk,0,12,6,3,1
F6,at risk,0,13,7,3,0
F6,at risk,0,14,8,3,0
F6,at risk,1,0,3,2,0
F6,at risk,1,1,2,1,0
F6,at risk,1,2,1,0,0
F6,at risk,1,3,0,0,0
F6,at risk,1,4,1,0,0
F6,at risk,1,6,0,0,0
F6,at risk,1,7,1,0,0
F6,at risk,1,8,2,1,0
F6,at risk,1,9,3,2,1
F6,at risk,1,11,5,2,0
F6,at risk,1,12,6,3,0
F6,at risk,1,14,8,3,0
F6,at risk,3,1,2,1,0
F6,at risk,3,5,1,0,1
F6,at risk,3,6,0,0,0
F6,at risk,3,8,2,1,0
F6,at risk,3,9,3,2,0
F6,at risk,3,10,4,2,0
F6,at risk,3,11,5,2,0
F6,at risk,3,12,6,3,0
F6,at risk,3,13,7,3,0
F6,at risk,3,14,8,3,0
F6,at risk,3,15,9,3,0
F6,at risk,3,16,10,3,0
F6,at risk,4,3,0,0,0
F6,at risk,4,4,1,0,0
F6,at risk,4,5,1,0,0
F6,at risk,4,7,1,0,0
F6,at risk,4,8,2,1,0
F6,at risk,4,10,4,2,0
F6,at risk,4,11,5,2,0
F6,at risk,4,12,6,3,0
F6,at risk,4,13,7,3,0
F6,at risk,4,14,8,3,0
F6,at risk,4,15,9,3,0
F6,at risk,4,16,10,3,0
F6,at risk,5,4,1,0,0
F6,at risk,5,5,1,0,0
F6,at risk,5,7,1,0,0
F6,at risk,5,8,2,1,0
F6,at risk,5,9,3,2,0
F6,at risk,5,10,4,2,0
F6,at risk,5,12,6,3,0
F6,at risk,5,13,7,3,0
F6,at risk,5,14,8,3,0
F6,at risk,5,15,9,3,0
F6,at risk,5,16,10,3,0
F6,at risk,6,1,2,1,0
F6,at risk,6,2,1,0,0
F6,at risk,6,4,1,0,0
F6,at risk,6,5,1,0,0
F6,at risk,6,7,1,0,0
F6,at risk,6,8,2,1,1
F6,at risk,6,9,3,2,0
F6,at risk,6,10,4,2,0
F6,at risk,6,11,5,2,0
F6,at risk,6,13,7,3,0
F6,at risk,6,16,10,3,0
F6,at risk,8,0,3,2,0
F6,at risk,8,1,2,1,0
F6,at risk,8,2,1,0,0
F6,at risk,8,4,1,0,0
F6,at risk,8,5,1,0,0
F6,at risk,8,6,0,0,1
F6,at risk,8,7,1,0,0
F6,at risk,8,8,2,1,0
F6,at risk,8,9,3,2,0
F6,at risk,8,10,4,2,0
F6,at risk,8,11,5,2,0
F6,at risk,8,13,7,3,0
F6,at risk,8,14,8,3,0
F6,at risk,8,15,9,3,0
F6,at risk,9,0,3,2,0
F6,at risk,9,1,2,1,1
F6,at risk,9,5,1,0,0
F6,at risk,9,6,0,0,0
F6,at risk,9,7,1,0,0
F6,at risk,9,8,2,1,1
F6,at risk,9,9,3,2,0
F6,at risk,9,11,5,2,0
F6,at risk,9,12,6,3,0
F6,at risk,9,13,7,3,0
F6,at risk,9,14,8,3,0
F6,at risk,9,15,9,3,0
F6,at risk,9,16,10,3,0
F8,source,1,23,0,,
F8,source,2,23,0,,
F8,source,1,25,0,,
F8,source,0,26,0,,
F8,source,1,26,0,,
F8,source,2,26,0,,
F8,source,1,27,0,,
F8,at risk,0,1,22,3,0
F8,at risk,0,4,19,3,0
F8,at risk,0,5,18,3,0
F8,at risk,5,5,18,3,0
F8,at risk,0,6,17,3,0
F8,at risk,1,6,17,3,0
F8,at risk,2,6,17,3,0
F8,at risk,6,6,17,3,0
F8,at risk,0,7,16,3,0
F8,at risk,1,7,16,3,0
F8,at risk,2,10,13,3,0
F8,at risk,4,10,13,3,0
F8,at risk,5,10,13,3,0
F8,at risk,6,10,13,3,0
F8,at risk,0,11,12,3,0
F8,at risk,2,11,12,3,0
F8,at risk,6,11,12,3,0
F8,at risk,4,12,11,3,0
F8,at risk,0,14,9,3,0
F8,at risk,2,14,9,3,0
F8,at risk,4,14,9,3,0
F8,at risk,5,14,9,3,0
F8,at risk,6,14,9,3,0
F8,at risk,0,15,8,3,0
F8,at risk,1,15,8,3,0
F8,at risk,6,15,8,3,0
F8,at risk,0,16,7,3,0
F8,at risk,1,16,7,3,0
F8,at risk,2,16,7,3,0
F8,at risk,4,16,7,3,0
F8,at risk,6,16,7,3,0
F8,at risk,0,17,6,3,0
F8,at risk,1,17,6,3,0
F8,at risk,2,17,6,3,0
F8,at risk,0,18,5,2,0
F8,at risk,1,18,5,2,0
F8,at risk,2,18,5,2,0
F8,at risk,4,18,5,2,0
F8,at risk,5,18,5,2,0
F8,at risk,6,18,5,2,0
F8,at risk,0,19,4,2,0
F8,at risk,1,19,4,2,0
F8,at risk,2,19,4,2,0
F8,at risk,4,19,4,2,0
F8,at risk,5,19,4,2,0
F8,at risk,6,19,4,2,0
F8,at risk,0,20,3,2,0
F8,at risk,1,20,3,2,0
F8,at risk,2,20,3,2,0
F8,at risk,4,20,3,2,0
F8,at risk,6,20,3,2,0
F8,at risk,0,21,2,1,0
F8,at risk,6,21,2,1,0
F8,at risk,0,22,1,0,0
F8,at risk,4,22,1,0,0
F8,at risk,6,22,1,0,0
F8,at risk,5,23,0,0,0
F8,at risk,6,23,0,0,0
F8,at risk,5,24,1,0,0
F8,at risk,6,24,1,0,1
F8,at risk,0,25,0,0,0
F8,at risk,4,25,0,0,1
F8,at risk,5,25,0,0,0
F8,at risk,4,27,0,0,0
F8,at risk,0,28,1,0,0
F8,at risk,1,28,1,0,0
F8,at risk,2,28,1,0,0
F8,at risk,4,28,1,0,0
F8,at risk,0,29,2,1,0
F8,at risk,1,29,2,1,0
F8,at risk,6,29,2,1,0
