event,stratum,definition,n_at_risk,n_cases,in_near_zone
F1,0,0-1 rows from the nearest source,17,4,1
F1,1,2 rows,12,5,1
F1,2,3-5 rows,36,7,0
F1,3,6 or more rows,46,2,0
F2,0,within 2 rows of the index case,13,4,1
F2,1,rest of the cabin section,55,2,0
F3,0,0-1 rows from the nearest source,49,3,1
F3,1,2 rows,18,0,1
F3,2,3-5 rows,24,0,0
F3,3,6 or more rows,16,0,0
F4,0,0-1 rows from the nearest source,93,4,1
F4,1,2 rows,33,1,1
F4,2,3-5 rows,55,3,0
F4,3,6 or more rows,35,1,0
F5,0,0-1 rows from the nearest source,12,3,1
F5,1,2 rows,11,4,1
F5,2,3-5 rows,30,1,0
F5,3,6 or more rows,87,6,0
F6,0,0-1 rows from the nearest source,32,4,1
F6,1,2 rows,14,4,1
F6,2,3-5 rows,22,2,0
F6,3,6 or more rows,30,1,0
F7,0,0-1 rows from the nearest source,4,1,1
F7,1,2 rows,9,3,1
F7,2,3 or more rows,71,0,0
F8,0,0-1 rows from the nearest source,15,2,1
F8,1,2 rows,5,0,1
F8,2,3-5 rows,17,0,0
F8,3,6 or more rows,34,0,0
W1,0,within 1 m of the index bed,3,3,1
W1,1,same cubicle,8,4,1
W1,2,elsewhere in the ward,8,0,0
W2,0,same bay as the index patient,20,13,1
W2,1,adjacent bay,21,11,0
W2,2,distant bays,33,6,0
P1,0,0-4 m from the index case,9,5,1
P1,1,4-8 m,17,12,1
P1,2,8-12 m,22,1,0
P1,3,more than 12 m,30,2,0
