key,D,L,N,R0_meanfield,R0_ngm,g0,n_rep,pair_closed_form,pair_exact,pair_periodic,seconds,sim_exposure,sim_exposure_hi,sim_exposure_lo,sim_hi,sim_lo,sim_offspring,wellmixed_finiteN
D1.0_L4,1.0,4,7,3.571428571428571,3.5714285714285774,0.6775292444076366,20000,1.876368865341824,1.8821069710645495,2.01798535765509,0.7514927387237549,3.584270196119243,3.637703362149995,3.5308370300884913,1.909940122137685,1.8637598778623148,1.88685,2.2388059701492535
D1.0_L5,1.0,5,11,3.571428571428571,3.5714285714285734,0.5337678820143521,20000,2.142158988584876,2.1500899845673107,2.316775601727111,0.49715304374694824,3.588166557560109,3.642418208560488,3.5339149065597297,2.179188524443802,2.121111475556198,2.15015,2.631578947368421
D1.0_L7,1.0,7,20,3.571428571428571,3.5714285714285774,0.4116953854691087,20000,2.3329399092027847,2.343757130708838,2.534840171524425,0.8184952735900879,3.588312534749279,3.6428364884935704,3.533788581004987,2.385504818175445,2.317695181824555,2.3516,3.0063291139240502
D1.0_L10,1.0,10,39,3.571428571428571,3.5714285714285827,0.3462007133203515,20000,2.453700925701417,2.4651560052775014,2.6469924418289748,1.492687702178955,3.6061273165642853,3.6610270003598817,3.551227632768689,2.5009730501668708,2.427026949833129,2.464,3.2646048109965635
D1.0_L14,1.0,14,76,3.571428571428571,3.5714285714285814,0.3116702837541562,20000,2.537879322017352,2.5478563481203276,2.6973441004816814,2.8869056701660156,3.5643341343356143,3.618848682995253,3.5098195856759755,2.584170164234973,2.5051298357650267,2.54465,3.4090909090909087
D1.0_L20,1.0,20,153,3.571428571428571,3.571428571428591,0.2887697428954705,20000,2.5880663822280416,2.5959419059725675,2.706464874045576,5.918159008026123,3.568159995378293,3.622607050299021,3.5137129404575655,2.638965039980839,2.5583349600191614,2.59865,3.4894398530762163
D1.0_L28,1.0,28,300,3.571428571428571,3.5714285714285947,0.2744980283545486,20000,2.626287918160483,2.632190403033939,2.7111470753489444,13.170320987701416,3.5800833036368895,3.6342306367394186,3.5259359705343605,2.679612966105664,2.5967870338943357,2.6382,3.5292728989612843
D1.0_L40,1.0,40,610,3.571428571428571,3.5714285714286196,0.2642643688114364,20000,2.6511086364894245,nan,2.710097891868944,26.766634941101074,3.5615852181800363,3.615073121336078,3.5080973150239947,2.69187282820628,2.6094271717937203,2.65065,3.550606343283582
D0.51_L4,0.51,4,7,3.571428571428571,3.5714285714285734,0.8748893889226526,20000,1.6484638565751217,1.660190508263173,1.8505626233959014,0.2927999496459961,3.5939462029761446,3.6512736785702757,3.5366187273820135,1.6852529343505551,1.642247065649445,1.66375,2.2388059701492535
D0.51_L5,0.51,5,11,3.571428571428571,3.5714285714285734,0.7391390322021851,20000,1.8563253854038675,1.8713933969938203,2.0898546576824963,0.39278221130371094,3.5244487936312203,3.580529473346258,3.4683681139161826,1.8696443792109316,1.8181556207890686,1.8439,2.631578947368421
D0.51_L7,0.51,7,20,3.571428571428571,3.5714285714285707,0.6201086338403214,20000,1.98455281989138,2.002556345885699,2.225315548582933,0.45731186866760254,3.5720331515484243,3.6297066662504456,3.514359636846403,2.029507423463861,1.9699925765361386,1.99975,3.0063291139240502
D0.51_L10,0.51,10,39,3.571428571428571,3.57142857142858,0.5500032517342156,20000,2.0719686845757623,2.089040703984313,2.2781833481671416,0.8694789409637451,3.54222223071841,3.599335325663983,3.485109135772837,2.096455593751727,2.0328444062482727,2.06465,3.2646048109965635
D0.51_L14,0.51,14,76,3.571428571428571,3.5714285714285845,0.5090113001733655,20000,2.144862891365738,2.158859437220546,2.302830235031074,1.610579013824463,3.596022295494906,3.6543567503765297,3.537687840613282,2.2118760560987676,2.1439239439012328,2.1779,3.4090909090909087
D0.51_L20,0.51,20,153,3.571428571428571,3.5714285714286027,0.48032272668973364,20000,2.18837053927876,2.1990420149741836,2.300902250424097,3.327387809753418,3.6398462730512082,3.699197792522759,3.5804947535796576,2.2738728998779845,2.202727100122016,2.2383,3.4894398530762163
D0.51_L28,0.51,28,300,3.571428571428571,3.5714285714286014,0.46207221636785817,20000,2.224089325482009,2.2320089766385847,2.3042060662672466,7.158549070358276,3.5682000163846443,3.624662052530925,3.5117379802383635,2.2644643457656137,2.1946356542343866,2.22955,3.5292728989612843
D0.51_L40,0.51,40,610,3.571428571428571,3.571428571428616,0.44883907956022684,20000,2.246735422972376,nan,2.3026061341314183,14.132633924484253,3.5989615104990706,3.656396568522112,3.5415264524760293,2.2975486748274325,2.226251325172567,2.2619,3.550606343283582
D10.0_L4,10.0,4,7,3.571428571428571,3.571428571428561,0.47092469225890343,20000,2.193887506374901,2.1940083784029456,2.2140480457167646,2.63759183883667,3.5656293744766714,3.615501396503327,3.5157573524500156,2.2184047689613124,2.1684952310386874,2.19345,2.2388059701492535
D10.0_L5,10.0,5,11,3.571428571428571,3.5714285714285587,0.31250367722262323,20000,2.568209809675185,2.5683968560165087,2.595354655976722,3.9915661811828613,3.564803152400869,3.6151153337924957,3.5144909710092427,2.6011194319441513,2.536780568055849,2.56895,2.631578947368421
D10.0_L7,10.0,7,20,3.571428571428571,3.571428571428531,0.1756673141364762,20000,2.9118426868205756,2.91216655209222,2.949295797386568,7.093398809432983,3.5865796840071913,3.636959980639242,3.5361993873751407,2.979867388372827,2.899032611627173,2.93945,3.0063291139240502
D10.0_L10,10.0,10,39,3.571428571428571,3.571428571428569,0.10417690910128183,20000,3.1408912755010894,3.14134055752936,3.1856856485897413,13.757462978363037,3.5294252946158333,3.5790868284291255,3.479763760802541,3.1467918069267684,3.0556081930732315,3.1012,3.2646048109965635
D10.0_L14,10.0,14,76,3.571428571428571,3.5714285714285747,0.07139855779844755,20000,3.266667697849182,3.267170048161725,3.313400882066288,27.18365168571472,3.539807316674853,3.58941378898682,3.4902008443628865,3.2737787262125995,3.176121273787401,3.22495,3.4090909090909087
D10.0_L20,10.0,20,153,3.571428571428571,3.571428571428566,0.05447345705497018,20000,3.3325649728356006,3.3330769766530537,3.3776736514094527,65.63319182395935,3.53549908610024,3.5856726393772673,3.4853255328232127,3.3630838758147465,3.2597161241852532,3.3114,3.4894398530762163
D10.0_L28,10.0,28,300,3.571428571428571,3.5714285714285543,0.046512417480986626,20000,3.3661617434506392,3.366622533979346,3.4058541927385537,171.08029508590698,3.562270496374979,3.6120335241534822,3.512507468596476,3.413609742648608,3.308990257351392,3.3613,3.5292728989612843
D10.0_L40,10.0,40,610,3.571428571428571,3.571428571428549,0.041900945293552844,20000,3.3851046505414906,nan,3.4168263284457767,313.2420210838318,3.5864096972867157,3.636365067868174,3.5364543267052575,3.4490575814688347,3.3443424185311654,3.3967,3.550606343283582
D1.0_Linf,1.0,,,,,0.24193935516196,,2.7103541050097606,,,,,,,,,,
D0.51_Linf,0.51,,,,,0.4194772532958287,,2.30291619799643,,,,,,,,,,
D10.0_Linf,10.0,,,,,0.03350644699012507,,3.4209139516581497,,,,,,,,,,
