key,D0,R0_ngm,R1_pair_ngm,R1_pair_uniform_index,lower_bound,n_rep,seconds,sim_gen2_hi,sim_gen2_lo,sim_gen2_over_gen1,sim_offspring_perron,sim_offspring_uniform,sim_perron_hi,sim_perron_lo,sim_uniform_hi,sim_uniform_lo,upper_bound
D0_0.03,0.03,5.347553854239907,0.7095281929260842,0.5864617425397067,4.642857142857141,20000,9.95354413986206,0.36908445883900387,0.34534009132781723,0.35742218050993274,0.71865,0.5857,0.7319732316229676,0.7053267683770325,0.5971897623601515,0.5742102376398485,5.357142857142857
D0_0.1,0.1,5.326514306760558,1.0955665809621506,0.8949582235514385,4.642857142857141,20000,12.1148521900177,0.6352637549690667,0.610244866845877,0.6229782487451199,1.09555,0.8985,1.1134612458576227,1.0776387541423773,0.914368516953752,0.8826314830462479,5.357142857142857
D0_0.3,0.3,5.271113708532641,1.5683026647637468,1.4216389748951426,4.642857142857141,20000,24.221958875656128,1.001249211791737,0.9690503311317487,0.9861693975112213,1.5708,1.42935,1.5947342263394562,1.5468657736605438,1.4521212170509723,1.4065787829490275,5.357142857142857
D0_1.0,1.0,5.107294682670594,2.321234179660525,2.266131585650085,4.642857142857141,20000,46.45161509513855,1.6497596715565455,1.610465647391356,1.6306101550987786,2.33795,2.27065,2.3727209593667555,2.303179040633245,2.3051944348146707,2.236105565185329,5.357142857142857
D0_3.0,3.0,4.8125697563853524,3.110847128357652,3.0947161491794186,4.642857142857141,20000,54.22272205352783,2.428239901988171,2.380810619711934,2.4034393714631066,3.1247,3.08465,3.1705870242624488,3.078812975737551,3.1299215831735796,3.03937841682642,5.357142857142857
D0_10.0,10.0,4.676246636226564,3.8025029295503403,3.7933842946799268,4.642857142857141,20000,119.51776099205017,3.073585132623199,3.0220049818378505,3.047630067836325,3.847,3.69695,3.9037328235322666,3.7902671764677334,3.751263715926667,3.6426362840733333,5.357142857142857
D0_30.0,30.0,4.653066591445538,4.164717529651781,4.160123665781114,4.642857142857141,20000,315.18446803092957,3.413395628204126,3.3615172636309127,3.3885652812762386,4.1689,4.102,4.230783984930535,4.107016015069465,4.162370298362077,4.041629701637923,5.357142857142857
D0_100.0,100.0,4.645844524037395,4.343166439127876,4.341068081916468,4.642857142857141,6000,335.16761898994446,3.5603787488346206,3.470305527429205,3.5132895816242824,4.353833333333333,4.373166666666667,4.472675308899146,4.2349913577675204,4.490913182347536,4.255420150985798,5.357142857142857
D0_300.0,300.0,4.643846305047663,4.403016180123049,4.40217183785359,4.642857142857141,2000,218.71462893486023,3.6082735342838026,3.4405975759566725,3.524099318403116,4.373,4.242,4.570284503203881,4.175715496796119,4.441803845451304,4.042196154548696,5.357142857142857
D0_1000.0,1000.0,4.643153211553386,4.4251690464927895,4.424895931020152,4.642857142857141,2000,1173.0760037899017,3.689309721732559,3.5230576436574528,3.605313319037408,4.5015,4.53,4.708756350628003,4.294243649371997,4.739539168203717,4.320460831796283,5.357142857142857
