key,D0,D_max,D_min,N,R0_frozen,R0_ngm,R0_wellmixed,R1_pair_ngm,R1_pair_uniform_index,R_index_alone_mean,R_index_alone_se,R_index_alone_var,a_m,attack_all_mean,attack_all_sd,attack_major_hi,attack_major_lo,attack_major_mean,attack_major_q05,attack_major_q95,attack_major_sd,cells,duration_major_hi,duration_major_lo,duration_major_mean,duration_major_q05,duration_major_q95,duration_major_sd,events_per_rep,gen1_mean,gen2_over_gen1,growth_rate,index_exposure_hi,index_exposure_lo,index_exposure_mean,index_offspring_hi,index_offspring_lo,index_offspring_mean,index_offspring_var,kernel,kernel_cells,n_major,n_rep,n_unfinished,occupancy,ode_attack,ode_peak_prev,ode_peak_time,p_major,p_major_branching,p_major_hi,p_major_homog,p_major_lo,peak_prev_major_hi,peak_prev_major_lo,peak_prev_major_mean,peak_prev_major_q05,peak_prev_major_q95,peak_prev_major_sd,peak_time_major_hi,peak_time_major_lo,peak_time_major_mean,peak_time_major_q05,peak_time_major_q95,peak_time_major_sd,q_max,q_mean,scene,sim_seconds,theory_seconds,percell_rule_attack_all,percell_rule_index_offspring,percell_rule_p_major,threshold_frac,wellmixed_attack_at_R0
office|D0=1|range1m,1.0,1.5,0.3,100,5.357142857142857,5.107294682670594,4.642857142857141,2.321234179660518,2.2661316131497764,2.2615,0.05689180269253914,6.473354427213607,1.5,0.23244,0.2611759039927175,0.456496500442636,0.42886640278317045,0.44268145161290323,0.12,0.78,0.2219995985003544,234,62.89286051748251,59.67222721450705,61.28254386599478,24.21983917754729,108.66334396087466,25.876828558095305,5919.4935,1.917,1.292905581637976,0.6021766720204565,5.150072007815408,4.62816311430412,4.889117561059764,2.0004776513082034,1.8335223486917969,1.917,3.627924962481241,range1m,1.0,992,2000,0,0.42735042735042733,0.9892810141873779,0.4513520880491297,11.5,0.496,0.7814099064363258,0.5178994200004204,0.8042016249046546,0.47411591694038363,0.130018388394246,0.12306628902510885,0.12654233870967743,0.05,0.23,0.05585804609540655,24.189447266558293,22.21579466892558,23.202620967741936,5.275000000000002,56.224999999999966,15.85771030033046,1.5,1.2999999999999996,office,2.640184164047241,47.62638807296753,0.02571,0.702,0.0445,0.1,0.9937512928579932
supermarket|D0=1|range1m,1.0,2.0,0.1,150,7.142857142857142,4.393541713512194,3.2631038026721466,2.2043296358438544,1.989575485992413,1.9705,0.0504042177558961,5.081170335167584,2.0,0.19351333333333334,0.2369106438064711,0.4329073842992912,0.4073066829789963,0.42010703363914376,0.1236666666666667,0.7333333333333333,0.1928519516387949,278,78.2498025270563,74.15080612604548,76.20030432655089,34.05124333331291,130.9767776160551,30.878039074213348,20504.957,1.797,1.3772954924874792,0.6936361116647658,3.572386262902062,3.1508739611980885,3.3616301120500753,1.8811161216043444,1.7128838783956555,1.797,3.6836328164082044,range1m,1.0,872,2000,0,0.539568345323741,0.9361092137734434,0.2885009588076047,17.0,0.436,0.6666617084261098,0.45783540932799943,0.772393193189783,0.41440998172486626,0.10377348857490204,0.09864241356577075,0.1012079510703364,0.04666666666666667,0.16666666666666666,0.03865276256051483,32.791764093042254,30.187593705122882,31.48967889908257,8.275000000000002,69.72499999999997,19.61740561037189,2.0,0.9136690647482012,supermarket,3.6119730472564697,37.17073106765747,0.016136666666666664,0.6235,0.016,0.1,0.9869117158848675
classroom|D0=1|range1m,1.0,0.8,0.05,80,7.142857142857142,5.866066131185158,4.705598455598455,2.8335857076182016,2.5805355971471515,2.6155,0.057445451211845015,6.599959729864932,1.0,0.251825,0.2403186341047006,0.4035348753064496,0.38038206280429954,0.39195846905537457,0.1125,0.775,0.2069745138272329,148,49.35300989290962,46.94111288101215,48.147061386960885,18.663835683263446,88.2872177243443,21.561147760881155,1525.4925,2.008,1.3212151394422311,0.7550588472422115,5.082261411900094,4.583342080181866,4.83280174604098,2.081497937673251,1.9345020623267488,2.008,2.8123421710855423,range1m,4.621621621621622,1228,2000,0,0.5405405405405406,0.9842587541258356,0.42621796253878974,11.0,0.614,0.7669255053595013,0.6350983973552483,0.8295280043496605,0.5924644998318348,0.14474788308680311,0.1378864817340438,0.14131718241042346,0.0625,0.25,0.06133748152752506,17.0220645371336,15.59275630977194,16.30741042345277,3.5,39.32499999999993,12.77729759354166,2.0,1.3175675675675675,classroom,0.3459928035736084,2.4861602783203125,0.02950625,0.708,0.048,0.1,0.9971176755959705
classroom|D0=1|samecell,1.0,0.8,0.05,80,7.142857142857142,6.1819730241006905,4.705598455598455,2.265000459037222,1.55851855741427,1.5295,0.03929805394064394,3.088674087043522,1.0,0.0764,0.08854160636688842,0.2043339290368941,0.19040291306836907,0.19736842105263158,0.1,0.3625,0.08342044888314872,148,43.91575912296157,40.947814483860164,42.431786803410866,19.43283749520421,77.26850711793573,17.7723774499691,859.1695,1.3495,0.899221934049648,0.8313094517336159,5.214418743200955,4.581164359910872,4.897791551555914,1.410422839690858,1.2885771603091418,1.3495,1.9323159079539773,samecell,1.0,551,2000,0,0.5405405405405406,0.9798729535747913,0.3995257927414407,11.0,0.2755,0.7660955671185822,0.29549672704525953,0.8382393459011457,0.2563640587573708,0.08787555384852276,0.08258724106980754,0.08523139745916515,0.05,0.15,0.03166699591986919,16.17063004921366,14.317573217573997,15.244101633393829,2.75,36.5,11.096307193288842,2.0,1.3175675675675675,classroom,0.2398831844329834,2.867065191268921,0.02950625,0.708,0.048,0.1,0.9979067398464979
metro|D0=1|range1m,1.0,0.10887096774193548,0.00435483870967742,310,9.999999999999998,9.241328906132665,9.055555555555555,5.720109655749764,5.583543096652631,5.586,0.10297380153175345,21.207207603801905,0.5,0.8237612903225806,0.3384067106902612,0.9439400975215417,0.9291194642972407,0.9365297809093912,0.5156451612903226,1.0,0.15852221353146628,270,74.16333119970966,72.73999093783573,73.4516610687727,49.752864903527,98.89605269568389,15.224116642381386,2012.524,3.0975,1.8403551251008878,1.1563127316731785,9.518541183276373,8.676696829523948,9.09761900640016,3.1821990044550574,3.012800995544943,3.0975,3.7348611805902956,range1m,11.125925925925927,1758,2000,0,1.1481481481481481,0.9998003380157565,0.6412186472493121,7.0,0.879,0.8878834376325367,0.8925713367672491,0.8917904545810087,0.8639754880915621,0.25123882619487586,0.24612988458350132,0.2486843553891886,0.16774193548387098,0.34564516129032213,0.0546454878668855,22.477791170501263,21.389671855664837,21.93373151308305,8.5,46.5,11.638577094761548,2.8,2.535555555555556,metro,2.898303985595703,6.818985939025879,0.009641935483870968,1.0115,0.0,0.1,0.9999029643545226
metro|D0=1|samecell,1.0,0.10887096774193548,0.00435483870967742,310,9.999999999999998,9.836141564254097,9.055555555555555,2.243696674016829,1.5137677042882498,1.562,0.03752708543266497,2.8165642821410706,0.5,0.011158064516129032,0.01082975555505736,,,,,,,270,,,,,,,305.823,1.141,0.6082383873794917,1.2573491301380069,9.407284862545055,8.22855608004771,8.817920471296382,1.190502260676721,1.091497739323279,1.141,1.2757568784392197,samecell,1.0,0,2000,0,1.1481481481481481,0.9997597761123325,0.6144137811316112,7.0,0.0,0.8876760086934181,0.0019171176005129348,0.8983341187733472,0.0,,,,,,,,,,,,,2.8,2.535555555555556,metro,0.08752989768981934,5.7376158237457275,0.009641935483870968,1.0115,0.0,0.1,0.9999464885665859
office|D0=10|range1m,10.0,15.0,3.0,100,5.357142857142857,4.676246636226564,4.642857142857141,,3.79338429642025,3.8975,0.09058476513651408,16.411199349674835,1.5,0.7377400000000001,0.406370349349476,0.9656607966536684,0.9606605148217414,0.9631606557377049,0.91,1.0,0.04981307341486061,234,55.31778947617392,54.1382428640925,54.72801617013321,39.535710375863886,75.61981726940168,11.750706051946084,73506.0495,2.945,2.0640067911714772,0.5492648577723923,4.931408240451861,4.499673299323489,4.715540769887675,3.0558411893865824,2.8341588106134172,2.945,6.39617308654327,range1m,1.0,1525,2000,0,0.42735042735042733,0.9900783509746433,0.4565894303020105,11.5,0.7625,0.7834312030336213,0.7806362649215954,0.7861532810837931,0.7433572483381352,0.3936533448484286,0.38647780269255483,0.3900655737704917,0.28,0.51,0.07148313239460197,16.75566203184889,16.259419935364225,16.507540983606557,10.0,25.5,4.943590144439547,1.5,1.2999999999999996,office,14.763407945632935,1.962796926498413,0.0365,0.7845,0.093,0.1,0.9902516878760209
supermarket|D0=10|range1m,10.0,20.0,1.0,150,7.142857142857142,3.3912373310776904,3.2631038026721466,,2.860831410378642,2.86,0.07343293673889835,10.784792396198096,2.0,0.6004966666666667,0.4366552142127249,0.9235608087968015,0.9187745821497009,0.9211676954732512,0.8533333333333334,0.9733333333333334,0.043955142677453665,278,68.67445169329591,67.1923353862885,67.9333935397922,49.55362746802387,91.68603897108846,13.611272207210906,246505.509,2.4855,2.003822168577751,0.3887581954076594,3.485396343288575,3.1712853322786527,3.328340837783614,2.5954867296183775,2.3755132703816226,2.4855,6.29793871935968,range1m,1.0,1296,2000,0,0.539568345323741,0.9541081400712842,0.3335011467159395,17.5,0.648,0.6848197217706811,0.6686295963360248,0.7051223779486371,0.6268029368542235,0.3094277604874341,0.3033500172903438,0.30638888888888893,0.22,0.4,0.05581600895286993,22.956761618268136,22.252343320003472,22.604552469135804,14.0,35.0,6.469147637124448,2.0,0.9136690647482012,supermarket,49.849433183670044,2.040541887283325,0.02090333333333333,0.6805,0.047,0.1,0.9616580498657219
classroom|D0=10|range1m,10.0,8.0,0.5,80,7.142857142857142,4.931040904624816,4.705598455598455,,3.72302915663951,3.7205,0.08736994121729827,15.267013256628314,1.0,0.7092937500000001,0.4052274009234409,0.9437587723886083,0.9356245609447249,0.9396916666666666,0.85,1.0,0.08036649351196365,148,56.05451761021564,54.687149847630195,55.37083372892292,37.2867047755395,79.18685173273734,13.509674930189538,19739.315,2.7125,1.872442396313364,0.6419187236747251,4.901079926385617,4.470444833117333,4.685762379751475,2.8118761988075853,2.6131238011924145,2.7125,5.141414457228614,range1m,4.621621621621622,1500,2000,0,0.5405405405405406,0.9884175241475213,0.4499792423116638,10.5,0.75,0.7772368410706942,0.7684861960444674,0.7972030613126528,0.730555245155276,0.35420591422018866,0.34606075244647805,0.35013333333333335,0.2125,0.475,0.08047468342282284,17.68055261695845,16.962114049708212,17.32133333333333,8.5,30.0,7.0982158322278055,2.0,1.3175675675675675,classroom,4.8428192138671875,0.6005439758300781,0.06112499999999999,0.937,0.1725,0.1,0.9925093850024463
classroom|D0=10|samecell,10.0,8.0,0.5,80,7.142857142857142,4.9604820228092334,4.705598455598455,,3.1998949761810356,3.147,0.07376595561710056,10.882832416208103,1.0,0.62515,0.4137287767975237,0.8970765534897507,0.8842184105390263,0.8906474820143885,0.7125,0.9875,0.12229243229462301,148,61.11333090386022,59.51012624791576,60.31172857588799,39.5103195109872,87.03222482097188,15.24790925041535,20059.467,2.4915,1.7890828817981135,0.6765900708571074,4.9623155230405205,4.50866446268081,4.735489992860665,2.5898174368125546,2.393182563187445,2.4915,5.032443971985993,samecell,1.0,1390,2000,0,0.5405405405405406,0.9878827069636188,0.445380021576456,10.5,0.695,0.7773621196721026,0.7147885220033888,0.7984066880190652,0.6744638021324111,0.3006365525870059,0.2924210013698287,0.2965287769784173,0.175,0.425,0.07813723527883527,21.216292509052803,20.27363554850115,20.744964028776977,9.5,37.27499999999998,8.965510258137567,2.0,1.3175675675675675,classroom,3.989387035369873,0.9727628231048584,0.06112499999999999,0.937,0.1725,0.1,0.9927331694134073
metro|D0=10|range1m,10.0,1.0887096774193548,0.043548387096774194,310,9.999999999999998,9.164271879329005,9.055555555555555,,6.322078142656323,6.441,0.13022380204597642,33.91647723861931,0.5,0.8652516129032258,0.32721440740212077,0.9876966287439555,0.9810918119632617,0.9843942203536086,0.9806451612903225,1.0,0.07062534598763379,270,70.81476655275614,69.62781993196697,70.22129324236155,52.63420607401339,93.83786836188482,12.692027431725462,14903.616,3.3595,1.9300491144515552,1.153596567760655,9.514371943397045,8.671327424616731,9.092849684006888,3.455486565925754,3.2635134340742464,3.3595,4.796658079039519,range1m,11.125925925925927,1757,2000,0,1.1481481481481481,0.9998358743664536,0.6427724600751186,7.0,0.8785,0.8880532576154498,0.8920976163127441,0.8908805835130659,0.8634511256636677,0.2779480583763327,0.272759709629983,0.27535388400315786,0.19612903225806455,0.3741935483870968,0.055479044685468604,21.462795385586826,20.512161928015903,20.987478656801365,9.0,41.09999999999991,10.165129340849598,2.8,2.535555555555556,metro,5.5161168575286865,1.0911471843719482,0.04276451612903226,1.6915,0.1645,0.1,0.9998951847544573
metro|D0=10|samecell,10.0,1.0887096774193548,0.043548387096774194,310,9.999999999999998,9.308117353117407,9.055555555555555,,2.9991909992356325,3.0455,0.06800019770886127,9.248053776888444,0.5,0.07741451612903225,0.08264121131927624,0.17768210768185466,0.16828678797553603,0.17298444782869535,0.1064516129032258,0.3,0.06336713673412603,270,72.2998616876044,68.56111656566542,70.43048912663491,37.15896663884982,116.82103777549513,25.21612683351518,8256.4115,2.1025,1.3483947681331747,1.2367298446631656,9.618744214655344,8.590223991020473,9.104484102837908,2.1853291876826404,2.0196708123173597,2.1025,3.5717796398199098,samecell,1.0,699,2000,0,1.1481481481481481,0.9998029102006126,0.6294799348954545,7.0,0.3495,0.8879036762590569,0.3706676893661273,0.8925668895155165,0.32890936303162704,0.0508376263261313,0.04848398519262821,0.049660805759379756,0.02903225806451613,0.07741935483870968,0.015874233574984242,24.610057645809544,22.176780694676868,23.393419170243206,6.0,57.05000000000001,16.411340762648535,2.8,2.535555555555556,metro,1.7440321445465088,0.7006368637084961,0.04276451612903226,1.6915,0.1645,0.1,0.9999092382423224
office|D0=100|range1m,100.0,150.0,30.0,100,5.357142857142857,4.645844524037395,4.642857142857141,,4.341068081816088,4.1085,0.10197334532405165,20.79712631315658,1.5,0.7636,0.41066709599365997,0.9885499780913338,0.987229242687887,0.9878896103896104,0.96,1.0,0.013221785676764065,234,49.76558319751252,48.77074305171724,49.26816312461488,36.36425222021295,66.60624542503429,9.959272051024199,665564.674,3.112,2.2017994858611827,0.512027833147556,4.839619175310229,4.4216607307358355,4.630639953023032,3.2260666361542314,2.997933363845769,3.112,6.77384292146073,range1m,1.0,1540,2000,0,0.42735042735042733,0.990466305638425,0.4590975038958387,11.5,0.77,0.7843301000102627,0.7879157571928388,0.7847538817052435,0.7510489993028844,0.48675238672820537,0.48028657431075567,0.4835194805194805,0.38,0.59,0.0647287759429884,12.777287165142772,12.465569977714372,12.621428571428572,8.5,18.5,3.120578000094489,1.5,1.2999999999999996,office,240.82229614257812,2.179095983505249,0.042710000000000005,0.808,0.118,0.1,0.9899391474070485
supermarket|D0=100|range1m,100.0,200.0,10.0,150,7.142857142857142,3.2751645601162136,3.2631038026721466,,3.1501160754093864,3.041,0.07708846097443964,11.885261630815407,2.0,0.6569166666666667,0.4381578302366105,0.9542484997155287,0.9516309949394763,0.9529397473275025,0.9066666666666666,0.9866666666666667,0.024733095331993697,278,62.293043281274855,61.04471632872234,61.668879804998596,46.41954602257361,82.95657420784339,11.795580969118133,2353489.069,2.6305,2.141988215168219,0.32250995438145036,3.2898897028647527,3.0113080283570772,3.150598865610915,2.743776384411901,2.517223615588099,2.6305,6.680309904952477,range1m,1.0,1372,2000,0,0.539568345323741,0.9572797327987222,0.33663350121768154,18.5,0.686,0.6921931364834983,0.7059678337484622,0.6946718304852088,0.6653189985041471,0.36418223821683826,0.3584611048346681,0.3613216715257532,0.26666666666666666,0.44666666666666666,0.05405962909518567,19.590611228004256,19.05297477782665,19.321793002915452,12.5,28.725000000000023,5.080186939048282,2.0,0.9136690647482012,supermarket,475.8625750541687,3.914921998977661,0.021716666666666662,0.7345,0.0465,0.1,0.9563831735793418
classroom|D0=100|range1m,100.0,80.0,5.0,80,7.142857142857142,4.730552679044024,4.705598455598455,,4.318989618122957,4.297,0.09851521772833895,19.41049624812406,1.0,0.7717437500000001,0.40357849330838735,0.9876138013908462,0.9848829893665347,0.9862483953786905,0.95,1.0,0.027497262910304583,148,47.49748425868502,46.5146055212639,47.00604488997446,34.17242949108475,64.4816664779254,9.896863940545627,172465.342,3.008,2.1368018617021276,0.5348217979158926,4.780090155017868,4.362938250762909,4.571514202890389,3.117234107832476,2.898765892167524,3.008,6.212042021010505,range1m,4.621621621621622,1558,2000,0,0.5405405405405406,0.991032763716381,0.465295352738881,11.0,0.779,0.7849161878461142,0.796640248428906,0.788608209685536,0.7602899999500078,0.49185734823784755,0.48479541171080454,0.48832637997432604,0.375,0.6125,0.07110849213026427,12.327202615960383,11.99628904000881,12.161745827984596,7.5,18.0,3.332055636756463,2.0,1.3175675675675675,classroom,35.12254190444946,0.6430768966674805,0.0785375,0.999,0.2085,0.1,0.990785365624139
classroom|D0=100|samecell,100.0,80.0,5.0,80,7.142857142857142,4.73253208506958,4.705598455598455,,4.225528288268455,4.3865,0.10306245586975381,21.2437396198099,1.0,0.7641812500000001,0.40756881497841435,0.9865867598116654,0.9849945752499031,0.9857906675307843,0.95,1.0,0.01595476106141601,148,47.97930248249418,46.989028480055126,47.48416548127465,34.5956067600259,65.179606449234,9.923212090914346,172474.853,3.0355,2.0976774831164553,0.5364918238481403,4.865498401261551,4.448658332510446,4.657078366885998,3.146922780569392,2.924077219430608,3.0355,6.463471485742871,samecell,1.0,1543,2000,0,0.5405405405405406,0.9910024405245539,0.46515829386209917,11.0,0.7715,0.7849708053813019,0.7893706761569865,0.7886966253953464,0.752588328985935,0.48552059081022836,0.4782998887749953,0.4819102397926118,0.3625,0.6,0.07235629488851915,12.50336284627982,12.175185436286608,12.339274141283214,8.0,18.0,3.288558555297462,2.0,1.3175675675675675,classroom,33.0308632850647,0.7374269962310791,0.0785375,0.999,0.2085,0.1,0.990804240818142
metro|D0=100|range1m,100.0,10.887096774193548,0.43548387096774194,310,9.999999999999998,9.077771863349028,9.055555555555555,,7.5366541595197445,7.585,0.1630496246240543,53.170360180090036,0.5,0.8904403225806452,0.3102491898889337,0.9990203573784344,0.9988291049871569,0.9989247311827957,0.9935483870967742,1.0,0.00205956098759241,270,61.490237514982674,60.539979262112986,61.01510838854783,46.695087699130355,79.47453091481958,10.23315218532155,126945.4115,3.7855,2.29784704794611,1.1424057970899046,9.533989555626627,8.724610264747154,9.12929991018689,3.8912528616429496,3.67974713835705,3.7855,5.822400950475236,range1m,11.125925925925927,1782,2000,0,1.1481481481481481,0.9998752198548738,0.6455281680817893,7.0,0.891,0.888712743246251,0.9039160732618401,0.8898408095011242,0.8765847407745588,0.35576223961344355,0.3499399435080943,0.35285109156076894,0.26129032258064516,0.4612903225806452,0.06269921038214214,16.774295269370395,16.198768703693577,16.486531986531986,8.5,28.5,6.197737210364347,2.8,2.535555555555556,metro,28.868213176727295,2.082336187362671,0.5221870967741935,2.4305,0.648,0.1,0.9998857057536134
metro|D0=100|samecell,100.0,10.887096774193548,0.43548387096774194,310,9.999999999999998,9.085783739052259,9.055555555555555,,6.102062284528352,6.235,0.13582750846580385,36.89822411205603,0.5,0.8467790322580645,0.34541553696386695,0.9883657573770598,0.9841923296971563,0.986279043537108,0.9741935483870968,1.0,0.04410272932420731,270,79.62991453771667,78.2222930456814,78.92610379169903,58.10509948035091,105.66917136458709,14.875051016962347,158151.3,3.4955,2.2456014876269488,1.1610573888080324,9.514806900904423,8.665636251891408,9.090221576397916,3.6054621777888745,3.385537822211125,3.4955,6.295127313656827,samecell,1.0,1716,2000,0,1.1481481481481481,0.9998721116614546,0.6440938815762653,7.0,0.858,0.8886813967306524,0.872612200790328,0.8899379482584614,0.8420151430077049,0.2426084515202441,0.23785248539230572,0.2402304684562749,0.16451612903225807,0.32903225806451614,0.05025870888468659,25.00997930934797,23.821605772237113,24.41579254079254,10.5,50.0,12.55814655555793,2.8,2.535555555555556,metro,37.83468580245972,0.9190959930419922,0.5221870967741935,2.4305,0.648,0.1,0.9998866186430028
