scene,D0,generation,n_cases,r_meanfield,r_meanfield_lo,r_meanfield_hi,r_pair,r_pair_lo,r_pair_hi,r_noise_ceiling,chi2_pair,dof,mean_cases_per_run,pred_cases_per_run_mf,pred_cases_per_run_pair
office,1.0,1,76625,0.09249660978634684,0.04379276352685614,0.12742751311701078,0.8750425600308764,0.8003927002500841,0.8452826371264031,0.9402712007935403,414.44760039291214,233,1.915625,4.642857142857144,2.2661315856500854
office,1.0,2,110758,-0.23457337252342167,-0.25407966359914563,-0.20867216547075862,0.8161336691090949,0.7915385740185042,0.816190904691857,0.9845477432296557,2514.4299785096373,233,2.76895,21.760530425593068,5.166670440919674
office,1.0,3,149727,-0.37133619860628114,-0.38196693032015455,-0.3565099716708209,0.7090151146183106,0.6962228754581891,0.7135857152342306,0.9940533141338739,9303.540592892336,233,3.743175,102.53220175741092,11.815592882675572
office,10.0,1,126594,0.765682952592099,0.7224056432610945,0.7608115795386554,0.9233260674527143,0.8838824718218385,0.9082397897743157,0.9695945048876854,531.6123874033035,233,3.16485,4.642857142857126,3.793384294679927
office,10.0,2,325512,0.5205463258849049,0.5035027342508753,0.5292801820411303,0.8456003465172011,0.8295440595212423,0.8464803531599916,0.9908210629300751,3456.9193805657997,233,8.1378,21.62728317657009,14.410711586817627
office,10.0,3,746897,0.4088584158392257,0.3988075247966396,0.41541582385171544,0.8148130637383629,0.8060638872235438,0.8175591169646965,0.9962911800630533,10124.830197658557,233,18.672425,100.88640494382334,54.77164943016903
supermarket,1.0,1,71219,0.36828774641315004,0.31922852832186127,0.3835004620771667,0.9131372906033065,0.8525138028816946,0.8882686231503977,0.9538525598394966,494.05592960591076,277,1.780475,3.2631038026721475,1.9895754604137963
supermarket,1.0,2,103901,0.15073509859904424,0.12589937285395772,0.1698929639273339,0.8494934504326839,0.8210652241583812,0.8473606512055674,0.9826911501598576,2519.023510881937,277,2.597525,11.613563622096557,4.020496266935382
supermarket,1.0,3,145297,0.22093507695217188,0.20247849504919418,0.23470407762324896,0.8478526312621979,0.8308296942436447,0.8493481515147766,0.9906520958417849,5090.407942067301,277,3.632425,43.79518670002412,8.218962906655314
supermarket,10.0,1,106018,0.9717285105676875,0.9582623610857335,0.9674365851159085,0.9889260885393714,0.9771161974376957,0.9829650283313551,0.9909018794837294,360.2633406230649,277,2.65045,3.263103802672111,2.8608314113356963
supermarket,10.0,2,251525,0.9681705515180856,0.9622671392499713,0.9681764382926094,0.9909993086010823,0.9862797965568461,0.9894657375324801,0.9969372866247164,981.2139271017053,277,6.288125,10.90024224477795,8.317859745058788
supermarket,10.0,3,557393,0.9755893003276258,0.9727758659528183,0.975888659529147,0.9923773624959681,0.9902606779821354,0.992023296621604,0.9987695560739818,2029.9639284099246,277,13.934825,36.69192430155356,24.32709633048852
classroom,1.0,1,79825,0.7641506466357707,0.7133562339996045,0.7673249541046561,0.9568605849167812,0.9151898103497681,0.9409759792533123,0.970268638642726,248.80320934255832,147,1.995625,4.705598455598455,2.580535595312626
classroom,1.0,2,112006,0.6670227127633639,0.6403623263921862,0.6787067503900642,0.9312495103634079,0.9122859249574928,0.9308148603699435,0.989056839453158,1417.122870009125,147,2.80015,23.57466990567483,6.837120673276509
classroom,1.0,3,144954,0.6780678434006912,0.6602316104847105,0.6878749867325217,0.9077358658454311,0.8950564624334995,0.9107646423993156,0.9949140625059139,3662.326479095108,147,3.62385,123.063659124134,18.41432230317287
classroom,10.0,1,118275,0.9588635804919897,0.9402880240176729,0.9551429316836038,0.9832355314139976,0.9666588295771251,0.9770938839953719,0.98861543007469,250.06531005780528,147,2.956875,4.705598455598459,3.7230291577249313
classroom,10.0,2,272356,0.9598683604221252,0.9530611807217355,0.9608151392829747,0.980815665897635,0.9751832849178693,0.980636443756986,0.9969108649385993,1205.155856370246,147,6.8089,22.710096844115114,14.14136829939335
classroom,10.0,3,564155,0.9620335085317092,0.9584965088768566,0.963093298834968,0.9725447118067518,0.9693879205045617,0.9733170107505307,0.9987628277039494,4474.620563025685,147,14.103875,110.74548149339068,54.16801958611253
metro,1.0,1,137932,0.7620354283286416,0.6928714552482552,0.7465339779726696,0.9151363026095546,0.8483244865876205,0.8830403913791259,0.9455994878017501,424.52771275894474,269,3.4483,9.055555555555554,5.583543090652801
metro,1.0,2,322736,0.6927161285170006,0.6691912239025424,0.6982143342690136,0.9520039940045232,0.9339850724095387,0.9460665844945236,0.9872900058628017,1093.12270537438,269,8.0684,82.8495708155892,31.554086839543878
metro,1.0,3,735959,0.5662945307001093,0.5537992705971099,0.5733566934520107,0.9145058506252577,0.9047172746547496,0.9145687231687644,0.9949471635838562,5615.107138679816,269,18.398975,761.4572178148755,179.16871430285283
metro,10.0,1,154555,0.7667126198020474,0.7095227764952102,0.7544479167557593,0.9265900176703546,0.8687830664841141,0.9003406983766604,0.9566087186111196,454.93220364721105,269,3.863875,9.055555555555552,6.322078134553171
metro,10.0,2,412999,0.6675387061206339,0.6492333346709587,0.6727112785963417,0.9500625797310663,0.9354658302866888,0.9462987424454117,0.990590275808096,1384.549140280454,269,10.324975,82.5809816645434,40.32414614047376
metro,10.0,3,1068853,0.6001410679826414,0.5914243067397327,0.6057400213610232,0.9281566190244777,0.9219072409229162,0.9283886907083722,0.9968072203413267,6256.662883648638,269,26.721325,754.9828652925644,257.88346876456814
