key,D0,N,R0_ngm,R1_pair_ngm,R1_pair_uniform,attack_all,attack_major,c,frozen,p_major,p_major_hi,p_major_lo,qC,qW,seconds,sim_R_perron,sim_R_perron_hi,sim_R_perron_lo,variant,wellmixed
extra|uniformD|D0=1|N=100|c=0.0000,1.0,100,4.285714285714289,2.7772881600270813,2.76662901786443,0.50337,0.7687238979118329,0.0,4.285714285714286,0.6465,0.6671526709747861,0.6252856135682634,1.2,1.2,25.686540842056274,2.7575,2.799174656067542,2.715825343932458,uniformD,4.285714285714286
extra|uniformD|D0=1|N=100|c=0.2000,1.0,100,4.364058235250905,2.76649753306695,2.748262340214098,0.4837099999999999,0.7606624102154829,0.2,4.653061224489795,0.6265,0.6474390808502892,0.6050758883967808,0.96,1.3028571428571427,24.905823945999146,2.78055,2.822097934302418,2.7390020656975818,uniformD,4.285714285714286
extra|uniformD|D0=1|N=100|c=0.4000,1.0,100,4.548132426912546,2.785878241253785,2.707567104661502,0.4815749999999999,0.7364108527131783,0.4,5.020408163265306,0.645,0.6656755206765561,0.6237685152192951,0.72,1.4057142857142857,23.05886197090149,2.78825,2.830259140759487,2.746240859240513,uniformD,4.285714285714286
extra|uniformD|D0=1|N=100|c=0.5833,1.0,100,4.763001918003691,2.8220172714318026,2.6476611068028686,0.44152499999999995,0.7006537530266344,0.5833333333333333,5.357142857142857,0.6195,0.6405301369419638,0.5980116719515136,0.5000000000000001,1.5,25.931735038757324,2.8199,2.8621040561832287,2.7776959438167714,uniformD,4.285714285714286
extra|uniformD|D0=1|N=100|c=0.8000,1.0,100,5.045324475436731,2.8777645513317993,2.543651075936051,0.367195,0.6125106382978723,0.8,5.755102040816326,0.5875,0.6088875208888738,0.5657769835310364,0.23999999999999994,1.6114285714285714,26.241539001464844,2.89715,2.9397815656614874,2.8545184343385124,uniformD,4.285714285714286
extra|uniformD|D0=1|N=100|c=1.0000,1.0,100,5.32077150828572,2.9354840001931057,2.408388049999964,0.29728,0.5313382218148488,1.0,6.1224489795918355,0.5455,0.567214562274866,0.5236109800234873,0.0,1.7142857142857142,20.115134954452515,2.93905,2.9823398800438796,2.8957601199561203,uniformD,4.285714285714286
extra|zoneD|D0=1|N=100|c=-0.5000,1.0,100,5.099616330060723,3.4540749748346644,2.588675596489014,0.36278499999999997,0.6569990680335507,-0.5,6.428571428571427,0.5365,0.5582641777369679,0.5145958726781945,1.7999999999999998,0.9428571428571428,35.28747010231018,3.47495,3.5258506885348764,3.424049311465124,zoneD,4.285714285714286
extra|zoneD|D0=1|N=100|c=-1.0000,1.0,100,6.390062724858017,4.056546907284263,2.66177163691715,0.33772,0.6475865479723046,-1.0,8.571428571428571,0.5055,0.527380584615777,0.48359832709061734,2.4,0.6857142857142856,34.64410328865051,4.1171,4.175413990314165,4.058786009685835,zoneD,4.285714285714286
extra|zoneD|D0=1|N=100|c=-1.5000,1.0,100,7.752903464978281,4.557679223549801,2.6229218001706216,0.297015,0.6292959295929592,-1.5,10.714285714285714,0.4545,0.47638901997651273,0.432785437725134,3.0,0.42857142857142866,35.69656491279602,4.60835,4.670843850674853,4.545856149325147,zoneD,4.285714285714286
extra|zoneD|D0=1|N=100|c=-2.0000,1.0,100,9.140704511643477,4.972088752667808,2.441158904629138,0.24442999999999995,0.6169645203679369,-2.0,12.857142857142854,0.3805,0.40198832804848633,0.35946986305803624,3.5999999999999996,0.17142857142857135,54.67654895782471,5.02305,5.089713451757359,4.95638654824264,zoneD,4.285714285714285
extra|uniformD|D0=10|N=100|c=0.0000,10.0,100,4.28571428571427,3.851102457216275,3.8509659928603432,0.736325,0.9748204787234044,0.0,4.285714285714286,0.752,0.7704316468127943,0.7326021259165472,1.2,1.2,156.93700098991394,3.87085,3.9283500849729007,3.813349915027099,uniformD,4.285714285714286
extra|uniformD|D0=10|N=100|c=0.2000,10.0,100,4.294690244963694,3.8468363519185202,3.8409183673377445,0.725125,0.9748210668467252,0.2,4.653061224489795,0.7405,0.7592380327119354,0.720839833722218,0.96,1.3028571428571427,134.72421979904175,3.84625,3.9039900145162676,3.7885099854837323,uniformD,4.285714285714286
extra|uniformD|D0=10|N=100|c=0.4000,10.0,100,4.320973084542435,3.8501848932347627,3.824018897674118,0.7334200000000001,0.9749332443257677,0.4,5.020408163265306,0.749,0.7675132687372044,0.7295320066977402,0.72,1.4057142857142857,130.66949605941772,3.88675,3.9448526838110625,3.828647316188938,uniformD,4.285714285714286
extra|uniformD|D0=10|N=100|c=0.5833,10.0,100,4.35921795057601,3.8596667692494733,3.80241131392503,0.7204349999999999,0.9729986431478969,0.5833333333333333,5.357142857142857,0.737,0.7558278437756881,0.7172634424816687,0.5000000000000001,1.5,117.72372603416443,3.89305,3.950958107293369,3.8351418927066314,uniformD,4.285714285714286
extra|uniformD|D0=10|N=100|c=0.8000,10.0,100,4.4202703309011255,3.8782560114937756,3.7691966387004747,0.69766,0.9718137254901961,0.8,5.755102040816326,0.714,0.7333799212278039,0.6937995524391766,0.23999999999999994,1.6114285714285714,77.68557286262512,3.85875,3.915940787992356,3.8015592120076445,uniformD,4.285714285714286
extra|uniformD|D0=10|N=100|c=1.0000,10.0,100,4.490223980564667,3.9018914291381894,3.7310109024777867,0.6928099999999999,0.966647966339411,1.0,6.1224489795918355,0.713,0.7324024701434191,0.6927808377587623,0.0,1.7142857142857142,91.56305694580078,3.95425,4.012574315193941,3.8959256848060595,uniformD,4.285714285714286
extra|zoneD|D0=10|N=100|c=-0.5000,10.0,100,4.399469959711678,3.901656265515141,3.7721061671040226,0.7137249999999999,0.9711217510259917,-0.5,6.428571428571427,0.731,0.7499781707212271,0.711136120947336,1.7999999999999998,0.9428571428571428,116.4532470703125,3.8856,3.9433855765614063,3.827814423438594,zoneD,4.285714285714286
extra|zoneD|D0=10|N=100|c=-1.0000,10.0,100,4.715341824140406,4.20303291342088,3.807759916800681,0.69146,0.9674595355383533,-1.0,8.571428571428571,0.7105,0.7299583271998641,0.6902345662903201,2.4,0.6857142857142856,103.85359382629395,4.17515,4.237397330625391,4.11290266937461,zoneD,4.285714285714286
extra|zoneD|D0=10|N=100|c=-1.5000,10.0,100,5.167560725368765,4.554847790578473,3.792618961784454,0.6480799999999999,0.9575520833333332,-1.5,10.714285714285714,0.672,0.692229247097436,0.6511112644479875,3.0,0.42857142857142866,106.83417201042175,4.52635,4.591762954812231,4.460937045187769,zoneD,4.285714285714286
extra|zoneD|D0=10|N=100|c=-2.0000,10.0,100,5.6993630664115615,4.925878762943829,3.7239332015994355,0.58532,0.9455211726384364,-2.0,12.857142857142854,0.614,0.6350983973552483,0.5924644998318348,3.5999999999999996,0.17142857142857135,137.59235501289368,4.88685,4.956173066572564,4.817526933427436,zoneD,4.285714285714285
