key,D0,N,R0_ngm,R1_pair_ngm,R1_pair_uniform,attack_all,attack_major,attack_major_hi,attack_major_lo,c,frozen,n_full,n_rep,p_major,p_major_hi,p_major_lo,peak_prev_major,peak_time_major,qC,qW,seconds,sim_R_perron,sim_R_perron_hi,sim_R_perron_lo,sim_R_uniform,sim_R_uniform_hi,sim_R_uniform_lo,sim_gen2_hi,sim_gen2_lo,sim_gen2_over_gen1,wellmixed
D0=1|N=100|c=0.0000,1.0,100,4.285714285714296,2.747067180134154,2.411135682040766,0.34743499999999994,0.6230101569713759,0.6358496865050297,0.610170627437722,0.0,4.285714285714286,2000,20000,0.5415,0.5632374965749721,0.5196033826641852,0.1805078485687904,24.186057248384117,1.2,1.2,73.63851308822632,2.75155,2.793356109793529,2.7097438902064708,2.42455,2.4628886469022593,2.3862113530977407,2.2083162280707955,2.1663222895236998,2.189300744577533,4.285714285714286
D0=1|N=100|c=0.2000,1.0,100,4.423331565838407,2.4555118258344586,2.3093731957438335,0.315875,0.5931778425655978,0.6070279753651349,0.5793277097660607,0.2,4.653061224489795,2000,20000,0.5145,0.53635546249545,0.49258894109413504,0.16645286686103014,24.957725947521865,0.96,1.3028571428571427,75.51277089118958,2.4681,2.5056582991729264,2.430541700827074,2.33005,2.3663435160854567,2.2937564839145432,1.990447478105445,1.9490270980693565,1.970028208744711,4.285714285714286
D0=1|N=100|c=0.4000,1.0,100,4.692499433415814,2.2163816440261193,2.188309021872024,0.28565999999999997,0.5567005076142132,0.5710107203771733,0.5423902948512531,0.4,5.020408163265306,2000,20000,0.4925,0.5144043708214971,0.47062438594251055,0.15319796954314718,26.90507614213198,0.72,1.4057142857142857,72.90706992149353,2.2192,2.2534713078734376,2.184928692126562,2.2046,2.2386319454785184,2.170568054521482,1.7624787665205655,1.725923674726343,1.7443625644804717,4.285714285714286
D0=1|N=100|c=0.5833,1.0,100,4.972005917340051,2.115212410903684,2.0588383044356453,0.23085499999999995,0.4743525571273123,0.4888542264354522,0.4598508878191724,0.5833333333333333,5.357142857142857,2000,20000,0.4595,0.48139829578423393,0.43775699074140767,0.12934711643090316,26.040805223068553,0.5000000000000001,1.5,76.30246591567993,2.1002,2.1323620090923785,2.0680379909076216,2.07405,2.1065819914633463,2.041518008536654,1.5964369768389257,1.5582146093695666,1.5772653509919907,4.285714285714286
D0=1|N=100|c=0.8000,1.0,100,5.3168231507501496,2.1047072938291347,1.880427145797205,0.157795,0.3666369426751592,0.38018778374198614,0.3530861016083323,0.8,5.755102040816326,2000,20000,0.3925,0.41408755835646827,0.37132462192764204,0.10796178343949046,23.268152866242037,0.23999999999999994,1.6114285714285714,98.30393505096436,2.11835,2.1500205445471305,2.0866794554528694,1.8936,1.9248299812934586,1.8623700187065413,1.542096879673508,1.503620593005707,1.522907254849854,4.285714285714286
D0=1|N=100|c=1.0000,1.0,100,5.6414599449470435,2.1285761902606612,1.6880634549439866,0.11867499999999999,0.3045007235890015,0.31634968202710445,0.2926517651508985,1.0,6.1224489795918355,2000,20000,0.3455,0.3666193801846296,0.3249730091539288,0.09905933429811867,20.403039073806077,0.0,1.7142857142857142,60.63513684272766,2.11875,2.1500815179823123,2.0874184820176875,1.6922,1.7225793658384476,1.6618206341615522,1.514932313614808,1.4773751175581125,1.4959086533319073,4.285714285714286
D0=1|N=1000|c=0.0000,1.0,1000,4.285714285714296,3.966692631712229,3.946578190393067,0.7116666666666667,0.9656153846153845,0.9667401150143684,0.9644906542164007,0.0,4.285714285714286,300,4000,0.7366666666666667,0.7832892919143619,0.6840594845533765,0.2946787330316742,26.316742081447963,1.2,1.2,125.18380284309387,3.86525,3.9948045972761825,3.7356954027238176,3.973,4.107991272048538,3.838008727951462,3.773846957857247,3.632232112129242,3.6986691385817387,4.285714285714286
D0=1|N=1000|c=0.2000,1.0,1000,4.423331565838407,3.9673211891917175,3.910028587799489,0.6736666666666665,0.9664019138755982,0.9676546963422672,0.9651491314089291,0.2,4.653061224489795,300,4000,0.6966666666666667,0.7459297207069346,0.6424305301606226,0.29010526315789475,28.311004784688997,0.96,1.3028571428571427,62.14926290512085,4.05875,4.19869247744564,3.91880752255436,3.95725,4.095253974519652,3.819246025480348,3.686347090850215,3.5595107683989635,3.627013127622141,4.285714285714286
D0=1|N=1000|c=0.4000,1.0,1000,4.692499433415814,4.136238303872408,3.8675492381992114,0.6859433333333333,0.9610560747663551,0.9624143118650538,0.9596978376676565,0.4,5.020408163265306,300,4000,0.7133333333333334,0.7615547896849021,0.6597173468493974,0.2824299065420561,29.899532710280372,0.72,1.4057142857142857,79.30467700958252,4.09275,4.233508177791305,3.951991822208694,3.829,3.9646443503838174,3.693355649616183,3.6865544809629336,3.5695060158121357,3.6327347887869785,4.285714285714286
D0=1|N=1000|c=0.5833,1.0,1000,4.972005917340051,4.3344848335589194,3.8234356141805574,0.6538966666666667,0.9470338164251207,0.9486365900007819,0.9454310428494596,0.5833333333333333,5.357142857142857,300,4000,0.69,0.7396573342548319,0.6355381623460284,0.2599130434782609,31.61111111111111,0.5000000000000001,1.5,178.60893392562866,4.23,4.372701598367167,4.087298401632834,3.79025,3.926922647208938,3.653577352791062,3.9438865478177814,3.8035709478820725,3.876367545690255,4.285714285714286
D0=1|N=1000|c=0.8000,1.0,1000,5.3168231507501496,4.5836340952613055,3.7649602925271144,0.6204700000000001,0.9207277227722772,0.9225628699788837,0.9188925755656707,0.8,5.755102040816326,300,4000,0.6733333333333333,0.7239224407765018,0.6183611701576165,0.23433663366336632,33.472772277227726,0.23999999999999994,1.6114285714285714,354.8933627605438,4.5115,4.663431219178088,4.3595687808219115,3.77625,3.920113444095475,3.6323865559045254,4.069466406834871,3.9289337303901206,3.999456259062349,4.285714285714286
D0=1|N=1000|c=1.0000,1.0,1000,5.6414599449470435,4.817228652221761,3.7049200418818096,0.5641333333333334,0.894751322751323,0.8972282385280255,0.8922744069746205,1.0,6.1224489795918355,300,4000,0.63,0.6826691988454907,0.574043509355098,0.2177830687830688,33.72222222222222,0.0,1.7142857142857142,183.0056550502777,4.75975,4.916731944135851,4.60276805586415,3.566,3.7093817215586395,3.42261827844136,4.135696463941172,4.011362107777198,4.0686987910387895,4.285714285714286
D0=10|N=100|c=0.0000,10.0,100,4.285714285714264,3.693087274507909,3.68764834817328,0.729195,0.9701470588235295,0.9717593441480473,0.9685347734990116,0.0,4.285714285714286,2000,20000,0.748,0.7665402075278188,0.7285089021423269,0.40981951871657757,15.95889037433155,1.2,1.2,235.54619002342224,3.6491,3.7034843299929547,3.594715670007045,3.69025,3.7453521421788536,3.635147857821146,3.0800531392131654,3.0291820052713865,3.0539957116365324,4.285714285714286
D0=10|N=100|c=0.2000,10.0,100,4.303434989908204,3.6436375898887694,3.640519525232195,0.728875,0.9665622918054629,0.968872830575622,0.9642517530353039,0.2,4.653061224489795,2000,20000,0.7505,0.7689726093182971,0.7310669147638458,0.3986475682878081,16.38041305796136,0.96,1.3028571428571427,221.82752394676208,3.6636,3.7182432608908114,3.608956739109189,3.65515,3.710094212482139,3.6002057875178606,3.0450302055806024,3.0007204050883174,3.023313572727407,4.285714285714286
D0=10|N=100|c=0.4000,10.0,100,4.3544021256850955,3.6145416665252075,3.5858610846545433,0.7191,0.9629071332436071,0.9652436046451275,0.9605706618420867,0.4,5.020408163265306,2000,20000,0.743,0.7616729112321153,0.7233953696140355,0.3912651413189771,16.701547779273216,0.72,1.4057142857142857,225.00694918632507,3.68045,3.735772079776246,3.625127920223754,3.5619,3.6153007578822467,3.5084992421177534,3.0272940601097558,2.980048587349141,3.0016054013503375,4.285714285714286
D0=10|N=100|c=0.5833,10.0,100,4.426699155090114,3.604798645036234,3.5291812993599705,0.7169500000000001,0.9588373655913979,0.9610152288978849,0.9566595022849108,0.5833333333333333,5.357142857142857,2000,20000,0.744,0.7626466341438982,0.7244178124670515,0.38341397849462366,17.011760752688172,0.5000000000000001,1.5,230.27244400978088,3.5892,3.6430711246726153,3.5353288753273846,3.51545,3.56849904632592,3.46240095367408,3.006470528420768,2.962623579557881,2.9818121343150445,4.285714285714286
D0=10|N=100|c=0.8000,10.0,100,4.538503140050856,3.6118774211983022,3.4541201279514007,0.689445,0.9547562674094707,0.9565012903065951,0.9530112445123463,0.8,5.755102040816326,2000,20000,0.718,0.7372885386237561,0.6978755981024202,0.3712256267409471,17.28934540389972,0.23999999999999994,1.6114285714285714,220.06218695640564,3.65215,3.706736309673492,3.5975636903265076,3.45295,3.50635798386628,3.39954201613372,2.951097397160013,2.9034730155828425,2.9248767912654485,4.285714285714286
D0=10|N=100|c=1.0000,10.0,100,4.6622967098494295,3.6335478994083994,3.377086261160736,0.6711,0.948230277185501,0.95000400259425,0.946456551776752,1.0,6.1224489795918355,2000,20000,0.7035,0.7231108528157517,0.6831088803208396,0.36453447050461985,17.510305614783228,0.0,1.7142857142857142,417.3804290294647,3.63725,3.690868290340591,3.5836317096594086,3.37455,3.428039342766511,3.3210606572334895,2.9420500373261307,2.891718774683538,2.917847500800781,4.285714285714286
D0=10|N=1000|c=0.0000,10.0,1000,4.285714285714264,4.2163122408371905,4.216234203253575,0.77073,0.9835191489361702,0.9841284783051013,0.9829098195672391,0.0,4.285714285714286,300,4000,0.7833333333333333,0.826212882908906,0.7332891734257104,0.4243872340425532,19.014893617021276,1.2,1.2,804.9500496387482,4.3365,4.48589642020374,4.18710357979626,4.06,4.200227414195381,3.9197725858046186,4.177947995774005,4.036473156689092,4.105526412101988,4.285714285714286
D0=10|N=1000|c=0.2000,10.0,1000,4.303434989908204,4.224793542025564,4.209627242041016,0.8034266666666667,0.983522448979592,0.9841353284505335,0.9829095695086504,0.2,4.653061224489795,300,4000,0.8166666666666667,0.85635538998861,0.7689704376794906,0.420869387755102,19.314285714285713,0.96,1.3028571428571427,538.0061221122742,4.3275,4.473283938541542,4.181716061458458,4.1525,4.2985061640736,4.0064938359264,4.217718049966252,4.077300904681362,4.149495677233429,4.285714285714286
D0=10|N=1000|c=0.4000,10.0,1000,4.3544021256850955,4.264813031243947,4.201936290602291,0.7795766666666666,0.9823235294117647,0.9830032636779048,0.9816437951456246,0.4,5.020408163265306,300,4000,0.7933333333333333,0.8353051733057882,0.7439440144288735,0.4137100840336135,19.285714285714285,0.72,1.4057142857142857,596.2609670162201,4.2945,4.440711712711853,4.148288287288147,4.2115,4.357461825011509,4.065538174988491,4.219286593697985,4.0790949382426955,4.143559606620292,4.285714285714286
D0=10|N=1000|c=0.5833,10.0,1000,4.426699155090114,4.325868860188813,4.193935885178238,0.78118,0.9802175732217573,0.980871756957516,0.9795633894859985,0.5833333333333333,5.357142857142857,300,4000,0.7966666666666666,0.8383268417654551,0.747504723102555,0.4111004184100419,19.297071129707113,0.5000000000000001,1.5,596.1300489902496,4.35225,4.498635391958076,4.2058646080419235,4.0835,4.228538356589974,3.9384616434100255,4.2420574004544465,4.1251685329903545,4.1847148599056325,4.285714285714286
D0=10|N=1000|c=0.8000,10.0,1000,4.538503140050856,4.4231934941420255,4.183311228739712,0.7569466666666667,0.9784568965517242,0.9792170755653403,0.977696717538108,0.8,5.755102040816326,300,4000,0.7733333333333333,0.8170812318029047,0.7226736931316665,0.4048577586206897,18.844827586206897,0.23999999999999994,1.6114285714285714,490.25370693206787,4.47025,4.6233315680530955,4.317168431946905,4.02425,4.171706044114887,3.8767939558851134,4.390670481216607,4.252135299921258,4.324698655540102,4.285714285714286
D0=10|N=1000|c=1.0000,10.0,1000,4.6622967098494295,4.532659934391386,4.172381446087491,0.7217466666666666,0.9748693693693693,0.9757171551743342,0.9740215835644044,1.0,6.1224489795918355,300,4000,0.74,0.7863801865401512,0.6875509670609357,0.4006486486486486,18.036036036036037,0.0,1.7142857142857142,298.4642639160156,4.494,4.644519710574455,4.343480289425544,4.11575,4.2654935153216,3.9660064846784002,4.439083385932725,4.290655756855947,4.369310423304507,4.285714285714286
