key,N,R0_ngm,R1_pair_centre,R1_pair_uniform,R_index_alone,attack_all_mean,attack_all_sd,attack_major_hi,attack_major_lo,attack_major_mean,attack_major_q05,attack_major_q95,attack_major_sd,calibration,cells,duration_major_hi,duration_major_lo,duration_major_mean,duration_major_q05,duration_major_q95,duration_major_sd,events_per_rep,index_exposure_hi,index_exposure_lo,index_exposure_mean,index_offspring_hi,index_offspring_lo,index_offspring_mean,index_offspring_var,layout,n_major,n_rep,n_unfinished,p_major,p_major_hi,p_major_lo,peak_prev_major_hi,peak_prev_major_lo,peak_prev_major_mean,peak_prev_major_q05,peak_prev_major_q95,peak_prev_major_sd,peak_time_major_hi,peak_time_major_lo,peak_time_major_mean,peak_time_major_q05,peak_time_major_q95,peak_time_major_sd,rhoB_nominal,rhoB_realised,seconds,threshold_frac
layout0|rhoB=0.00|FD,100,4.285714285714321,3.023782842722484,2.915070567774247,3.264,0.5944599999999999,0.40795239761206803,0.8771358974558506,0.8517790585558794,0.864457478005865,0.64,0.97,0.11945002195640463,FD,260,65.38764338727368,62.24310733263529,63.81537535995449,43.85742434441794,89.9543690141481,14.813159568154488,16788.254,4.854960260049867,4.06134371113417,4.458151985592019,2.7402366323373117,2.327763367662688,2.534,5.535915831663327,0,341,500,0,0.682,0.7213004310311333,0.639924207823618,0.2811349591151545,0.2651407007088925,0.2731378299120235,0.15,0.39,0.07534513767039638,22.270900475985016,20.497427969762782,21.3841642228739,10.5,37.0,8.354406108861063,0.0,0.0,0.4011063575744629,0.1
layout0|rhoB=0.00|DD,100,4.285714285714321,3.023782842722484,2.915070567774247,3.264,0.5944599999999999,0.40795239761206803,0.8771358974558506,0.8517790585558794,0.864457478005865,0.64,0.97,0.11945002195640463,DD,260,65.38764338727368,62.24310733263529,63.81537535995449,43.85742434441794,89.9543690141481,14.813159568154488,16788.254,4.854960260049867,4.06134371113417,4.458151985592019,2.7402366323373117,2.327763367662688,2.534,5.535915831663327,0,341,500,0,0.682,0.7213004310311333,0.639924207823618,0.2811349591151545,0.2651407007088925,0.2731378299120235,0.15,0.39,0.07534513767039638,22.270900475985016,20.497427969762782,21.3841642228739,10.5,37.0,8.354406108861063,0.0,0.0,0.3929440975189209,0.1
layout0|rhoB=0.05|FD,100,4.285714285714315,2.996574276310065,2.879710461885496,2.942,0.63654,0.3800967976070072,0.8641711446774395,0.839710256939811,0.8519407008086253,0.65,0.97,0.12019131928246271,FD,247,67.9882575981801,64.3622873511317,66.1752724746559,42.08682429086246,99.67294543738657,17.81661206846945,17929.342,4.656512126389148,3.9305768317200234,4.293544479054586,2.7457327522500283,2.3622672477499713,2.554,4.784653306613226,0,371,500,0,0.742,0.7784044315938733,0.7019052530371696,0.26881510768531863,0.25436548530659514,0.2615902964959569,0.14,0.37,0.07099984250205953,23.150012217309296,21.014408267865903,22.0822102425876,10.0,41.75,10.493529871100506,0.05,0.050000000000000044,0.4035911560058594,0.1
layout0|rhoB=0.05|DD,100,4.511278195488753,3.10551401591087,2.980541506310964,3.076,0.6486799999999999,0.3835989493048901,0.877524313372616,0.8544649339392119,0.865994623655914,0.6755000000000001,0.97,0.11345745001070119,DD,247,66.40719506733032,62.91268426043485,64.65993966388258,44.351068048787944,91.33102264810125,17.193796837865083,17583.534,5.094092520823226,4.269014247123936,4.681553383973581,2.864602512918404,2.4633974870815964,2.664,5.237579158316634,0,372,500,0,0.744,0.7802929213445977,0.7039862648123214,0.2789238218865886,0.26381811359728236,0.2713709677419355,0.16,0.4,0.0743235587956663,21.746930963870444,20.035327100645684,20.891129032258064,11.0,36.0,8.42148464189078,0.05,0.050000000000000044,0.4020850658416748,0.1
layout0|rhoB=0.10|FD,100,4.2857142857143185,2.9199133200661413,2.8157120584935496,3.144,0.56558,0.38883086616801643,0.8312888788509233,0.8019472727525755,0.8166180758017494,0.553,0.95,0.1386260585775794,FD,234,68.72086146187416,64.7600199496093,66.74044070574173,43.57143363696708,103.85052437436849,18.713217185703243,15793.41,4.987097129867307,4.099998455306103,4.543547792586705,2.6499951542499143,2.250004845750086,2.45,5.205911823647295,0,343,500,0,0.686,0.7251328328005456,0.6440308091059584,0.250192527509715,0.23581330339407508,0.24300291545189504,0.14,0.36,0.06793544831436764,23.684049663508944,21.3655130187068,22.52478134110787,9.5,40.94999999999999,10.954056013815288,0.1,0.09999999999999998,0.3750143051147461,0.1
layout0|rhoB=0.10|DD,100,4.761904761904798,3.1345399605073565,3.0154963195499658,3.358,0.6424,0.3723384372095463,0.8571721601313753,0.8322987393395243,0.8447354497354498,0.59,0.97,0.1233659620671229,DD,234,65.69214521521381,62.315800332069124,64.00397277364146,42.93815466990553,97.87742953872343,16.745828338819063,16574.542,5.622611807421405,4.694669638283658,5.158640722852532,2.971299845177645,2.536700154822355,2.754,6.145775551102205,0,378,500,0,0.756,0.7916017600000562,0.7164944353121212,0.2677960173892878,0.2537383741451037,0.26076719576719576,0.15,0.3714999999999998,0.06972240359409376,21.278237986407156,19.713825505656338,20.496031746031747,10.425,34.07499999999999,7.759095637575803,0.1,0.09999999999999998,0.3763551712036133,0.1
layout0|rhoB=0.15|FD,100,4.285714285714311,2.86901534523141,2.779152987613045,3.116,0.5424399999999999,0.385493523828647,0.8105562722523876,0.7775502366233524,0.79405325443787,0.4985,0.94,0.15479810763973534,FD,221,68.64302028239644,64.37535119846856,66.5091857404325,39.93348399285234,99.4478074834689,20.01534221345535,14940.242,5.046652409847802,4.1690221809765955,4.607837295412199,2.6558113721593664,2.2641886278406336,2.46,4.9903807615230455,0,338,500,0,0.676,0.7155454152173639,0.6337707190597581,0.2436626092746513,0.22829005344724215,0.23597633136094673,0.12,0.35,0.07209719393188128,23.99377688989519,21.766578139690605,22.880177514792898,10.0,41.5,10.445548679162387,0.15,0.15000000000000002,0.3490591049194336,0.1
layout0|rhoB=0.15|DD,100,5.042016806722719,3.1916001945055137,3.0828271714475055,3.542,0.64738,0.3696319672084177,0.8571345259536568,0.8322093060673404,0.8446719160104986,0.63,0.97,0.12411247010486001,DD,221,67.28901563997071,63.94940913861422,65.61921238929247,41.64266469041849,93.06988659871045,16.629213862588735,16430.734,6.1637825132504265,5.124997084826415,5.644389799038421,2.899732408917382,2.5082675910826184,2.704,4.986356713426852,0,381,500,0,0.762,0.7972415889816121,0.7227631109081946,0.26568073433919165,0.25090719216999474,0.2582939632545932,0.15,0.38,0.07356327523609729,22.289539637529547,20.526733328349717,21.408136482939632,10.0,39.0,8.777705727236187,0.15,0.15000000000000002,0.3732461929321289,0.1
layout0|rhoB=0.20|FD,100,4.285714285714273,2.808021481626857,2.724460978159815,3.066,0.52136,0.37203732870223627,0.7688917894044016,0.7298291408281563,0.749360465116279,0.31600000000000006,0.94,0.18482250016312107,FD,208,68.17195466622773,64.17593679327122,66.17394572974948,38.56329242200552,98.22437944948189,18.906910844377972,14470.654,5.216485818789589,4.24590896135924,4.731197390074414,2.6431811323597616,2.2568188676402388,2.45,4.8572144288577155,0,344,500,0,0.688,0.7270477381027262,0.646085405329654,0.22032025077015574,0.20526114457868141,0.21279069767441858,0.1,0.33,0.07125122739943379,24.018917295411217,21.66131526272832,22.84011627906977,8.575000000000001,45.92499999999998,11.154847864952254,0.2,0.19999999999999996,0.34229183197021484,0.1
layout0|rhoB=0.20|DD,100,5.357142857142842,3.236909143646997,3.1294772114378557,3.648,0.6280399999999999,0.3704324483594751,0.8353082233994179,0.8025395456294534,0.8189238845144357,0.46,0.96,0.16316813085902754,DD,208,66.69717925811516,63.16514948954457,64.93116437382986,41.0744700768937,96.18762362690043,17.587364968517353,15552.06,6.617865549146572,5.48126305947377,6.049564304310171,2.849113178537389,2.474886821462611,2.662,4.556869739478957,0,381,500,0,0.762,0.7972415889816121,0.7227631109081946,0.252303360868429,0.23793285960401195,0.2451181102362205,0.13,0.36,0.07155637610045608,22.706626003140308,20.563715204208776,21.635170603674542,9.0,39.0,10.67039543413541,0.2,0.19999999999999996,0.36897802352905273,0.1
layout0|rhoB=0.25|FD,100,4.285714285714293,2.809437242365689,2.7640248862944614,3.026,0.40274,0.3085564885288048,0.5954843106696991,0.5521457471337688,0.573815028901734,0.23,0.91,0.2056489492416678,FD,179,65.86242252216582,61.18081789710956,63.52162020963769,31.38642346038581,103.54405628291197,22.215020373473145,13262.588,5.278798484455328,4.3999628436924505,4.8393806640738894,2.701212138359082,2.3107878616409177,2.506,4.95988376753507,0,346,500,0,0.692,0.7308749351094421,0.6501972113746908,0.17106619184022237,0.15974305671469097,0.16540462427745667,0.08,0.26,0.05373022663190986,23.324474770690017,20.429860489425593,21.877167630057805,8.0,50.125,13.735443375007979,0.25,0.31153846153846154,0.329434871673584,0.1
layout0|rhoB=0.25|DD,100,6.225059856344783,3.5543864078053358,3.477599999482945,3.796,0.5021,0.3412111370986597,0.703642703642133,0.6631704831710538,0.6834065934065934,0.38,0.96,0.19697978405995895,DD,179,64.68676332361278,60.7621509529464,62.72445713827959,35.76235973356752,95.5809270475745,19.101232605839567,13673.086,7.764579416139216,6.321375620512273,7.042977518325745,2.8270029622647503,2.45299703773525,2.64,4.551503006012024,0,364,500,0,0.728,0.7651565550667395,0.6873666188831685,0.2073761675193216,0.19504141489826085,0.20120879120879123,0.11,0.31,0.060033694209236176,21.219219342740274,18.821989448468514,20.020604395604394,7.0,45.42499999999998,11.667405974257298,0.25,0.31153846153846154,0.328444242477417,0.1
layout0|rhoB=0.30|FD,100,4.285714285714291,2.8464412713610296,2.700978104876839,2.642,0.32433999999999996,0.25684568092069454,0.49136716145404796,0.4543895151038156,0.4728783382789318,0.19,0.79,0.17316820212094916,FD,166,60.130419196575644,55.53819726214458,57.83430822936011,28.531424250342614,95.8224528334227,21.505609323910292,11023.252,4.494263412567091,3.7174148620342,4.105839137300645,2.411378285853711,2.0446217141462895,2.228,4.376769539078156,0,337,500,0,0.674,0.7136253831308357,0.6317212496204101,0.15422389206864554,0.14316483196696275,0.14869436201780414,0.068,0.24,0.05179014199057836,20.927483286111407,18.3425463874791,19.635014836795254,6.5,40.0,12.105391216427307,0.3,0.3615384615384616,0.2814948558807373,0.1
layout0|rhoB=0.30|DD,100,6.712564543889853,3.775967759959371,3.5243053275013305,3.7,0.42805999999999994,0.2823768932112528,0.5789955053385103,0.542221425878421,0.5606084656084657,0.26,0.9014999999999997,0.18239026025776894,DD,166,60.32906798120471,56.45152990221654,58.390298941710626,30.90321888114809,92.7913860783062,19.231621559789442,12286.054,7.236682811362069,5.927022025500955,6.581852418431512,2.865743707882068,2.466256292117932,2.666,5.192829659318637,0,378,500,0,0.756,0.7916017600000562,0.7164944353121212,0.18665539069792425,0.17530228125974767,0.18097883597883596,0.09,0.28,0.056308590604185686,18.940106634918386,16.73449653968479,17.83730158730159,6.0,39.07499999999999,10.939275848724186,0.3,0.3615384615384616,0.2987687587738037,0.1
layout1|rhoB=0.00|FD,100,4.285714285714321,3.023782842722484,2.915070567774247,2.984,0.60808,0.4004835674226236,0.8742264929592575,0.8493735070407425,0.8618,0.6944999999999999,0.97,0.11861142646096966,FD,260,66.70185287089608,63.30290774234742,65.00238030662175,42.69206112362692,87.98885947873319,16.221541004430296,17471.944,4.905519478718461,4.099349164901729,4.502434321810095,2.7131275669349564,2.322872433065043,2.518,4.955587174348698,1,350,500,0,0.7,0.7385187435059938,0.6584314090816449,0.27326577485010484,0.2586770822927523,0.2659714285714286,0.1545,0.38,0.06962485876351006,23.568614991297792,21.645670722987923,22.607142857142858,11.725,40.55000000000001,9.177294165658473,0.0,0.0,0.38087916374206543,0.1
layout1|rhoB=0.00|DD,100,4.285714285714321,3.023782842722484,2.915070567774247,2.984,0.60808,0.4004835674226236,0.8742264929592575,0.8493735070407425,0.8618,0.6944999999999999,0.97,0.11861142646096966,DD,260,66.70185287089608,63.30290774234742,65.00238030662175,42.69206112362692,87.98885947873319,16.221541004430296,17471.944,4.905519478718461,4.099349164901729,4.502434321810095,2.7131275669349564,2.322872433065043,2.518,4.955587174348698,1,350,500,0,0.7,0.7385187435059938,0.6584314090816449,0.27326577485010484,0.2586770822927523,0.2659714285714286,0.1545,0.38,0.06962485876351006,23.568614991297792,21.645670722987923,22.607142857142858,11.725,40.55000000000001,9.177294165658473,0.0,0.0,0.39228105545043945,0.1
layout1|rhoB=0.05|FD,100,4.285714285714305,2.9734813683705457,2.8656601238211543,2.9,0.57712,0.39554040251286604,0.8444914521264414,0.8134215913518196,0.8289565217391305,0.53,0.96,0.14721863534389149,FD,247,68.37460225444137,64.90639535019251,66.64049880231694,44.67417968369926,93.90696267737437,16.43343982895568,16812.678,4.651168057059513,3.8371180512542895,4.244143054156901,2.6824988380819548,2.293501161918045,2.488,4.923703406813627,1,345,500,0,0.69,0.7289617737302553,0.6481408712280013,0.24777684786443038,0.2340782245993377,0.24092753623188404,0.14,0.3480000000000001,0.06490832507444896,23.839381119603146,21.795401489092505,22.817391304347826,10.5,41.5,9.685009342567607,0.05,0.050000000000000044,0.39490365982055664,0.1
layout1|rhoB=0.05|DD,100,4.511278195488743,3.0808622261524525,2.96552958946522,3.058,0.5871,0.39839280069711924,0.8572538023718289,0.8286592411064323,0.8429565217391306,0.594,0.96,0.13548989866048805,DD,247,67.15392789306486,63.34586986681515,65.24989887994,39.635584746420115,98.84254572872176,18.043759835343433,16491.3,5.185762925968316,4.2759575331018755,4.730860229535096,2.853135097887974,2.450864902112026,2.652,5.265426853707416,1,345,500,0,0.69,0.7289617737302553,0.6481408712280013,0.2604268789674134,0.24571804856881846,0.25307246376811593,0.14,0.36,0.06969499974569004,23.6686776415026,21.482046996178557,22.57536231884058,10.5,43.400000000000006,10.360934087888793,0.05,0.050000000000000044,0.39047884941101074,0.1
layout1|rhoB=0.10|FD,100,4.2857142857143256,2.9437664926221454,2.818748353316476,3.012,0.5393399999999999,0.3912210016656679,0.8162424910789823,0.7821407424539522,0.7991916167664672,0.4965,0.96,0.1589878056075772,FD,234,69.07360724982077,65.01624056501605,67.04492390741841,43.45542582282975,103.4559400421104,18.916092334600155,15595.638,4.690959977957125,3.9305969864649914,4.310778482211059,2.6669228374969642,2.273077162503036,2.47,5.047194388777555,1,334,500,0,0.668,0.707860262369349,0.6255778658042676,0.24120663964223696,0.22573946814219412,0.23347305389221554,0.11650000000000002,0.36349999999999966,0.0721104270278663,23.694914065037455,21.34700210262722,22.520958083832337,10.0,41.02499999999995,10.946341044499848,0.1,0.09999999999999998,0.3673667907714844,0.1
layout1|rhoB=0.10|DD,100,4.761904761904806,3.1623702663553765,3.0192535148839923,3.292,0.57846,0.3931510701090049,0.839867709770391,0.8073736695399538,0.8236206896551724,0.52,0.96,0.15463481132428822,DD,234,68.66119055032436,64.81120395690286,66.73619725361361,41.1606930171186,100.82821636279077,18.32157362558808,16133.16,5.600223617526563,4.635051464674676,5.11763754110062,2.877557101458473,2.482442898541527,2.68,5.0797595190380775,1,348,500,0,0.696,0.7346986163798547,0.6543125331560312,0.25159721573094856,0.23708094518859169,0.24433908045977012,0.14,0.35,0.06908099887028052,22.006549853200898,20.119886928408295,21.063218390804597,9.5,37.5,8.978377675994814,0.1,0.09999999999999998,0.39608120918273926,0.1
layout1|rhoB=0.15|FD,100,4.285714285714307,2.9064446462818645,2.7752035872067857,3.19,0.51824,0.37371838764841775,0.7762156619250715,0.7402932138145732,0.7582544378698224,0.41,0.94,0.16847606455347858,FD,220,69.19046326779507,65.05588176318459,67.12317251548983,38.8998711209334,98.78508343834991,19.39116227072512,14961.356,5.1861066630144474,4.228278399931883,4.707192531473165,2.7134999713532304,2.314500028646769,2.514,5.180164328657315,1,338,500,0,0.676,0.7155454152173639,0.6337707190597581,0.2221870400084841,0.20816798957731475,0.21517751479289943,0.11700000000000002,0.32,0.06574926180295343,25.08673946580678,22.58189958744766,23.83431952662722,9.5,46.5,11.747683892380032,0.15,0.15384615384615385,0.39839720726013184,0.1
layout1|rhoB=0.15|DD,100,5.06493506493509,3.248068259729584,3.085646918745898,3.364,0.58872,0.38035944607230787,0.8284172656553743,0.7968752134532608,0.8126462395543176,0.509,0.96,0.15245831074477098,DD,220,68.72771599194589,64.82890029126806,66.77830814160697,40.932052332539435,102.33607130875373,18.844901144089253,15738.35,5.356190093424174,4.458102417229301,4.9071462553267375,2.8407128345318,2.4312871654682002,2.636,5.4544128256513025,1,359,500,0,0.718,0.7556642245567071,0.6770114417638189,0.24919478137080833,0.2342035473199995,0.24169916434540392,0.13,0.36099999999999965,0.07246003540672132,23.304654597152656,21.14381336942116,22.224233983286908,9.5,41.5,10.444412470585092,0.15,0.15384615384615385,0.43947291374206543,0.1
layout1|rhoB=0.20|FD,100,4.285714285714317,2.8964651977637006,2.706078934828248,3.0,0.48088,0.3575507105589954,0.7282027062499,0.6892301295709956,0.7087164179104478,0.307,0.92,0.18196818221992445,FD,206,68.15934305848558,64.10354568610688,66.13144437229623,38.37028663358699,96.7557535770664,18.937061344049752,13676.772,4.553546486307419,3.7514931488068415,4.15251981755713,2.526996329393585,2.1490036706064153,2.338,4.649054108216434,1,335,500,0,0.67,0.709782802825675,0.627624826873818,0.20871162800351536,0.1952286705039473,0.20197014925373133,0.1,0.31,0.06295373506758509,23.610312597690626,21.392672476936237,22.501492537313432,9.5,42.650000000000006,10.354458852346855,0.2,0.20769230769230773,0.34885501861572266,0.1
layout1|rhoB=0.20|DD,100,5.409153952843313,3.376408219709736,3.1221668490648096,3.45,0.56792,0.36443339171100664,0.7839790153955449,0.7474883759088028,0.7657336956521739,0.3735,0.95,0.17857444811873238,DD,206,67.80636284154863,63.688388587681516,65.74737571461507,38.34797976321663,99.94429328873109,20.152153815189866,14758.194,6.122462269231305,5.04208489828878,5.582273583760043,2.8794677157151516,2.4685322842848483,2.674,5.494713426853708,1,368,500,0,0.736,0.7727328071349999,0.6956683729184137,0.2333289253485971,0.21819281378183766,0.22576086956521738,0.11,0.35649999999999976,0.0740716744818807,22.03331995811417,19.77646265058148,20.904891304347824,8.175,42.5,11.044395325595877,0.2,0.20769230769230773,0.3730173110961914,0.1
layout1|rhoB=0.25|FD,100,4.285714285714282,2.937331510033425,2.694040499244193,2.798,0.44186,0.3472565544799097,0.7000199280271923,0.6614847741671653,0.6807523510971788,0.318,0.91,0.17557649371093512,FD,187,68.59678141439096,64.19620785960046,66.39649463699571,37.20070117798478,102.05087695391128,20.050193074969087,12447.528,4.254040387607776,3.5496448549791113,3.9018426212934436,2.564721239319403,2.1752787606805972,2.37,4.934969939879759,1,319,500,0,0.638,0.6789246833832329,0.5949709219022378,0.20621545706018518,0.19152748964827876,0.19887147335423197,0.09,0.31,0.0669223179253502,24.52052353868471,21.937156712098986,23.228840125391848,8.5,45.5,11.770511959771099,0.25,0.28076923076923077,0.32198095321655273,0.1
layout1|rhoB=0.25|DD,100,5.958747135217719,3.648719991581414,3.2850718944234902,3.852,0.5659,0.33589617813391376,0.7531441885800281,0.7221314019711531,0.7376377952755906,0.43,0.93,0.1544248583730853,DD,187,64.09714720872967,60.603400227492145,62.350273718110905,37.319026143006376,93.62011750465311,17.396739918063385,13681.082,6.683663642858569,5.520201539293943,6.101932591076256,3.01157454582195,2.60442545417805,2.808,5.39392384769539,1,381,500,0,0.762,0.7972415889816121,0.7227631109081946,0.23398702835313387,0.21981874592508135,0.2269028871391076,0.12,0.35,0.07054944900422956,21.343749902738733,19.270423325607727,20.30708661417323,8.5,38.0,10.323908234127654,0.25,0.28076923076923077,0.36072707176208496,0.1
layout1|rhoB=0.30|FD,100,4.285714285714271,2.8982290914171633,2.6537930634583966,3.112,0.34099999999999997,0.2778499616742907,0.526514774679898,0.48581150930801736,0.5061631419939577,0.175,0.83,0.1889109714183355,FD,174,61.520750350169784,56.90681271370999,59.21378153193989,29.055645383170635,101.76657038735806,21.414091302104453,10790.59,5.19256624894611,4.235136755172614,4.713851502059362,2.539893975289405,2.168106024710595,2.354,4.497679358717434,1,331,500,0,0.662,0.7020876848091384,0.6194419387868491,0.15823222773114748,0.14726626169483442,0.15274924471299095,0.07,0.24,0.050894965736373185,21.033705950208017,18.464783475773856,19.749244712990937,6.5,44.75,11.922818371201558,0.3,0.3307692307692308,0.3127858638763428,0.1
layout1|rhoB=0.30|DD,100,6.403940886699487,3.749330395441416,3.3548366227355526,3.776,0.4756,0.3039305637397303,0.6323877093833065,0.5935863165907195,0.612987012987013,0.2720000000000001,0.89,0.19421895488099233,DD,174,61.992918133726306,57.897061804702986,59.944989969214646,32.598324311147664,93.82937633299072,20.501659304291376,12536.284,7.5627951605153365,6.2692886378739585,6.9160418991946475,2.9666098328485773,2.5733901671514228,2.77,5.031162324649299,1,385,500,0,0.77,0.8047456729782474,0.7311370330150648,0.1909591794583677,0.17953432703513872,0.18524675324675322,0.09,0.28,0.05718668165265019,19.81964077587926,17.47126831502983,18.645454545454545,6.5,43.39999999999998,11.754692607442125,0.3,0.3307692307692308,0.3286581039428711,0.1
layout2|rhoB=0.00|FD,100,4.285714285714321,3.023782842722484,2.915070567774247,3.076,0.6524599999999999,0.38102192037678784,0.8700737772158175,0.8412190987736282,0.8556464379947228,0.569,0.98,0.14330118338855047,FD,260,65.67617511367176,62.48815339177132,64.08216425272154,43.17910174258785,92.37915402336056,15.832693694093209,18627.776,5.179041202417963,4.295039644101669,4.737040423259816,2.827502744967056,2.4244972550329438,2.626,5.284693386773548,2,379,500,0,0.758,0.7934828044961348,0.7185828923419191,0.2774354070532267,0.26177303621854114,0.26960422163588393,0.13,0.39,0.07778413749359638,22.736981770570964,20.854047253175736,21.79551451187335,10.5,39.34999999999988,9.351230342992247,0.0,0.0,0.46736884117126465,0.1
layout2|rhoB=0.00|DD,100,4.285714285714321,3.023782842722484,2.915070567774247,3.076,0.6524599999999999,0.38102192037678784,0.8700737772158175,0.8412190987736282,0.8556464379947228,0.569,0.98,0.14330118338855047,DD,260,65.67617511367176,62.48815339177132,64.08216425272154,43.17910174258785,92.37915402336056,15.832693694093209,18627.776,5.179041202417963,4.295039644101669,4.737040423259816,2.827502744967056,2.4244972550329438,2.626,5.284693386773548,2,379,500,0,0.758,0.7934828044961348,0.7185828923419191,0.2774354070532267,0.26177303621854114,0.26960422163588393,0.13,0.39,0.07778413749359638,22.736981770570964,20.854047253175736,21.79551451187335,10.5,39.34999999999988,9.351230342992247,0.0,0.0,0.45094799995422363,0.1
layout2|rhoB=0.05|FD,100,4.285714285714302,3.022981664536504,2.8837883992802222,3.192,0.59912,0.40089132356115326,0.8673532169686237,0.8393134496980429,0.8533333333333333,0.6335000000000001,0.9664999999999997,0.13343751933321496,FD,247,67.12212624225978,63.4406100844208,65.28136816334029,41.96809714843916,97.0503099119155,17.51984525216091,16771.06,5.033753670600612,4.178143860905795,4.605948765753204,2.797537254754371,2.3904627452456286,2.594,5.391947895791584,2,348,500,0,0.696,0.7346986163798547,0.6543125331560312,0.2667817028867187,0.25143668791787904,0.2591091954022989,0.14350000000000002,0.38,0.07302488326004543,21.926393188592336,19.987399914855942,20.95689655172414,10.0,36.5,9.227410839555574,0.05,0.050000000000000044,0.41513609886169434,0.1
layout2|rhoB=0.05|DD,100,4.511278195488739,3.1339646404220702,2.9851278923078812,3.338,0.62122,0.40000389727560326,0.8822993439452375,0.8593390741338586,0.870819209039548,0.6865,0.97,0.11020278024824706,DD,247,67.7787708571827,64.28375140543,66.03126113130635,44.60280186004735,95.63364635964416,16.77510167646063,17205.008,5.308512573016989,4.4549606762263245,4.881736624621657,2.924192430122154,2.511807569877846,2.718,5.533543086172345,2,354,500,0,0.708,0.7461481740367435,0.6666799846544007,0.27970575362790157,0.2645880316828329,0.27214689265536723,0.15650000000000003,0.4,0.07256077576844638,21.907834788668563,20.140187810201493,21.024011299435028,10.5,37.5,8.484203936834517,0.05,0.050000000000000044,0.44301795959472656,0.1
layout2|rhoB=0.10|FD,100,4.285714285714325,2.990644837387362,2.8456034147455993,3.05,0.6081799999999999,0.3868003575919579,0.8522665816312158,0.8244556405910064,0.8383611111111111,0.5694999999999999,0.96,0.13461109830568513,FD,234,66.26463986180238,62.899688122696915,64.58216399224965,42.39260120576053,94.46440957843065,16.28710976344583,16298.756,5.01527363925984,4.209520588207791,4.612397113733816,2.823848643549824,2.4121513564501758,2.618,5.5151062124248496,2,360,500,0,0.72,0.75756461267459,0.6790805551718125,0.2663934752609699,0.25216208029458564,0.2592777777777778,0.15,0.37,0.06888309547229007,22.537410373553453,20.68481184866877,21.61111111111111,10.0,39.025000000000006,8.966986115056716,0.1,0.09999999999999998,0.43232202529907227,0.1
layout2|rhoB=0.10|DD,100,4.761904761904805,3.2162847852133787,3.050879641044807,3.2,0.65238,0.3842778611227795,0.8818508586650888,0.8604072058510399,0.8711290322580644,0.69,0.97,0.10550770345850537,DD,234,65.4637284480291,62.35143783944288,63.90758314373599,44.5225922988011,89.61639363854017,15.31318555914476,16639.176,5.610758342302099,4.694954465298125,5.152856403800112,3.082360464640089,2.6456395353599107,2.864,6.205915831663327,2,372,500,0,0.744,0.7802929213445977,0.7039862648123214,0.2766551039650584,0.26264597130375883,0.2696505376344086,0.16,0.38,0.06892815451530218,22.094033933057446,20.414030583071586,21.254032258064516,10.775,37.0,8.266002849266258,0.1,0.09999999999999998,0.4324219226837158,0.1
layout2|rhoB=0.15|FD,100,4.28571428571429,2.9820463764086655,2.8272984093844364,3.262,0.5453199999999999,0.39668528587794144,0.8323085957752805,0.8004792830125982,0.8163939393939393,0.53,0.96,0.14750208682134924,FD,220,68.71580928121912,64.84694526468817,66.78137727295365,41.17697670961343,97.57195642797362,17.928929861640302,14865.306,4.279046460874274,3.544138264811335,3.9115923628428044,2.493372371217828,2.118627628782172,2.306,4.569503006012024,2,330,500,0,0.66,0.7001618523135019,0.617398269756609,0.24827409220366056,0.23348348355391527,0.24087878787878791,0.13,0.35,0.06854202783018175,23.690422519806514,21.603516874132882,22.6469696969697,10.5,40.0,9.671051964936463,0.15,0.15384615384615385,0.40590405464172363,0.1
layout2|rhoB=0.15|DD,100,5.06493506493507,3.3418469853831625,3.152028124045827,3.604,0.60524,0.4050133504318791,0.8808965265999149,0.8568426038348675,0.8688695652173912,0.702,0.97,0.113974945360235,DD,220,64.62523965035703,61.52990541304314,63.077572531700085,42.9118460014366,90.04940734390202,14.666653502444658,14565.61,5.806628766381266,4.706827281656475,5.25672802401887,2.9304230709771066,2.4935769290228937,2.712,6.2094749498998,2,345,500,0,0.69,0.7289617737302553,0.6481408712280013,0.28382868893128793,0.2686350791846542,0.27623188405797106,0.17,0.39,0.07199203463036086,21.471441367024546,19.586529647468204,20.528985507246375,10.0,37.900000000000006,8.931296252329915,0.15,0.15384615384615385,0.46955084800720215,0.1
layout2|rhoB=0.20|FD,100,4.285714285714291,2.9908004220118207,2.7853154666923157,3.054,0.56504,0.3826788269151277,0.8178852287394668,0.7853812469052323,0.8016332378223495,0.518,0.95,0.1549042070920968,FD,205,68.19360386880555,64.46173900812192,66.32767143846374,40.0214533834408,93.83318687187305,17.784946169585744,14598.126,4.826713700196627,4.045744051964745,4.436228876080686,2.7004978328508726,2.303502167149127,2.502,5.12825250501002,2,349,500,0,0.698,0.7366091266700354,0.6563715243917267,0.24137018253982004,0.22590775442293073,0.2336389684813754,0.12400000000000003,0.36599999999999966,0.07368928457382307,23.25560857050073,21.165594867894686,22.210601719197708,9.200000000000001,40.39999999999995,9.960377072104388,0.2,0.21153846153846156,0.49196720123291016,0.1
layout2|rhoB=0.20|DD,100,5.435540069686418,3.5143611669442367,3.2391578550077673,3.346,0.6343399999999999,0.39242344057589995,0.8808747767521781,0.8597329580544515,0.8703038674033148,0.6515000000000001,0.97,0.10261493218012377,DD,205,66.02148238492583,62.5959933866817,64.30873788580377,41.22841677647007,92.98748213552089,16.626115579941974,14585.56,6.1648271932218,5.059557972433019,5.61219258282741,3.1076823973611845,2.6523176026388153,2.88,6.747094188376754,2,362,500,0,0.724,0.76136251858505,0.6832216523131053,0.2822893729846808,0.2677658756341037,0.27502762430939226,0.16,0.39,0.07049193434848328,20.817805170376783,18.966725216363546,19.892265193370164,10.0,35.0,8.984489303253746,0.2,0.21153846153846156,0.5181901454925537,0.1
layout2|rhoB=0.25|FD,100,4.285714285714285,2.85821379895507,2.7305123078383775,2.852,0.4825,0.3871378325645862,0.7859862218461994,0.7491750684763813,0.7675806451612903,0.4645,0.93,0.1653385805736811,FD,191,69.93535746048714,65.93474495540632,67.93505120794673,41.718223610882674,99.37421318737647,17.96889074270946,12520.372,4.250770622607039,3.51130112494364,3.8810358737753394,2.398219941772582,2.029780058227418,2.214,4.417038076152305,2,310,500,0,0.62,0.6614784092558779,0.5766916822967054,0.23346307986473935,0.2172465975546155,0.22535483870967743,0.11,0.35,0.07283689647313357,24.513103223084478,22.135283873689716,23.324193548387097,9.5,43.0,10.68005862625072,0.25,0.26538461538461533,0.44342589378356934,0.1
layout2|rhoB=0.25|DD,100,5.8339566192969325,3.481925975112481,3.3013495982624974,3.662,0.5761199999999999,0.3976455577259204,0.8461604009050377,0.8148279711879852,0.8304941860465115,0.55,0.96,0.14824744884330512,DD,191,67.23491401493412,63.42535242675969,65.3301332208469,40.40720678208056,95.69039135336956,18.024704491747126,13199.104,6.618616152978705,5.374629028325558,5.996622590652131,2.808059417416268,2.3679405825837323,2.588,6.302861723446894,2,344,500,0,0.688,0.7270477381027262,0.646085405329654,0.2623886697928527,0.24714621392807765,0.2547674418604652,0.13,0.37849999999999967,0.07211873501242606,21.792141580904737,19.675881674909217,20.734011627906977,9.0,37.92499999999998,10.01295255383473,0.25,0.26538461538461533,0.4518101215362549,0.1
layout2|rhoB=0.30|FD,100,4.285714285714304,2.8647721129575716,2.720396422406101,3.072,0.4545,0.36876214697564086,0.7365499358447656,0.695910128052998,0.7162300319488818,0.32,0.92,0.1834162234325748,FD,174,70.34120843846868,65.84682680495835,68.09401762171352,41.053806168198946,104.61471471496002,20.28411428781848,11816.282,4.9252804439266376,4.022309621271316,4.473795032598977,2.5565022246946185,2.139497775305381,2.348,5.6582124248497,2,313,500,0,0.626,0.6673007360096074,0.582777860120605,0.21273573794294354,0.19736010870242393,0.20504792332268373,0.09,0.32,0.06939353312509636,27.296495287093567,24.45749832313008,25.876996805111823,9.8,51.39999999999998,12.813006009644843,0.3,0.3307692307692308,0.4299499988555908,0.1
layout2|rhoB=0.30|DD,100,6.4039408866995355,3.6896753519247083,3.4640477052997842,3.568,0.6114,0.37822499692192896,0.8376953526542268,0.8056650809501096,0.8216802168021682,0.524,0.9659999999999996,0.15695954776545287,DD,174,67.74265740958326,63.9157342898679,65.82919584972558,40.16666164333061,99.9787984900058,18.7532634050828,13295.872,7.239842188420957,6.029660483942522,6.63475133618174,3.02531546166228,2.6146845383377197,2.82,5.486573146292584,2,369,500,0,0.738,0.7746243669051839,0.6977463146741062,0.2600657030564727,0.2453001506020639,0.2526829268292683,0.13,0.36,0.07235637765299315,22.875018680219334,20.48541492411671,21.680216802168022,9.200000000000001,42.099999999999966,11.709895200429552,0.3,0.3307692307692308,0.49445462226867676,0.1
layout3|rhoB=0.00|FD,100,4.285714285714321,3.023782842722484,2.915070567774247,3.158,0.6030599999999999,0.4048464371528428,0.8771556646049932,0.8518038729672612,0.8644797687861272,0.7,0.97,0.12029861828186594,FD,260,68.53202497110854,65.01237275249159,66.77219886180006,44.15738130992061,96.26395980793514,16.701356053358793,17783.9,5.011469803144943,4.145573141024278,4.578521472084611,2.835328573850775,2.3966714261492252,2.616,6.2610661322645305,3,346,500,0,0.692,0.7308749351094421,0.6501972113746908,0.27074846039280825,0.2550896898962091,0.2629190751445087,0.1525,0.38,0.07430356330043777,23.588343502317088,21.628419503463256,22.608381502890172,11.5,40.0,9.300176980339023,0.0,0.0,0.5713109970092773,0.1
layout3|rhoB=0.00|DD,100,4.285714285714321,3.023782842722484,2.915070567774247,3.158,0.6030599999999999,0.4048464371528428,0.8771556646049932,0.8518038729672612,0.8644797687861272,0.7,0.97,0.12029861828186594,DD,260,68.53202497110854,65.01237275249159,66.77219886180006,44.15738130992061,96.26395980793514,16.701356053358793,17783.9,5.011469803144943,4.145573141024278,4.578521472084611,2.835328573850775,2.3966714261492252,2.616,6.2610661322645305,3,346,500,0,0.692,0.7308749351094421,0.6501972113746908,0.27074846039280825,0.2550896898962091,0.2629190751445087,0.1525,0.38,0.07430356330043777,23.588343502317088,21.628419503463256,22.608381502890172,11.5,40.0,9.300176980339023,0.0,0.0,0.5858690738677979,0.1
layout3|rhoB=0.05|FD,100,4.285714285714314,2.9830487039564852,2.8808433594253184,3.026,0.5886,0.3973671366413749,0.8537412491291669,0.8233851876524418,0.8385632183908044,0.5635,0.96,0.1444604550776951,FD,247,68.17684067950269,64.6265567188302,66.40169869916645,43.92019376758046,95.33999217537155,16.895328697598828,16989.332,4.6630876241219275,3.8798757808897304,4.271481702505829,2.6631137574850112,2.2728862425149887,2.468,4.954885771543085,3,348,500,0,0.696,0.7346986163798547,0.6543125331560312,0.2581922595144313,0.24347440715223528,0.2508333333333333,0.14,0.36,0.07004029991306165,23.752427598398455,21.753319528038325,22.75287356321839,11.5,42.5,9.513489153233628,0.05,0.050000000000000044,0.5444607734680176,0.1
layout3|rhoB=0.05|DD,100,4.511278195488752,3.0911180994406235,2.9816746888229897,3.226,0.6083,0.39026956153577064,0.8554223062330978,0.8261375823462892,0.8407799442896935,0.65,0.97,0.14154752854383718,DD,247,67.63157417406659,63.94601440230694,65.78879428818676,42.991097577421776,97.04487002748498,17.814129954223667,17308.582,4.773110490922543,3.9618293471471198,4.367469919034831,2.734775794534007,2.329224205465993,2.532,5.351679358717434,3,359,500,0,0.718,0.7556642245567071,0.6770114417638189,0.26194375904356987,0.2460785250789928,0.25401114206128134,0.13,0.38,0.07668450848762182,23.757549437392235,21.626851676813892,22.692200557103064,11.0,40.0,10.298714211869608,0.05,0.050000000000000044,0.5703999996185303,0.1
layout3|rhoB=0.10|FD,100,4.285714285714309,2.9667166660561177,2.8381616595113037,3.136,0.56528,0.38961946596199865,0.8261964459535825,0.7925896812140473,0.8093930635838149,0.455,0.95,0.15946988760639402,FD,234,67.76940820660894,64.21740273958409,65.99340547309652,41.344535891663746,97.3872930140268,16.85487779004769,15903.176,4.60737959972245,3.780289585978541,4.193834592850496,2.63088237105407,2.2211176289459305,2.426,5.463450901803607,3,346,500,0,0.692,0.7308749351094421,0.6501972113746908,0.24817788905698152,0.23263135949793184,0.24040462427745668,0.1125,0.37,0.0737709607177563,23.397764062959855,21.290097208716443,22.34393063583815,11.0,41.375,10.001242278537964,0.1,0.09999999999999998,0.5612649917602539,0.1
layout3|rhoB=0.10|DD,100,4.761904761904788,3.1887510999704154,3.041799312745519,3.312,0.6284,0.3911350319601313,0.8737443356712341,0.8497363273121913,0.8617403314917127,0.6405000000000001,0.97,0.11652640601860506,DD,234,68.24255933947366,64.68890165323164,66.46573049635265,43.7010412043375,100.10199313316267,17.248201192091017,16712.422,5.275821568480911,4.296336472354891,4.786079020417901,2.6899464429017157,2.3020535570982843,2.496,4.895775551102205,3,362,500,0,0.724,0.76136251858505,0.6832216523131053,0.27289888053900335,0.2588690752621017,0.2658839779005525,0.16,0.38,0.06809572712608726,22.303288214326788,20.417706260811332,21.36049723756906,10.5,38.0,9.15194984151762,0.1,0.09999999999999998,0.6120748519897461,0.1
layout3|rhoB=0.15|FD,100,4.285714285714291,2.9468260575189427,2.7887761208713555,2.918,0.5398999999999998,0.3750096725539463,0.7913967022262156,0.75735692096219,0.7743768115942028,0.426,0.93,0.16129103961700647,FD,221,70.1228640475203,65.68746050060346,67.90516227406188,36.84914645227695,108.27919180978469,21.016317456752404,15464.144,4.810922259717755,3.9992189262127784,4.4050705929652665,2.7434833020808944,2.332516697919105,2.538,5.495547094188376,3,345,500,0,0.69,0.7289617737302553,0.6481408712280013,0.22720893651614443,0.21250120841139175,0.2198550724637681,0.11199999999999999,0.34,0.06968977673563574,24.652275858399495,22.078158924209202,23.36521739130435,9.5,46.900000000000006,12.19696428690253,0.15,0.15000000000000002,0.5547688007354736,0.1
layout3|rhoB=0.15|DD,100,5.042016806722695,3.288785918632458,3.0952082149718576,3.222,0.5899599999999999,0.3851684148728076,0.8334703440861257,0.8005520022825894,0.8170111731843576,0.5455000000000001,0.95,0.15888884083017435,DD,221,67.46261551865595,63.5107722142192,65.48669386643758,41.59675219274454,96.99385281075776,19.07458782498534,15379.158,5.642549949625751,4.661165326644706,5.151857638135229,2.874537227363604,2.4694627726363962,2.672,5.339094188376753,3,358,500,0,0.716,0.7537628878794382,0.6749432769152115,0.25379733343996147,0.2386607671186977,0.2462290502793296,0.13,0.37,0.07306052933311145,22.96679963490935,20.52482047682249,21.74581005586592,9.5,42.5,11.786840299415793,0.15,0.15000000000000002,0.5951228141784668,0.1
layout3|rhoB=0.20|FD,100,4.2857142857143105,2.894598328453477,2.7856895991988693,2.486,0.51376,0.36509567527458936,0.7538719421599831,0.714914185007647,0.7343930635838151,0.3425,0.94,0.18486126833779112,FD,204,71.74511301921278,67.06080003357293,69.40295652639286,36.00405297796496,110.51937286542054,22.227872010969705,15247.984,4.480722193141447,3.761029451284611,4.120875822213029,2.591791402493567,2.2162085975064327,2.404,4.589963927855711,3,346,500,0,0.692,0.7308749351094421,0.6501972113746908,0.2122675658624262,0.19819486188323845,0.20523121387283233,0.09,0.31,0.06677740446818631,27.06964146217444,24.164462584068335,25.61705202312139,9.5,54.375,13.785574206821364,0.2,0.2153846153846154,0.5990841388702393,0.1
layout3|rhoB=0.20|DD,100,5.462184873949612,3.3972825829335576,3.247460695954196,3.108,0.58054,0.3790478372525712,0.8081402437605556,0.7692296192531431,0.7886849315068494,0.38799999999999996,0.96,0.18963939730072035,DD,204,68.82985087202131,64.69568237652776,66.76276662427453,36.14406089315742,99.20117939348405,20.14876995036848,15379.292,5.817015876400289,4.794766402700073,5.305891139550181,2.672873842969099,2.295126157030901,2.484,4.64303006012024,3,365,500,0,0.73,0.7670521059144222,0.6894405695613621,0.2372795098954065,0.22255610654294958,0.22991780821917804,0.1,0.34,0.07175771073639371,23.35424760378096,21.053971574301233,22.204109589041096,8.0,40.900000000000006,11.210895876850504,0.2,0.2153846153846154,0.6167149543762207,0.1
layout3|rhoB=0.25|FD,100,4.285714285714307,2.8597919159921226,2.733963828597712,2.888,0.41428,0.3369598871246578,0.6564765312876792,0.6119969889615418,0.6342367601246105,0.22,0.9,0.2032950288852888,FD,189,70.2580472565058,65.12787377929841,67.69296051790211,30.631443304311226,106.415989239389,23.447605588840794,13210.56,4.406526416655173,3.630493322211783,4.018509869433478,2.3544183954557165,2.005581604544284,2.18,3.9595190380761527,3,321,500,0,0.642,0.6827931212344555,0.5990414871027679,0.18284716900139045,0.16905314252508927,0.17595015576323986,0.08,0.29,0.0630459951764437,23.131353862024724,20.582041776604562,21.856697819314643,6.5,45.0,11.651704287851047,0.25,0.2730769230769231,0.577610969543457,0.1
layout3|rhoB=0.25|DD,100,5.895691609977354,3.512669880307298,3.3235494327413253,3.16,0.5353799999999999,0.35760903798435545,0.7522753018621542,0.7139125434417133,0.7330939226519337,0.361,0.95,0.18619930053507244,DD,189,67.13922698839414,63.24208336497756,65.19065517668585,38.24407386977902,99.6333737756648,18.915360798931463,14128.69,6.177684422665679,5.076054353239498,5.626869387952588,2.7272353454200484,2.332764654579951,2.53,5.063226452905812,3,362,500,0,0.724,0.76136251858505,0.6832216523131053,0.21992202335077893,0.2057133357652432,0.21281767955801106,0.11,0.3294999999999999,0.0689639587683673,22.82178669420444,20.584290653861856,21.70303867403315,7.525,42.89999999999998,10.860016714538308,0.25,0.2730769230769231,0.6358461380004883,0.1
layout3|rhoB=0.30|FD,100,4.2857142857142785,2.794246959029385,2.681720599596659,2.652,0.32198000000000004,0.28222469977364606,0.5267290897424685,0.4833350128216342,0.5050320512820513,0.17,0.8244999999999998,0.1955337297856347,FD,170,62.39434749932621,57.43316875764959,59.9137581284879,26.422404467878348,98.04404518000882,22.35507360285571,10634.242,4.626212264717618,3.7991250146182174,4.212668639667918,2.3994041591063504,2.0365958408936495,2.218,4.283042084168337,3,312,500,0,0.624,0.6653607215442159,0.5807483730601202,0.15737444205110224,0.14570248102582084,0.15153846153846154,0.07,0.23,0.05259386153897154,22.340668135704984,19.220229300192454,20.78044871794872,5.5,50.39999999999998,14.060698772065935,0.3,0.34615384615384615,0.5566871166229248,0.1
layout3|rhoB=0.30|DD,100,6.554621848739485,3.6415087087996114,3.4458163691164607,3.568,0.46391999999999994,0.327464654275235,0.6626059307330052,0.6217638171661544,0.6421848739495798,0.24,0.93,0.1968594419450575,DD,170,65.43500232859998,60.85183947529037,63.14342090194517,32.54752404852157,98.31946281283089,22.09089596132311,12632.188,6.905147720430407,5.6477431897879855,6.276445455109196,2.807044300859563,2.4169556991404373,2.612,4.95135871743487,3,357,500,0,0.714,0.7518606086533169,0.6728760546154563,0.1934675549472819,0.18143440583703174,0.18745098039215682,0.1,0.2719999999999999,0.05799991263449597,21.181158927607243,18.580745834297517,19.88095238095238,6.0,43.19999999999999,12.534020051084347,0.3,0.34615384615384615,0.6129469871520996,0.1
layout4|rhoB=0.00|FD,100,4.285714285714321,3.023782842722484,2.915070567774247,3.022,0.6083599999999999,0.40268252610917615,0.881487122422086,0.8614030509883185,0.8714450867052023,0.7,0.97,0.09530237852541329,FD,260,67.53414381857012,64.3445287620995,65.93933629033481,46.05153536093865,93.44085543420226,15.135272868579758,17616.414,4.759381682754073,4.012974758476526,4.3861782206152995,2.8435282561287734,2.4324717438712264,2.638,5.497951903807615,4,346,500,0,0.692,0.7308749351094421,0.6501972113746908,0.2742416255329219,0.26119190047863877,0.26771676300578034,0.17,0.37,0.06192319325676515,24.153391727382097,21.999787463369348,23.076589595375722,11.5,43.375,10.219223200820172,0.0,0.0,0.7732260227203369,0.1
layout4|rhoB=0.00|DD,100,4.285714285714321,3.023782842722484,2.915070567774247,3.022,0.6083599999999999,0.40268252610917615,0.881487122422086,0.8614030509883185,0.8714450867052023,0.7,0.97,0.09530237852541329,DD,260,67.53414381857012,64.3445287620995,65.93933629033481,46.05153536093865,93.44085543420226,15.135272868579758,17616.414,4.759381682754073,4.012974758476526,4.3861782206152995,2.8435282561287734,2.4324717438712264,2.638,5.497951903807615,4,346,500,0,0.692,0.7308749351094421,0.6501972113746908,0.2742416255329219,0.26119190047863877,0.26771676300578034,0.17,0.37,0.06192319325676515,24.153391727382097,21.999787463369348,23.076589595375722,11.5,43.375,10.219223200820172,0.0,0.0,0.8458020687103271,0.1
layout4|rhoB=0.05|FD,100,4.285714285714297,2.9376167024862303,2.878085744445175,3.0,0.5394,0.40627596571867414,0.8423737845084528,0.808957484841392,0.8256656346749224,0.521,0.96,0.1532052158484916,FD,247,70.25977557526927,65.90180529651117,68.08079043589022,39.81050552318489,103.48991464483795,19.980182841027656,16290.444,4.387825941019092,3.6372634674217617,4.012544704220427,2.523292684921308,2.136707315078692,2.33,4.862825651302606,4,323,500,0,0.646,0.6866584164568579,0.6031151949321183,0.24898417999203187,0.23299724415657497,0.24099071207430342,0.13,0.36799999999999955,0.07329602558722186,25.365915823496408,23.064424733779134,24.21517027863777,11.5,41.5,10.551749974910653,0.05,0.050000000000000044,0.7556381225585938,0.1
layout4|rhoB=0.05|DD,100,4.511278195488734,3.0427589267446895,2.9787498013273965,3.086,0.556,0.40849545538983456,0.8527434765939345,0.819536158664424,0.8361398176291792,0.554,0.97,0.15365464094557307,DD,247,67.73777040601055,63.919619867841696,65.82869513692613,42.36617543892981,96.34724290014717,17.66708625080249,16036.576,5.00824092052541,4.145043050445989,4.5766419854857,2.74408063657864,2.3159193634213597,2.53,5.965030060120241,4,329,500,0,0.658,0.698235205699843,0.6153554148443917,0.2587725652995322,0.24305114290715465,0.25091185410334343,0.14,0.36,0.07274509546306107,23.8022392449118,21.848216682139874,22.825227963525837,11.200000000000001,39.29999999999998,9.041520182978948,0.05,0.050000000000000044,0.9190421104431152,0.1
layout4|rhoB=0.10|FD,100,4.285714285714315,2.9149694530782013,2.835484260392759,2.96,0.5589,0.3923182601338726,0.8283731312259562,0.7956737895951579,0.8120234604105571,0.46,0.96,0.154038801570146,FD,234,69.93754474809256,66.14253127213044,68.0400380101115,42.26472094694958,98.36927351644069,17.87740359974599,16118.622,4.645858884593535,3.824448489543349,4.235153687068442,2.64439057290462,2.22360942709538,2.434,5.76116633266533,4,341,500,0,0.682,0.7213004310311333,0.639924207823618,0.24424668395022053,0.22877384390901706,0.2365102639296188,0.13,0.37,0.07288886007994408,25.796792425069686,23.346902589593068,24.571847507331377,10.0,46.0,11.540846861585155,0.1,0.09999999999999998,0.8654069900512695,0.1
layout4|rhoB=0.10|DD,100,4.761904761904795,3.12981506807435,3.0382138749969245,3.158,0.57938,0.40046392885830967,0.8511312448797455,0.8190431737249055,0.8350872093023255,0.5260000000000001,0.97,0.1518227194624012,DD,234,67.8999615705122,64.123595797299,66.0117786839056,42.595297414121504,101.63097299692677,17.867640551136184,15748.646,5.288695481729522,4.321593938308518,4.80514471001902,2.669560991472678,2.258439008527322,2.464,5.499703406813627,4,344,500,0,0.688,0.7270477381027262,0.646085405329654,0.26659162393054586,0.25114093420898903,0.25886627906976745,0.14,0.3884999999999997,0.07310398059693622,22.980858512111737,21.048211255330123,22.01453488372093,11.075000000000001,38.0,9.144200686611724,0.1,0.09999999999999998,0.783149242401123,0.1
layout4|rhoB=0.15|FD,100,4.2857142857143185,2.8583967636272902,2.7995105815539807,2.842,0.5288599999999999,0.3786471282016949,0.7858089901623463,0.7481499541191788,0.7669794721407626,0.43,0.95,0.17740273935401554,FD,221,71.2969752916456,66.8100966421207,69.05353596688315,42.347067200397305,108.65647107026061,21.136615463612827,15704.43,4.6137295828760045,3.78463069286852,4.199180137872262,2.5374756022089566,2.1545243977910435,2.346,4.771827655310621,4,341,500,0,0.682,0.7213004310311333,0.639924207823618,0.22425284698547632,0.20970609729604855,0.21697947214076244,0.11,0.34,0.06852626925032183,25.058350057333403,22.701180734455452,23.879765395894427,9.5,44.0,11.104062635072921,0.15,0.15000000000000002,0.8555741310119629,0.1
layout4|rhoB=0.15|DD,100,5.042016806722728,3.179784567913995,3.107080971878946,3.2,0.5660599999999999,0.3870870045586604,0.8186989673113578,0.7820438898314992,0.8003714285714285,0.408,0.96,0.17493717017255647,DD,221,67.46941942670409,63.599126466200886,65.53427294645249,40.696682834265566,94.98720343591211,18.471058985517892,15302.944,5.5613153853142565,4.528690345133648,5.045002865223952,2.695449326626001,2.304550673373999,2.5,4.971943887775551,4,350,500,0,0.7,0.7385187435059938,0.6584314090816449,0.2426393175149892,0.22776068248501077,0.2352,0.12,0.34,0.07100861564417381,23.779081248936663,21.65520446534905,22.717142857142857,9.725,41.60000000000002,10.136249050903409,0.15,0.15000000000000002,0.7942521572113037,0.1
layout4|rhoB=0.20|FD,100,4.2857142857142865,2.795617468322578,2.7658648628925597,2.66,0.4575999999999999,0.37393675587562875,0.739979080136785,0.6956260154046162,0.7178025477707006,0.2565,0.93,0.20049446669570897,FD,208,71.56323080758621,66.58016468171512,69.07169774465066,34.97902918137466,105.21135890618848,22.525550183488377,13807.32,4.324571243104142,3.580441280219729,3.9525062616619353,2.350233673149701,1.9777663268502992,2.164,4.514132264529058,4,314,500,0,0.628,0.6692399861432997,0.5848081115127891,0.20353507529727474,0.18875791833329855,0.19614649681528665,0.08,0.32,0.06679895115843812,25.97596050591844,23.234230576884105,24.605095541401273,9.5,47.67499999999998,12.393769929199724,0.2,0.19999999999999996,0.7836940288543701,0.1
layout4|rhoB=0.20|DD,100,5.357142857142858,3.2204063040880726,3.182108173448829,3.19,0.55322,0.3865362235343648,0.8119324938201857,0.7758356221218432,0.7938840579710145,0.424,0.96,0.17103817201376592,DD,208,70.6649916404543,66.39585520710014,68.53042342377722,41.044259760908524,106.45003277176954,20.228492312030152,14903.974,5.722725044571931,4.77167007767409,5.24719756112301,2.764058080868852,2.347941919131148,2.556,5.6341322645290575,4,345,500,0,0.69,0.7289617737302553,0.6481408712280013,0.23597279570531085,0.22107068255555876,0.2285217391304348,0.11,0.35,0.07061083335908384,24.34332102603153,22.062476075417745,23.202898550724637,9.5,43.0,10.807350682904797,0.2,0.19999999999999996,0.8173487186431885,0.1
layout4|rhoB=0.25|FD,100,4.285714285714303,2.7737678701093005,2.760279858409584,2.99,0.44771999999999995,0.35537555511084423,0.6986738967582007,0.6534119928123516,0.6760429447852762,0.22,0.92,0.20847575323891343,FD,194,73.05467037516082,67.65863853707371,70.35665445611727,35.04851183247115,114.88521469057585,24.854053936666958,13934.766,4.771065150913111,3.916693684995937,4.343879417954524,2.324779221765859,1.9912207782341407,2.158,3.6202765531062124,4,326,500,0,0.652,0.6924504150173392,0.6092317009492663,0.1927729529705623,0.1780859427349592,0.18542944785276075,0.07,0.3075,0.06764818213034515,27.03429606363353,24.14975301612107,25.5920245398773,9.5,48.375,13.28616854694601,0.25,0.25384615384615383,0.6960887908935547,0.1
layout4|rhoB=0.25|DD,100,5.74374079528721,3.324448463803916,3.3072334562402164,3.428,0.54352,0.3767959128226309,0.7849179728824613,0.7458206634811753,0.7653693181818183,0.3855,0.96,0.18712513896171895,DD,194,68.45761652430497,64.4782321710249,66.46792434766493,40.71054946877,105.37305772847137,19.04588478063224,14059.138,6.347771527898334,5.142304571295244,5.745038049596789,2.643053554005784,2.2409464459942163,2.442,5.261158316633266,4,352,500,0,0.704,0.7423352765614168,0.6625538790779746,0.2314149734769371,0.21636911743215384,0.22389204545454547,0.1,0.35,0.07201155133927144,24.274257353297454,22.02971991942982,23.151988636363637,10.0,42.5,10.742667095230999,0.25,0.25384615384615383,0.750352144241333,0.1
layout4|rhoB=0.30|FD,100,4.285714285714288,2.7718199007054647,2.696354752290271,2.554,0.41503999999999996,0.3375976046795515,0.6653221091034781,0.6238892473633989,0.6446056782334385,0.29,0.9,0.18818651290286909,FD,179,71.53756780461583,66.48687595389569,69.01222187925576,36.41465910099903,104.87172324465999,22.940054034803566,12376.502,4.755688060185149,3.9497291819632747,4.352708621074211,2.3964563092424176,2.0315436907575823,2.214,4.332869739478958,4,317,500,0,0.634,0.6750531255489673,0.5909034766847505,0.18325804009192487,0.1702435371951414,0.17675078864353314,0.08,0.28,0.05911138681837252,25.666561420312064,23.030599462968695,24.34858044164038,9.0,48.5,11.972440909560063,0.3,0.31153846153846154,0.6243388652801514,0.1
layout4|rhoB=0.30|DD,100,6.225059856344777,3.4794445511535326,3.3672305822585598,3.426,0.54688,0.36368612951500257,0.7696645295753877,0.732108323610208,0.7508864265927978,0.36,0.95,0.18203263095367686,DD,179,69.65137499623981,65.37669331593779,67.5140341560888,39.58304207815746,106.5930152397414,20.719120389218936,13646.52,7.08933880212242,5.875455777909826,6.482397290016123,2.813614455460155,2.418385544539845,2.616,5.082709418837676,4,361,500,0,0.722,0.7594640461021093,0.6811506232701695,0.22635041325942748,0.21237534851342568,0.21936288088642658,0.11,0.33,0.06773628320766169,24.301156774198784,21.96200112053806,23.13157894736842,10.0,44.0,11.33774423968209,0.3,0.31153846153846154,0.7778048515319824,0.1
layout5|rhoB=0.00|FD,100,4.285714285714321,3.023782842722484,2.915070567774247,3.416,0.6410399999999999,0.3985908525486641,0.8925985615686658,0.8703931281820265,0.8814958448753462,0.74,0.97,0.10762837610871072,FD,260,63.94154926475907,60.51488285142286,62.228216058090965,41.023515066020465,92.65673584212956,16.608842309537728,17322.78,5.441402507416705,4.543760481093529,4.992581494255117,2.9819094358052456,2.5500905641947544,2.766,6.06737875751503,5,361,500,0,0.722,0.7594640461021093,0.6811506232701695,0.29704749680436554,0.28167826496848763,0.2893628808864266,0.17,0.4,0.07449372573512257,19.94884227694176,18.18412171197791,19.066481994459835,9.5,33.5,8.553492534263572,0.0,0.0,1.0231342315673828,0.1
layout5|rhoB=0.00|DD,100,4.285714285714321,3.023782842722484,2.915070567774247,3.416,0.6410399999999999,0.3985908525486641,0.8925985615686658,0.8703931281820265,0.8814958448753462,0.74,0.97,0.10762837610871072,DD,260,63.94154926475907,60.51488285142286,62.228216058090965,41.023515066020465,92.65673584212956,16.608842309537728,17322.78,5.441402507416705,4.543760481093529,4.992581494255117,2.9819094358052456,2.5500905641947544,2.766,6.06737875751503,5,361,500,0,0.722,0.7594640461021093,0.6811506232701695,0.29704749680436554,0.28167826496848763,0.2893628808864266,0.17,0.4,0.07449372573512257,19.94884227694176,18.18412171197791,19.066481994459835,9.5,33.5,8.553492534263572,0.0,0.0,1.0925629138946533,0.1
layout5|rhoB=0.05|FD,100,4.2857142857143185,3.004028432488557,2.8727003841367154,3.338,0.5981799999999999,0.39946468137161595,0.8671031416581207,0.8407931119441849,0.8539481268011528,0.643,0.96,0.12502590559632196,FD,247,63.38282872353407,60.382282250881325,61.882555487207696,41.92247199263617,87.66376479800874,14.25867032862195,15715.508,5.033693339574993,4.186224352310855,4.609958845942924,2.7499144134724807,2.3460855865275194,2.548,5.3063086172344684,5,347,500,0,0.694,0.7327872175773242,0.6522544304326852,0.284339345781485,0.26874422770554673,0.27654178674351587,0.15,0.39,0.07410838305868565,19.902362239741063,18.21002969109467,19.056195965417867,9.15,36.5,8.042005720448683,0.05,0.050000000000000044,1.1229209899902344,0.1
layout5|rhoB=0.05|DD,100,4.511278195488757,3.1135529672758837,2.9730179827398064,3.37,0.6325799999999999,0.3964976220971032,0.8879064607311075,0.8699086653193125,0.87890756302521,0.72,0.9719999999999999,0.0867495741915501,DD,247,62.58884495041993,59.50346058140702,61.046152765913476,40.25853446959757,87.19953404794227,14.871586997467851,15911.832,5.438376118352557,4.554801755277873,4.996588936815215,2.880141048071946,2.467858951928054,2.674,5.530785571142284,5,357,500,0,0.714,0.7518606086533169,0.6728760546154563,0.29550774359327314,0.2793381947820771,0.2874229691876751,0.16,0.41,0.07793740522916957,20.55096410170132,18.689932256842095,19.62044817927171,9.4,34.599999999999994,8.9701942045997,0.05,0.050000000000000044,1.3079769611358643,0.1
layout5|rhoB=0.10|FD,100,4.28571428571432,2.9652487555306366,2.824303072751465,3.388,0.5854600000000001,0.38711510511631864,0.8322372334241074,0.7983245643287017,0.8152808988764045,0.3825,0.96,0.16323034713455895,FD,234,64.31864794013245,60.77026190662773,62.544454923380094,38.14847926029688,91.62733509386146,17.07928922925344,15316.138,5.207490329239049,4.356610084534657,4.782050206886853,2.979567953720034,2.5564320462799657,2.768,5.825827655310621,5,356,500,0,0.712,0.7499573927711387,0.6708097689717583,0.2620621091700504,0.24630867734680356,0.254185393258427,0.12,0.37,0.07582529519676068,20.306525416061874,18.35077795472464,19.328651685393258,8.0,38.875,9.413512576185212,0.1,0.09999999999999998,1.200955867767334,0.1
layout5|rhoB=0.10|DD,100,4.7619047619048,3.1868523175783885,3.0255908788630825,3.732,0.65136,0.37856673909880645,0.872297560910744,0.848234353982873,0.8602659574468084,0.6775,0.97,0.11903135053987884,DD,234,63.74754241016077,60.7114593979507,62.22950090405573,42.42663833167852,90.46573116539116,15.018324962994553,16024.984,5.774499498948856,4.860855957430317,5.317677728189587,3.080133564926324,2.6518664350736763,2.866,5.967979959919839,5,376,500,0,0.752,0.787836411882321,0.7123207803781036,0.2828471630172798,0.26731241145080537,0.2750797872340426,0.16,0.4025,0.07684439005996432,20.562368783147306,18.730184408342055,19.64627659574468,9.0,36.75,9.063105396751387,0.1,0.09999999999999998,1.0542681217193604,0.1
layout5|rhoB=0.15|FD,100,4.285714285714307,2.9415672962529142,2.7382204429661696,3.266,0.57256,0.3754530281575918,0.8126760843998366,0.7814812189709499,0.7970786516853933,0.48,0.9524999999999999,0.1501488632005932,FD,221,64.14144940018075,60.678977132998725,62.410213266589736,38.95942386482822,91.3719839036696,16.665764305543053,14166.092,4.892253087139311,4.029489301218405,4.460871194178858,2.6822316851104393,2.289768314889561,2.486,5.011827655310621,5,356,500,0,0.712,0.7499573927711387,0.6708097689717583,0.2585844810164638,0.24282001336555867,0.25070224719101125,0.12,0.38,0.07587841345691623,20.215444691275632,18.377251937937853,19.296348314606742,8.875,35.75,8.847691710240696,0.15,0.15000000000000002,0.8722219467163086,0.1
layout5|rhoB=0.15|DD,100,5.042016806722714,3.2819597291420886,3.033666378848922,3.528,0.67906,0.3499540714211058,0.8569910682295415,0.8327089317704582,0.8448499999999999,0.6495000000000001,0.97,0.12388845132185371,DD,221,63.41935935234318,60.02765606375628,61.72350770804973,40.39853513935809,94.10647321794119,17.304608615239257,15590.566,6.337629320032935,5.266797321574208,5.802213320803571,3.1475315810722932,2.7404684189277067,2.944,5.391647294589179,5,400,500,0,0.8,0.8327150586074055,0.7627101702740526,0.28399810065864806,0.26950189934135194,0.27675,0.15950000000000003,0.4,0.07396021080253143,19.895391837218828,17.977108162781175,18.93625,8.5,36.02499999999998,9.787161604273756,0.15,0.15000000000000002,1.3124918937683105,0.1
layout5|rhoB=0.20|FD,100,4.2857142857143025,2.90103056578823,2.680593737601413,3.516,0.5428599999999999,0.3751910941296827,0.7901139044744094,0.7545987392037514,0.7723563218390804,0.4335,0.94,0.16901194316965468,FD,207,66.56609681959876,62.70226162399508,64.63417922179691,39.99393583738664,97.01022256504288,18.38747727962296,13502.514,5.3185013050229495,4.375294464880622,4.846897884951786,2.7625843212193764,2.3614156787806233,2.562,5.236629258517035,5,348,500,0,0.696,0.7346986163798547,0.6543125331560312,0.2430423705778008,0.2278196983877165,0.23543103448275865,0.12,0.35,0.07244267026419894,20.807072373151247,18.779134523400476,19.79310344827586,8.5,41.82499999999999,9.650686235066987,0.2,0.2038461538461539,0.7408668994903564,0.1
layout5|rhoB=0.20|DD,100,5.383022774327143,3.370758037692858,3.0810048115918596,4.146,0.6337999999999999,0.3690842809072552,0.8461501837723309,0.8195111918890448,0.8328306878306878,0.597,0.96,0.13212275423155745,DD,207,64.55769041741749,61.04778836372326,62.80273939057037,40.146690984236706,92.41048948916054,17.408238586837943,14173.928,6.52944833758088,5.477719242793218,6.003583790187049,3.043336491837728,2.6486635081622723,2.846,5.068420841683366,5,378,500,0,0.756,0.7916017600000562,0.7164944353121212,0.2764957466363525,0.26159949145888556,0.26904761904761904,0.14,0.39,0.07388170957842778,20.03397877753669,18.26496302140511,19.1494708994709,8.925,34.57499999999999,8.773876842005103,0.2,0.2038461538461539,0.8598690032958984,0.1
layout5|rhoB=0.25|FD,100,4.28571428571429,2.772376997741919,2.593718089270812,3.064,0.48846,0.3488920746585096,0.6993156194916049,0.6549700947941094,0.6771428571428572,0.20600000000000002,0.93,0.21374592258602476,FD,192,64.36000750101904,59.821557361964715,62.090782431491874,31.24079432252707,101.27614078638798,21.87538018098192,12194.544,5.850845113466037,4.835820385096368,5.343332749281203,2.727764954354165,2.3402350456458345,2.534,4.886617234468937,5,357,500,0,0.714,0.7518606086533169,0.6728760546154563,0.2148165805221446,0.19918902171875172,0.20700280112044817,0.08,0.34,0.07532500735947338,20.3375915320516,18.250643762066044,19.294117647058822,7.4,37.099999999999994,10.059111478042846,0.25,0.2615384615384615,0.9304590225219727,0.1
layout5|rhoB=0.25|DD,100,5.803571428571435,3.3507464248726246,3.0965031207512452,4.052,0.5902,0.3458264765801016,0.7701264668657068,0.7332581485189087,0.7516923076923078,0.3990000000000001,0.96,0.1857374870065108,DD,192,63.58063766065824,59.97573889467854,61.77818827766839,35.36793043782321,94.19682750800555,18.16098123618618,13102.914,7.353698054047334,6.120046378449373,6.736872216248353,2.9657464893585384,2.5742535106414617,2.77,4.9870741482965935,5,390,500,0,0.78,0.8140996526044155,0.7416305610182787,0.24847672255054315,0.23260020052637992,0.24053846153846153,0.11,0.38,0.07998372140094359,19.22213588896857,17.27273590590322,18.247435897435896,7.0,36.77499999999998,9.820807410288001,0.25,0.2615384615384615,0.945889949798584,0.1
layout5|rhoB=0.30|FD,100,4.285714285714264,3.047962702593803,2.8567395886325495,3.194,0.4453,0.34315013336447375,0.686163673112337,0.6459575390088751,0.666060606060606,0.289,0.91,0.18632160636005707,FD,131,68.16557973979171,63.67229906103326,65.91893940041248,36.0859708595889,103.31012457680889,20.822575772605795,11524.432,4.244193038290537,3.517457724434771,3.880825381362654,2.558802702589912,2.165197297410088,2.362,5.041038076152304,5,330,500,0,0.66,0.7001618523135019,0.617398269756609,0.1967527328322465,0.18300484292532923,0.18987878787878787,0.09,0.3,0.06370990369097673,23.11746006225001,20.74011569532575,21.92878787878788,8.5,40.275000000000006,11.016991093362126,0.3,0.49615384615384617,0.6442511081695557,0.1
layout5|rhoB=0.30|DD,100,8.505997818974876,4.7504048480871255,4.312016555410865,4.968,0.66122,0.34643375165906853,0.8350935894753759,0.8073503007989382,0.8212219451371571,0.55,0.98,0.1417242149994382,DD,131,61.65960460883658,58.5806258252964,60.12011521706649,39.25008157020798,87.1407250214421,15.72869951310995,12599.86,8.86992491675627,7.256572717804722,8.063248817280495,3.1552133087855982,2.7407866912144017,2.948,5.588472945891783,5,401,500,0,0.802,0.8345694321231747,0.7648252982841597,0.27779531802399193,0.2640001931979532,0.27089775561097257,0.17,0.39,0.070471214122861,17.427736485989662,15.85156525964625,16.639650872817956,7.5,29.0,8.051735768007138,0.3,0.49615384615384617,0.6491761207580566,0.1
layout6|rhoB=0.00|FD,100,4.285714285714321,3.023782842722484,2.915070567774247,2.834,0.57652,0.4083363402067797,0.8680400059501995,0.8400438263851299,0.8540419161676647,0.6465000000000001,0.97,0.13052266625351663,FD,260,67.4779272615495,64.07001028014881,65.77396877084915,43.55385873694538,94.08573467955937,15.888253957980654,17018.456,4.5539991431347016,3.765195212700286,4.159597177917494,2.667258384159419,2.2567416158405815,2.462,5.483523046092185,6,334,500,0,0.668,0.707860262369349,0.6255778658042676,0.278635722416036,0.26190319973965265,0.27026946107784433,0.14,0.4,0.0780096965656658,23.418521524189217,21.512616200361684,22.46556886227545,12.5,38.5,8.885635410165719,0.0,0.0,1.105621099472046,0.1
layout6|rhoB=0.00|DD,100,4.285714285714321,3.023782842722484,2.915070567774247,2.834,0.57652,0.4083363402067797,0.8680400059501995,0.8400438263851299,0.8540419161676647,0.6465000000000001,0.97,0.13052266625351663,DD,260,67.4779272615495,64.07001028014881,65.77396877084915,43.55385873694538,94.08573467955937,15.888253957980654,17018.456,4.5539991431347016,3.765195212700286,4.159597177917494,2.667258384159419,2.2567416158405815,2.462,5.483523046092185,6,334,500,0,0.668,0.707860262369349,0.6255778658042676,0.278635722416036,0.26190319973965265,0.27026946107784433,0.14,0.4,0.0780096965656658,23.418521524189217,21.512616200361684,22.46556886227545,12.5,38.5,8.885635410165719,0.0,0.0,1.057399034500122,0.1
layout6|rhoB=0.05|FD,100,4.2857142857143105,3.0085089692765106,2.8720608570783095,2.968,0.57886,0.39231814571200985,0.8436765583543002,0.8155141930907863,0.8295953757225433,0.5325,0.96,0.1336352742702267,FD,247,68.77261322772775,65.42861268785573,67.10061295779174,43.35408076587639,94.57990568381126,15.867858580917467,16883.664,4.84902235064964,4.00529606539141,4.427159208020525,2.7646920745186327,2.3553079254813674,2.56,5.453306613226452,6,346,500,0,0.692,0.7308749351094421,0.6501972113746908,0.25620856252411556,0.24136369181114453,0.24878612716763004,0.14,0.39,0.07044146862920203,23.602576379929022,21.461007435099877,22.53179190751445,11.0,39.875,10.162113538155786,0.05,0.050000000000000044,0.9691541194915771,0.1
layout6|rhoB=0.05|DD,100,4.511278195488749,3.1183814513226507,2.9721614209299276,3.004,0.616,0.3943259894705698,0.8708390691041313,0.8474755376374418,0.8591573033707866,0.66,0.97,0.1124546505280407,DD,247,69.08244072314702,65.51395244694078,67.2981965850439,44.90666227508889,97.76638406942723,17.17604646310964,17389.37,5.302075922649016,4.339995005193646,4.821035463921331,2.8598519334125823,2.420148066587418,2.64,6.290981963927855,6,356,500,0,0.712,0.7499573927711387,0.6708097689717583,0.26699077281452527,0.25194181145513767,0.25946629213483147,0.14,0.39,0.07243449873546498,23.195902953840932,21.222636372001762,22.209269662921347,10.5,38.625,9.497836582443151,0.05,0.050000000000000044,0.9715049266815186,0.1
layout6|rhoB=0.10|FD,100,4.285714285714276,2.9569432260776276,2.82439971792926,2.664,0.5223399999999999,0.39501594853777533,0.8078667445203849,0.7697552066991273,0.7888109756097561,0.39100000000000007,0.96,0.1760789046827434,FD,234,68.8769769027744,64.9662330358266,66.9216049693005,42.400266781544076,99.93362446061136,18.068006067255727,15173.93,4.7938501470494685,3.8756340512307634,4.334742099140116,2.6318847313961005,2.2081152686038994,2.42,5.843286573146292,6,328,500,0,0.656,0.6963077483879331,0.6133133706304251,0.24062992885973758,0.224126168701238,0.2323780487804878,0.11,0.35649999999999976,0.0762489308482966,23.752573478549024,21.46998749706073,22.611280487804876,8.5,44.14999999999998,10.54576284351526,0.1,0.09999999999999998,0.9136650562286377,0.1
layout6|rhoB=0.10|DD,100,4.761904761904751,3.177380912925431,3.024954999273886,3.002,0.57002,0.39631847833850126,0.8453071858270542,0.8177516377023577,0.831529411764706,0.5595,0.9605000000000001,0.12961714335750626,DD,234,68.2884413985977,64.55367911906221,66.42106025882995,43.305189460923906,96.95180182516383,17.56775860897852,15577.748,4.9984709688173155,4.132259994889358,4.565365481853337,2.5814297098082877,2.1905702901917126,2.386,4.970945891783567,6,340,500,0,0.68,0.7193829432804977,0.6378721940483771,0.25400278641678387,0.23940897828909843,0.24670588235294116,0.13,0.36,0.06864707287469295,24.574369156274425,22.17857202019616,23.376470588235293,11.0,41.025000000000006,11.269468472820684,0.1,0.09999999999999998,1.0302979946136475,0.1
layout6|rhoB=0.15|FD,100,4.2857142857143025,2.832381417927576,2.7723345303504328,2.87,0.51128,0.36920045985767436,0.7663644994447382,0.7312686366499365,0.7488165680473373,0.4285,0.94,0.16459938441804098,FD,221,70.54160500369142,66.26926071828441,68.40543286098791,43.5406842798534,101.76830529848743,20.037268880139585,15129.708,4.828580560187242,3.9254817905475354,4.377031175367389,2.4894695321388447,2.1225304678611554,2.306,4.38112625250501,6,338,500,0,0.676,0.7155454152173639,0.6337707190597581,0.21881116366853542,0.20456161739655337,0.2116863905325444,0.11850000000000001,0.33,0.0668302859034439,25.93120743979107,23.44157362529769,24.68639053254438,10.425,45.799999999999955,11.676367544742249,0.15,0.15000000000000002,0.9600048065185547,0.1
layout6|rhoB=0.15|DD,100,5.042016806722709,3.1472967967679812,3.0731623539299786,2.944,0.5466799999999999,0.3768333641926329,0.7936418305971079,0.7576475676836943,0.7756446991404011,0.444,0.95,0.17153783757638827,DD,221,67.59276699589063,63.69072297351775,65.64174498470419,39.83103617155563,94.2879714637333,18.595968900262612,14975.676,5.875316862107813,4.788454809705935,5.331885835906874,2.673382278742037,2.286617721257963,2.48,4.867334669338677,6,349,500,0,0.698,0.7366091266700354,0.6563715243917267,0.23426705588746322,0.2197157521354594,0.2269914040114613,0.12,0.35,0.06934713972447325,23.6425170654902,21.199889811300633,22.421203438395416,9.0,42.0,11.640827267299974,0.15,0.15000000000000002,0.950084924697876,0.1
layout6|rhoB=0.20|FD,100,4.285714285714286,2.72029295322679,2.7162824407296062,2.764,0.37160000000000004,0.329490771246591,0.6177280128332223,0.56787459302997,0.5928013029315962,0.17,0.9069999999999999,0.22283226552810598,FD,208,68.12983333072776,62.94228014121732,65.53605673597254,26.169309931615167,105.34321269110104,23.18705987128188,12739.682,4.795730831101623,3.923678037197156,4.359704434149389,2.2873253753568332,1.9246746246431663,2.106,4.279322645290581,6,307,500,0,0.614,0.655649267240184,0.57061231973477,0.1697385606269381,0.1555383123372313,0.1626384364820847,0.07,0.28,0.06347154337545649,27.068064160789614,23.68112150696283,25.37459283387622,6.5,51.849999999999994,15.138783011165865,0.2,0.19999999999999996,0.8252511024475098,0.1
layout6|rhoB=0.20|DD,100,5.357142857142857,3.1200369780834145,3.1157127366594546,3.202,0.44767999999999997,0.3490809829614479,0.6734672446127299,0.625062167151976,0.649264705882353,0.2,0.95,0.2276901855143503,DD,208,67.96101537143049,63.11626400612455,65.53863968877752,27.834427774174966,105.1060069962815,22.788979896412528,13912.182,6.535326831770574,5.314943374156536,5.925135102963555,2.6410764276226835,2.250923572377317,2.446,4.952989979959921,6,340,500,0,0.68,0.7193829432804977,0.6378721940483771,0.19481438737765466,0.18018561262234534,0.1875,0.08,0.31,0.06881155061851951,25.132984418393562,22.252309699253495,23.69264705882353,6.5,49.525000000000006,13.550259510261014,0.2,0.19999999999999996,0.9263079166412354,0.1
layout6|rhoB=0.25|FD,100,4.28571428571428,2.7041641393079714,2.6762667206283357,2.486,0.28708,0.2684197681689778,0.4978711605368698,0.4534987024768287,0.47568493150684926,0.15,0.81,0.19342777951731427,FD,194,64.5891301374456,59.11395090652929,61.851540521987445,25.425145891823384,106.84215511792442,23.867322375119226,11188.874,4.7881152814532735,3.9372891313470513,4.362702206400162,2.258532393208384,1.9134676067916159,2.086,3.8743527054108213,6,292,500,0,0.584,0.6264032949315997,0.5403157691552084,0.14591744775966187,0.13380857963759846,0.13986301369863016,0.06,0.2244999999999999,0.052784803360441716,24.87978611393344,21.37021388606656,23.125,6.0,53.5,15.29887666293726,0.25,0.25384615384615383,0.7854700088500977,0.1
layout6|rhoB=0.25|DD,100,5.743740795287179,3.2300132921019813,3.190276310547561,3.022,0.35766,0.28622469066643114,0.5303584398732948,0.48582653122497127,0.508092485549133,0.14250000000000002,0.86,0.21131157735906958,DD,194,61.62433163011263,56.63688724231542,59.13060943621402,22.10790540008837,100.60620756277929,23.666282729962077,12246.016,6.42879423168124,5.2527586558901485,5.840776443785694,2.5482568016811142,2.1877431983188855,2.368,4.229034068136272,6,346,500,0,0.692,0.7308749351094421,0.6501972113746908,0.1617182422199839,0.1489753993985132,0.15534682080924855,0.07,0.26,0.06046698420021662,23.3813116479735,19.95683864104384,21.66907514450867,5.0,48.5,16.24971429885267,0.25,0.25384615384615383,0.8556327819824219,0.1
layout6|rhoB=0.30|FD,100,4.285714285714281,2.7268926430114595,2.6760911132386025,2.79,0.30069999999999997,0.2647774995132649,0.48524723704628214,0.4419679528271355,0.46360759493670883,0.14,0.7825,0.1962625981540989,FD,178,62.85346143199239,57.635703034112815,60.244582233052604,25.93295419081321,105.9924700124576,23.66145462394631,11066.038,4.919916939434171,4.016622033243135,4.468269486338653,2.306803585625493,1.9651964143745073,2.136,3.7970981963927857,6,316,500,0,0.632,0.6731161834664587,0.5888709172413829,0.14373417838203872,0.1317721507318853,0.13775316455696202,0.06,0.23,0.05424532009176966,23.422118729221527,20.473450891031636,21.94778481012658,6.0,45.75,13.371598478529283,0.3,0.3153846153846154,0.8379418849945068,0.1
layout6|rhoB=0.30|DD,100,6.260032102728727,3.4262498957172576,3.3483953561154967,3.412,0.38212,0.2983238170170112,0.5510379428393721,0.5045362868525047,0.5277871148459384,0.158,0.91,0.22413849939748887,DD,178,62.86236534211825,57.86088216058472,60.36162375135149,24.626813303200393,102.58032487705097,24.107204599063987,12282.206,7.2162839643840595,5.902647307822628,6.559465636103344,2.743897136128406,2.3561028638715937,2.55,4.893286573146293,6,357,500,0,0.714,0.7518606086533169,0.6728760546154563,0.16932866598275811,0.1559934628687825,0.1626610644257703,0.07,0.27,0.06427582742367963,23.093010846224274,20.13387991007825,21.613445378151262,5.0,47.099999999999994,14.263044045910236,0.3,0.3153846153846154,0.8742220401763916,0.1
layout7|rhoB=0.00|FD,100,4.285714285714321,3.023782842722484,2.915070567774247,2.992,0.5808599999999999,0.40365348092804887,0.8592133305304631,0.8285872559798008,0.8439002932551319,0.59,0.96,0.14427213470679265,FD,260,66.0507064666919,62.61507236310688,64.3328894148994,41.32330817072598,92.69099844256729,16.184453067131653,16976.152,4.711878926099551,3.936619526247508,4.32424922617353,2.7033603774745094,2.292639622525491,2.498,5.488973947895791,7,341,500,0,0.682,0.7213004310311333,0.639924207823618,0.26852679305049687,0.25270487850375534,0.2606158357771261,0.13,0.38,0.07453326684197907,22.47032988951301,20.526737559167344,21.498533724340177,10.5,36.5,9.15580003682368,0.0,0.0,1.4039969444274902,0.1
layout7|rhoB=0.00|DD,100,4.285714285714321,3.023782842722484,2.915070567774247,2.992,0.5808599999999999,0.40365348092804887,0.8592133305304631,0.8285872559798008,0.8439002932551319,0.59,0.96,0.14427213470679265,DD,260,66.0507064666919,62.61507236310688,64.3328894148994,41.32330817072598,92.69099844256729,16.184453067131653,16976.152,4.711878926099551,3.936619526247508,4.32424922617353,2.7033603774745094,2.292639622525491,2.498,5.488973947895791,7,341,500,0,0.682,0.7213004310311333,0.639924207823618,0.26852679305049687,0.25270487850375534,0.2606158357771261,0.13,0.38,0.07453326684197907,22.47032988951301,20.526737559167344,21.498533724340177,10.5,36.5,9.15580003682368,0.0,0.0,1.5743169784545898,0.1
layout7|rhoB=0.05|FD,100,4.285714285714293,3.005187487253331,2.871845599129283,3.188,0.5619599999999999,0.40414009555309816,0.8540831074952132,0.8250709710546357,0.8395770392749244,0.59,0.97,0.13465039789404903,FD,247,69.12067414754637,65.55866538433588,67.33966976594112,45.36529373812978,98.92616250931329,16.53190547517065,16376.632,4.673253228830684,3.832136458846569,4.2526948438386265,2.5874850415080575,2.200514958491943,2.394,4.872509018036071,7,331,500,0,0.662,0.7020876848091384,0.6194419387868491,0.2612876974413213,0.24584221192423758,0.25356495468277945,0.14,0.365,0.07168519887536737,23.732072256695027,21.8087132417944,22.770392749244714,10.5,41.25,8.92664548093237,0.05,0.050000000000000044,1.6031560897827148,0.1
layout7|rhoB=0.05|DD,100,4.51127819548873,3.1148669963102713,2.9721833958332686,3.296,0.5877799999999999,0.3993377177598571,0.8603231579624789,0.8335721908747306,0.8469476744186047,0.6515000000000001,0.96,0.12657054242721466,DD,247,66.98173515521202,63.35986221832872,65.17079868677037,43.66702087144805,95.38634845533176,17.136667273375668,16392.902,5.108920167651007,4.214052712991585,4.661486440321296,2.7785815446554922,2.3694184553445075,2.574,5.44741883767535,7,344,500,0,0.688,0.7270477381027262,0.646085405329654,0.2652170204472706,0.2505387935062179,0.25787790697674423,0.16,0.37849999999999967,0.06944912083756608,23.772381804292067,21.608432149196304,22.690406976744185,10.0,42.5,10.238593645315113,0.05,0.050000000000000044,1.3019602298736572,0.1
layout7|rhoB=0.10|FD,100,4.285714285714332,2.9751022531038114,2.827071194086491,2.938,0.5286,0.4033229211903472,0.8370083982513872,0.8068280797360343,0.8219182389937107,0.567,0.9514999999999997,0.13729392213168914,FD,234,71.56152165684965,67.00170839563562,69.28161502624263,43.955289110965,111.0280523678942,20.743142472194123,15377.86,4.706611934878635,3.8991776328562073,4.302894783867421,2.6458173005420216,2.2341826994579783,2.44,5.513426853707414,7,318,500,0,0.636,0.676989293084338,0.5929368106752564,0.24994863707046727,0.23476834406160818,0.24235849056603773,0.13,0.36,0.06905699041030026,24.031689417175514,21.669568444459706,22.85062893081761,9.5,43.57499999999999,10.745574230063164,0.1,0.09999999999999998,0.977241039276123,0.1
layout7|rhoB=0.10|DD,100,4.761904761904813,3.1983707608121716,3.0293779864083055,3.144,0.5771199999999999,0.40109032960794505,0.8568647408072656,0.8285629878063034,0.8427138643067845,0.61,0.96,0.13293125915029658,DD,234,65.6258796801721,62.077943624029274,63.85191165210069,41.04894536741725,93.51289815627318,16.664395569835214,15104.82,4.980444754818429,4.1224936484012344,4.551469201609832,2.743789606937899,2.3242103930621005,2.534,5.728300601202406,7,339,500,0,0.678,0.7174646032916704,0.6358210325113282,0.264962267035563,0.24949201025057255,0.2572271386430678,0.14,0.37,0.0726626620526754,21.672358108535068,19.87631445783661,20.77433628318584,9.5,35.0,8.435885366115858,0.1,0.09999999999999998,1.2674238681793213,0.1
layout7|rhoB=0.15|FD,100,4.2857142857143185,2.958552228478624,2.777335296543355,2.976,0.53016,0.3820732053789392,0.8009428610325016,0.7685182168118099,0.7847305389221557,0.5,0.94,0.15116887667368495,FD,221,69.03385023651984,65.23781105681812,67.13583064666898,44.379899877358,97.1043442042202,17.697741714575553,14753.402,4.444233477979234,3.689903774653226,4.06706862631623,2.6429769568621717,2.2410230431378286,2.442,5.257150300601202,7,334,500,0,0.668,0.707860262369349,0.6255778658042676,0.23520244099123574,0.22054606200277624,0.227874251497006,0.11650000000000002,0.34,0.06833038267773354,24.49615429635906,22.16252833837148,23.32934131736527,10.825000000000001,44.0,10.879737407277842,0.15,0.15000000000000002,1.188627004623413,0.1
layout7|rhoB=0.15|DD,100,5.042016806722728,3.303062176682655,3.082540261495699,3.15,0.60908,0.3898434421903717,0.8592881611331826,0.8334289257015512,0.8463585434173669,0.638,0.96,0.12464180258116214,DD,221,67.44304569574903,64.00566889243207,65.72435729409055,44.13771232477883,96.53773979674394,16.568194448317747,15329.444,5.651806387578721,4.6531437525198305,5.152475070049276,2.844336050445341,2.439663949554659,2.642,5.328492985971944,7,357,500,0,0.714,0.7518606086533169,0.6728760546154563,0.2704043785504014,0.25581410884455663,0.263109243697479,0.16,0.38,0.07032526236476896,22.986572531111662,21.07505211874828,22.030812324929972,10.5,40.0,9.2135496618829,0.15,0.15000000000000002,1.240373134613037,0.1
layout7|rhoB=0.20|FD,100,4.285714285714325,2.890967558818848,2.727550516161782,3.016,0.5285799999999999,0.3618314906905017,0.7578538917865535,0.7199992155580796,0.7389265536723165,0.34,0.92,0.1816917048469343,FD,205,69.06108502155851,65.02487665404985,67.04298083780418,40.89598488451477,101.45296883126747,19.372654912802997,14728.154,5.224387676308953,4.283091559549146,4.75373961792905,2.661820100204469,2.2701798997955316,2.466,4.990825651302606,7,354,500,0,0.708,0.7461481740367435,0.6666799846544007,0.21836978393787265,0.2036641143672122,0.21101694915254243,0.1,0.32,0.07058304128881203,25.87794388646063,23.348044814104338,24.612994350282484,9.5,46.02499999999995,12.142797702793187,0.2,0.21153846153846156,1.0020558834075928,0.1
layout7|rhoB=0.20|DD,100,5.435540069686461,3.3773023320397932,3.163773479514091,3.48,0.59848,0.37677102118502903,0.8293161411616963,0.7990674204821397,0.814191780821918,0.53,0.96,0.147423723762032,DD,205,66.2286079960394,62.62490454869671,64.42675627236805,40.148090314260344,94.20538691578405,17.563433084308507,14474.622,5.78454387851669,4.816807234731305,5.300675556623998,2.6476426714473917,2.2763573285526086,2.462,4.485527054108217,7,365,500,0,0.73,0.7670521059144222,0.6894405695613621,0.2527667560764968,0.23835653159473613,0.24556164383561646,0.14,0.36,0.07023136534774944,22.434040771266925,20.522123612294717,21.47808219178082,10.0,39.5,9.318144396457159,0.2,0.21153846153846156,0.9689137935638428,0.1
layout7|rhoB=0.25|FD,100,4.285714285714295,2.83569873173807,2.67723483542036,2.688,0.46176,0.338583786322856,0.6897775199144015,0.6519871859679515,0.6708823529411765,0.3295,0.89,0.177760032589409,FD,190,68.17477334456426,63.997587394234316,66.08618036939929,35.60237140874732,100.29818591264781,19.648852844615384,13109.434,4.609699913213308,3.830074503291619,4.219887208252463,2.5637032778663142,2.1802967221336855,2.372,4.783182364729459,7,340,500,0,0.68,0.7193829432804977,0.6378721940483771,0.20188154778864453,0.18817727574076726,0.1950294117647059,0.09,0.3,0.064462829285837,24.46121846298797,22.021134478188504,23.241176470588236,8.5,45.0,11.477787131319918,0.25,0.2692307692307693,1.1290900707244873,0.1
layout7|rhoB=0.25|DD,100,5.864661654135352,3.4615146791076192,3.2392104916556548,3.482,0.5417799999999999,0.357700056276933,0.7619271418500707,0.7264939107815082,0.7442105263157894,0.38,0.94,0.1717427016078283,DD,190,64.69578111043803,60.90894531746645,62.80236321395224,37.512018785318226,93.27062615476447,18.354561241443935,13122.922,5.7536195727802815,4.716418780553409,5.235019176666845,2.56730064376672,2.1966993562332804,2.382,4.4690140280561135,7,361,500,0,0.722,0.7594640461021093,0.6811506232701695,0.23693113929344964,0.22306886070655038,0.23,0.12,0.34,0.06718961559976694,22.093920205529656,20.044583949594994,21.069252077562325,9.0,40.0,9.93300736294862,0.25,0.2692307692307693,1.2574799060821533,0.1
layout7|rhoB=0.30|FD,100,4.285714285714272,2.816874707006053,2.6316166403691468,2.766,0.35172,0.2984922727203294,0.5770080825166132,0.53679836909629,0.5569032258064516,0.17450000000000002,0.7955000000000002,0.18060333169679127,FD,173,62.610386859621194,58.28237546144174,60.446381160531466,29.79043555775937,93.77629446233806,19.439414301764884,10368.026,4.839512828948543,3.9663844539484363,4.402948641448489,2.554110163189967,2.145889836810033,2.35,5.4223446893787575,7,310,500,0,0.62,0.6614784092558779,0.5766916822967054,0.1789548089918241,0.16594841681462752,0.1724516129032258,0.07,0.27,0.058418664565003615,22.161184921209724,19.625911852983826,20.893548387096775,8.0,40.0,11.387267501670848,0.3,0.33461538461538465,1.108346939086914,0.1
layout7|rhoB=0.30|DD,100,6.440957886044572,3.631567356674233,3.3392249222907284,3.436,0.47936,0.31723692871082293,0.6608601090499361,0.6233561071662802,0.6421081081081081,0.2745,0.8955000000000002,0.18403160206167488,DD,173,63.23538338448618,59.30713097839135,61.27125718143876,34.631902803297955,97.36068853282887,19.275878500617004,12298.556,7.001198515630879,5.849296669898457,6.425247592764668,2.747742529531243,2.372257470468757,2.56,4.587575150300601,7,370,500,0,0.74,0.7765149108932938,0.6998252722118725,0.20899751367955327,0.19575924307720344,0.20237837837837835,0.1,0.3055000000000001,0.06496000493585,18.666038959337005,16.87990698660894,17.772972972972973,6.5,35.275000000000006,8.764524102105883,0.3,0.33461538461538465,1.3683409690856934,0.1
