key,D0,N,R0_ngm,R1_pair_uniform,R_index_alone,R_index_alone_se,attack_all_mean,attack_all_sd,attack_major_hi,attack_major_lo,attack_major_mean,attack_major_q05,attack_major_q95,attack_major_sd,calibration,density_per_m2,duration_major_hi,duration_major_lo,duration_major_mean,duration_major_q05,duration_major_q95,duration_major_sd,events_per_rep,index_exposure_hi,index_exposure_lo,index_exposure_mean,index_offspring_hi,index_offspring_lo,index_offspring_mean,index_offspring_var,n_major,n_rep,n_unfinished,occupancy,ode_attack,ode_peak_prev,ode_peak_time,p_major,p_major_branching,p_major_hi,p_major_lo,peak_prev_major_hi,peak_prev_major_lo,peak_prev_major_mean,peak_prev_major_q05,peak_prev_major_q95,peak_prev_major_sd,peak_time_major_hi,peak_time_major_lo,peak_time_major_mean,peak_time_major_q05,peak_time_major_q95,peak_time_major_sd,seconds,threshold_frac
D0=1|N=20|FD,1.0,20,5.107294682670609,0.7668311329004446,0.7385,0.022590131297006835,0.1139,0.0980259891420313,0.19139928624789868,0.1782209669166583,0.1848101265822785,0.1,0.4,0.10350900374951606,FD,0.03418803418803419,18.817481707456896,17.198423371855238,18.007952539656067,3.6141670389443252,42.64551990153459,12.716880743145856,382.8905,5.248308901200942,4.458539380520029,4.8534241408604855,0.7589654970876314,0.6760345029123687,0.7175,0.89514132066033,948,2000,0,0.08547008547008547,0.9915974375634111,0.47598447607505107,8.0,0.474,0.7814099064363258,0.4959127340057843,0.4521869561094424,0.13723783319763774,0.13069465625383905,0.1339662447257384,0.1,0.25,0.05139333095411157,6.244791534929739,5.4123814608508525,5.828586497890296,0.5,19.0,6.538158266867303,0.6266989707946777,0.1
D0=1|N=20|DD,1.0,20,0.980187868391329,0.4349141479782399,0.4125,0.0164257961264955,0.07992500000000001,0.056611366335738614,0.14702328991018093,0.1371305562436652,0.14207692307692307,0.1,0.3,0.06434086990859697,DD,0.03418803418803419,17.98284447974018,16.364758041377122,17.17380126055865,4.069554357983549,37.2819018651846,10.523793780475886,318.9875,0.9742461199384461,0.8286455489811996,0.9014458344598228,0.45500501434699436,0.3929949856530056,0.424,0.5004742371185593,650,2000,0,0.08547008547008547,0.2514929842800314,0.049999999999999885,0.0,0.325,6.5500938006834986e-12,0.3458459863323069,0.30482500482787267,0.11908879700917138,0.1136804337600594,0.11638461538461539,0.1,0.2,0.03517519099977046,6.575677838153762,5.585860623384699,6.0807692307692305,0.5,17.5,6.437624098211112,0.9570047855377197,0.1
D0=1|N=35|FD,1.0,35,5.107294682670609,1.1891549193673183,1.183,0.03192593197647147,0.11715714285714285,0.1317698512090689,0.25984440331215575,0.23850569729146595,0.24917505030181086,0.11428571428571428,0.5714285714285714,0.14504781387389346,FD,0.05982905982905983,31.82516517999531,29.412987755231406,30.619076467613358,11.270611984992648,60.969742898124146,16.396545404333377,917.785,5.240163730128444,4.591013727824945,4.915588728976695,1.1516256962141027,1.0443743037858975,1.098,1.4971445722861432,710,2000,0,0.14957264957264957,0.9904217727398983,0.46319121381574757,9.5,0.355,0.7814099064363258,0.3762314847807048,0.3343244793234439,0.134437836241969,0.1264877170779505,0.13046277665995976,0.05714285714285714,0.22857142857142856,0.05404017486626167,11.864589213504662,10.366396701988297,11.11549295774648,1.5,31.0,10.183820347259353,0.7757759094238281,0.1
D0=1|N=35|DD,1.0,35,1.754020396068694,0.778267422697903,0.7915,0.024805675474936856,0.07242857142857143,0.07307835338231573,0.19717396378864535,0.18107044240756806,0.1891222030981067,0.11428571428571428,0.35142857142857015,0.08368716108790189,DD,0.05982905982905983,30.18676406529029,27.54148791798618,28.864125991638236,11.75698870101074,55.7453710928364,13.74703369671396,707.7355,1.8293434461141127,1.6036677228225378,1.7165055844683252,0.8136957357885313,0.7233042642114687,0.7685,1.0634394697348675,415,2000,0,0.14957264957264957,0.6826755104792688,0.10807091068072558,27.0,0.2075,0.37169132041083786,0.22582511603993086,0.19029639775636922,0.11626578629145437,0.1091386887515749,0.11270223752151463,0.05714285714285714,0.17142857142857143,0.0370382691955777,11.95187389182646,10.214391168414503,11.083132530120482,1.5,30.5,9.029391343714643,0.8268911838531494,0.1
D0=1|N=50|FD,1.0,50,5.107294682670609,1.521396028340692,1.4745,0.03865128504872715,0.12642,0.15104102189520427,0.2783831542587145,0.2567369468790859,0.2675600505689002,0.1,0.59,0.15530448206300485,FD,0.08547008547008547,37.138348155569865,34.58082439854822,35.859586277059044,13.288550619696888,71.14146430839564,18.34939929578045,1560.0845,4.864700146370764,4.318986307406578,4.591843226888671,1.4049300037375951,1.2770699962624048,1.341,2.127782891445723,791,2000,0,0.21367521367521367,0.9899132151423827,0.4580268426845801,10.0,0.3955,0.7814099064363258,0.417110246128654,0.3742904314498532,0.12223508705352033,0.11513533013990575,0.11868520859671304,0.06,0.22,0.050938441589533895,14.138405493508914,12.628977565909542,13.383691529709228,2.0,34.5,10.829653361256712,0.9948928356170654,0.1
D0=1|N=50|DD,1.0,50,2.5278529237460594,1.1216206974175662,1.1465,0.032412098776128904,0.08264000000000002,0.10246111232936077,0.22336728094841113,0.2034951043726898,0.21343119266055047,0.1,0.46,0.11834710033449193,DD,0.08547008547008547,35.79001469928009,32.92731483059502,34.35866476493756,12.959368231257741,66.77508331105355,17.048571770478585,1249.8175,2.456389631224617,2.163974752783165,2.310182192003891,1.1103572820837255,0.9986427179162745,1.0545,1.6243419209604801,545,2000,0,0.21367521367521367,0.8704216577553328,0.2173374550466491,21.0,0.2725,0.5618210463517253,0.2924360623084852,0.25343622619974826,0.10621405882261953,0.09936392282875661,0.10278899082568807,0.06,0.18,0.04079541708385724,13.88317487314899,12.155357236942754,13.019266055045872,2.0,31.0,10.289874708622945,0.8454699516296387,0.1
D0=1|N=75|FD,1.0,75,5.107294682670609,1.946458653906126,1.9885,0.04915172246127754,0.1699933333333333,0.20775461714731772,0.3711436114403532,0.3448329967467813,0.35798830409356724,0.11600000000000003,0.7066666666666667,0.19625827844675028,FD,0.1282051282051282,51.58437461512662,48.51703886578845,50.050706740457535,19.407035369937528,90.35633028912511,22.880120460673176,3325.6605,4.787033345242166,4.250275771274031,4.518654558258098,1.6779834045680035,1.5330165954319963,1.6055,2.735237368684342,855,2000,0,0.32051282051282054,0.9894977741270671,0.45381357719400456,11.0,0.4275,0.7814099064363258,0.4493005207330052,0.4059774613190692,0.12450652810118465,0.11742719509569643,0.12096686159844054,0.05333333333333334,0.21733333333333274,0.05280673691549395,20.264161221192225,18.47969842793058,19.371929824561402,3.8500000000000014,44.0,13.310810098381063,0.9729619026184082,0.1
D0=1|N=75|DD,1.0,75,3.8175738032083344,1.6938761552836714,1.6155,0.04262908038237658,0.13504000000000002,0.17257133774495498,0.32582002130228344,0.3015465107748812,0.3136832660385823,0.10666666666666667,0.6266666666666667,0.1687877523830381,DD,0.1282051282051282,50.09820378574021,46.97169303329372,48.534948409516964,19.9248900655578,88.86018540653419,21.740436848271628,2942.4105,3.6325504338210157,3.235222184954277,3.4338863093876464,1.5178603723097497,1.3801396276902504,1.449,2.4686333166583294,743,2000,0,0.32051282051282054,0.9648998797120677,0.35651430768640074,15.0,0.3715,0.708496862198131,0.3929048978406993,0.3505878013826325,0.11386206020408304,0.1072595189794073,0.11056078959174517,0.05333333333333334,0.2,0.04591128638238378,20.065788678693263,18.06745492830539,19.066621803499327,3.5500000000000007,46.44999999999999,13.89556989947401,1.3053312301635742,0.1
D0=1|N=100|FD,1.0,100,5.107294682670609,2.2661316131497764,2.294,0.052907292416030864,0.23994499999999996,0.2671569452432331,0.47500473437181445,0.447892935334366,0.46144883485309024,0.12,0.77,0.21728555016500103,FD,0.17094017094017094,64.29078752281279,61.07898883593373,62.68488817937326,23.74049270043889,108.33241265147561,25.74072800310289,5973.857,4.615475705877248,4.154251082422041,4.384863394149645,1.9254429521673764,1.7615570478326235,1.8435,3.495755627813907,987,2000,0,0.42735042735042733,0.9892810141822596,0.45135208804912863,11.5,0.4935,0.7814099064363258,0.5154030655775036,0.4716218569513031,0.13487587487244596,0.12802179483373438,0.13144883485309017,0.05,0.23,0.0549315281523481,24.866142721093695,22.903867410618567,23.88500506585613,5.5,55.0,15.726513383448076,1.3898489475250244,0.1
D0=1|N=100|DD,1.0,100,5.107294682670609,2.2661316131497764,2.294,0.052907292416030864,0.23994499999999996,0.2671569452432331,0.47500473437181445,0.447892935334366,0.46144883485309024,0.12,0.77,0.21728555016500103,DD,0.17094017094017094,64.29078752281279,61.07898883593373,62.68488817937326,23.74049270043889,108.33241265147561,25.74072800310289,5973.857,4.615475705877248,4.154251082422041,4.384863394149645,1.9254429521673764,1.7615570478326235,1.8435,3.495755627813907,987,2000,0,0.42735042735042733,0.9892810141822596,0.45135208804912863,11.5,0.4935,0.7814099064363258,0.5154030655775036,0.4716218569513031,0.13487587487244596,0.12802179483373438,0.13144883485309017,0.05,0.23,0.0549315281523481,24.866142721093695,22.903867410618567,23.88500506585613,5.5,55.0,15.726513383448076,1.6061859130859375,0.1
D0=1|N=150|FD,1.0,150,5.107294682670609,2.7179748809723523,2.6665,0.06515183232747805,0.37445000000000006,0.34080128330420845,0.6339255501445231,0.6090123029628214,0.6214689265536723,0.14,0.8666666666666667,0.2183158532381848,FD,0.2564102564102564,81.40723714602464,78.35793887727473,79.88258801164969,35.24852601434355,125.90027764241312,26.721131471324426,13076.0445,4.854093587971724,4.384444427161493,4.619269007566609,2.31298527767755,2.1280147223224497,2.2205,4.453106303151576,1180,2000,0,0.6410256410256411,0.9890547606365205,0.44881005728056844,12.5,0.59,0.7814099064363258,0.6113630234396152,0.5682918953922924,0.15151931567693772,0.1452942436450962,0.14840677966101695,0.05333333333333334,0.24,0.05455057312235173,31.404157762247948,29.47296088181985,30.4385593220339,8.5,61.52499999999998,16.923161065541283,2.3855950832366943,0.1
D0=1|N=150|DD,1.0,150,7.686736441595159,3.410642528881987,3.446,0.07848325815679069,0.5264533333333333,0.3739539599467529,0.7519726666863895,0.7302732466042998,0.7411229566453447,0.17333333333333334,0.9333333333333333,0.20763908631488218,DD,0.2564102564102564,78.95736900083368,76.50701528077157,77.73219214080262,37.982457703726794,118.05496853526313,23.447133870730255,14795.9935,7.466601646140323,6.761865727698445,7.114233686919384,2.669245214219746,2.474754785780254,2.572,4.9232776388194095,1407,2000,0,0.6410256410256411,0.9988365090791778,0.5692520049735554,8.0,0.7035,0.8541022725310283,0.7231108528157517,0.6831088803208396,0.19318565718679434,0.18659164676961412,0.18988865197820423,0.07333333333333333,0.29333333333333333,0.06309727600988785,28.9091197860853,27.4135525664378,28.16133617626155,9.0,54.85000000000002,14.310899085566245,2.712078094482422,0.1
D0=1|N=200|FD,1.0,200,5.107294682670609,3.0235367240039994,3.089,0.072895105104349,0.4678825,0.37787110498123544,0.7389267811033817,0.7173281362845019,0.7281274586939418,0.17,0.91,0.19643243985281253,FD,0.3418803418803419,90.07670616505764,87.21498000543171,88.64584308524468,47.437254153949084,134.30715658121494,26.026440845703764,20447.187,4.810582789978563,4.358435004659782,4.584508897319172,2.450586251957361,2.2554137480426393,2.353,4.957869934967484,1271,2000,0,0.8547008547008547,0.9889357967369129,0.44733973289416135,13.0,0.6355,0.7814099064363258,0.656315052554004,0.6141654085762569,0.1713110994665383,0.16517985253975595,0.16824547600314713,0.065,0.26,0.05576163705026253,34.88977994137033,33.03704932692235,33.96341463414634,12.0,65.0,16.849964339794685,3.947906970977783,0.1
D0=1|N=200|DD,1.0,200,10.26617820051971,4.555153444614197,4.468,0.09857914040739924,0.6785800000000001,0.39020271998198663,0.8840291868614798,0.8678749582162404,0.8759520725388601,0.69,0.985,0.1619286915167813,DD,0.3418803418803419,76.08664740796809,74.26013600134539,75.17339170465674,50.23124225405403,105.88780544942576,18.308803757216353,20671.1385,9.746447253127709,8.831102956292138,9.288775104709924,3.0659959091282456,2.856004090871754,2.961,5.739348674337168,1544,2000,0,0.8547008547008547,0.9998599851822462,0.6425033459300015,6.5,0.772,0.8904080573956474,0.7898555755444019,0.753101512480919,0.24644158317445808,0.23997033392398748,0.24320595854922278,0.13,0.3442499999999995,0.0648672831504379,26.77423718208426,25.55995970910745,26.167098445595855,11.5,47.5,12.171819939875867,3.641810894012451,0.1
D0=1|N=300|FD,1.0,300,5.107294682670609,3.41212521993112,3.4055,0.07937685567978114,0.5878966666666666,0.4093007391784071,0.8613420851519668,0.8467687828276099,0.8540554339897883,0.71,0.9533333333333334,0.13765457022645344,FD,0.5128205128205128,93.21754148610434,90.94732123233787,92.0824313592211,64.27000743722445,130.40068790775,21.443745994983438,33861.3995,4.640891286712593,4.228885655811796,4.4348884712621945,2.681568677006555,2.4694313229934446,2.5755,5.857228364182091,1371,2000,0,1.2820512820512822,0.9888095694733796,0.4453814535788491,14.0,0.6855,0.7814099064363258,0.7054775341439734,0.6648112152262362,0.19936914740767567,0.19382316963584492,0.1965961585217603,0.11166666666666666,0.28,0.052385462791839116,35.52274535417328,34.05420577638836,34.78847556528082,18.0,60.0,13.871336773317202,5.972681045532227,0.1
D0=1|N=300|DD,1.0,300,15.425061718368811,6.844175276078618,6.959,0.14963072604611843,0.8476750000000001,0.3324903296107156,0.9731643367923019,0.9637405612446718,0.9684524490184868,0.89,1.0,0.10053881715044354,DD,0.5128205128205128,67.26365960080625,66.08655203931093,66.67510582005859,49.881383093614886,89.32482316007996,12.558130368602022,31010.4665,15.204987677979974,13.778380880968838,14.491684279474406,3.645466054490044,3.4245339455099564,3.535,6.352951475737869,1749,2000,0,1.2820512820512822,0.9999975017463119,0.7249400654205399,4.5,0.8745,0.9267385635764616,0.8883050778705895,0.8592590010466264,0.3355224354880584,0.32958905679324524,0.3325557461406518,0.24,0.42866666666666636,0.06330104878529004,20.26521918909156,19.598131296900434,19.931675242995997,11.5,32.0,7.116916916929809,6.016485214233398,0.1
D0=1|N=400|FD,1.0,400,5.107294682670609,3.6495908554559837,3.698,0.08700104936893374,0.64950875,0.4133053017258003,0.9049215055238948,0.8926998536994062,0.8988106796116505,0.8,0.965,0.11839312129383793,FD,0.6837606837606838,91.54121349299838,89.7016060946137,90.62140979380604,66.78604056082675,120.87723612730787,17.820574908998672,46516.981,4.942743653771976,4.50510526362807,4.723924458700023,3.003379757865152,2.7756202421348477,2.8895,6.7516655827913965,1442,2000,0,1.7094017094017093,0.9887415051864733,0.44446125821342697,14.5,0.721,0.7814099064363258,0.7402187447288084,0.7009338892917649,0.2206235625270048,0.2155206815784044,0.2180721220527046,0.1425,0.2925,0.049432434483620766,33.30873698571308,32.139251918586496,32.72399445214979,18.0,54.47500000000002,11.328991317378023,8.625787258148193,0.1
D0=1|N=400|DD,1.0,400,20.58394523621791,9.133197107543038,9.1345,0.19362838338018834,0.90421125,0.28638145569767826,0.9950253545080219,0.9906061666342076,0.9928157605711148,0.985,1.0,0.048107342987013066,DD,0.6837606837606838,63.28225343647785,62.30605938288958,62.794156409683715,48.69623698879784,81.58350532545735,10.626862559097622,40453.0785,20.22883131041133,18.421261512528616,19.325046411469973,4.053474960248073,3.8265250397519273,3.94,6.70375187593797,1821,2000,0,1.7094017094017093,0.999999944248412,0.7711688500891968,3.5,0.9105,0.9449384869577607,0.9222367912853938,0.8971892551645851,0.39769577290631997,0.3925540898064752,0.3951249313563976,0.305,0.48,0.05597243644707821,16.65524524788551,16.20527095200466,16.430258099945085,10.0,25.5,4.898426680510471,8.33544111251831,0.1
D0=10|N=20|FD,10.0,20,4.676246636226544,2.207658019517879,2.147,0.04999945472439043,0.48234999999999995,0.3799482304589856,0.6688245390385137,0.6363322553865736,0.6525783972125436,0.1,1.0,0.313993110739028,FD,0.03418803418803419,31.438086380837134,29.659719252928767,30.54890281688295,4.465965293541973,59.72827748021913,17.185465709629685,7814.623,4.900435382855306,4.397736960232189,4.649086171543748,1.8826592177248043,1.732340782275196,1.8075,2.9409142071035523,1435,2000,0,0.08547008547008547,0.992251955061586,0.4792838465992886,8.0,0.7175,0.7834312030336213,0.7368000658016706,0.6973659880421065,0.3322519452865017,0.31645885610722657,0.32435540069686414,0.1,0.55,0.1526184263531559,10.72233947945097,9.900657036228473,10.311498257839721,0.5,25.5,7.940427615086126,3.2452828884124756,0.1
D0=10|N=20|DD,10.0,20,0.8974614756394377,0.7280232488079268,0.685,0.0228396218042699,0.11755000000000002,0.12439748738392475,0.22443698079262542,0.20427348149447916,0.2143552311435523,0.1,0.55,0.1474740972012306,DD,0.03418803418803419,21.083482108556133,19.081403591474277,20.082442850015205,4.380933034268442,49.282719309812315,14.643029836580503,3697.822,0.89300446968932,0.8066707532351676,0.8498376114622438,0.6971371106166857,0.6108628893833143,0.654,0.9687683841920963,822,2000,0,0.08547008547008547,0.24733112323904238,0.049999999999999885,0.0,0.411,6.376676964237049e-12,0.432714138128215,0.3896271088046762,0.148882798091938,0.13968167879370674,0.14428223844282237,0.05,0.2974999999999966,0.06729619406251706,8.059260138363129,7.029547647524949,7.544403892944039,0.0,22.974999999999966,7.5312284697107135,2.477180004119873,0.1
D0=10|N=35|FD,10.0,35,4.676246636226544,2.845344444952408,2.8395,0.06500756007137336,0.5735999999999999,0.4140425154279241,0.8390096112333513,0.8146407148764742,0.8268251630549127,0.2,1.0,0.2290865958549031,FD,0.05982905982905983,43.55533274167617,41.87937986082132,42.71735630124874,14.081105594423287,68.72547652064033,15.755261734695074,18178.5425,4.9431040780404905,4.469207176212593,4.706155627126542,2.3096433274599,2.1293566725401,2.2195,4.230434967483743,1358,2000,0,0.14957264957264957,0.9911423090709975,0.46727540051779093,9.5,0.679,0.7834312030336213,0.6991011700461656,0.6582125018528509,0.360409470649912,0.3472698897540434,0.3538396802019777,0.11428571428571428,0.5428571428571428,0.12352228899956688,14.579026240197816,13.779589370995115,14.179307805596466,3.9250000000000043,28.0,7.515328896495715,7.226229906082153,0.1
D0=10|N=35|DD,10.0,35,1.6059836932495202,1.3027784452352373,1.278,0.03533386818790946,0.18447142857142854,0.23306892987534977,0.4264661185655199,0.3937491706152863,0.4101076445904031,0.11428571428571428,0.8,0.2335433992285764,DD,0.05982905982905983,38.78122007494739,36.00783005693432,37.394525065940854,10.884249339176113,72.3761708939744,19.79729078576075,10662.291,1.578721215890789,1.4363688776412795,1.5075450467660343,1.2131720870487614,1.0878279129512387,1.1505,2.0448721860930466,783,2000,0,0.14957264957264957,0.6854412326899275,0.10752556515632716,28.0,0.3915,0.3729972722540372,0.413079808294563,0.37033620622474833,0.18319612441458363,0.17141069915775717,0.1773034117861704,0.08571428571428572,0.34285714285714286,0.08412790459612292,15.814875644323868,14.269415543415596,15.042145593869732,2.5,35.0,11.031958295354352,6.968525171279907,0.1
D0=10|N=50|FD,10.0,50,4.676246636226544,3.21519103958436,3.235,0.07798351245043438,0.65716,0.41505863590054093,0.9093348081854212,0.8928565926467561,0.9010957004160887,0.66,1.0,0.15962714361295494,FD,0.08547008547008547,49.48143992918467,48.041521230658724,48.761480579921695,28.913540686110444,73.14445532643735,13.9487257185859,31143.701,4.8899656134687515,4.445586640308601,4.667776126888676,2.6358648272712704,2.43713517272873,2.5365,5.1402378689344665,1442,2000,0,0.21367521367521367,0.9906648620996634,0.4622812473820474,10.0,0.721,0.7834312030336213,0.7402187447288084,0.7009338892917649,0.3721140007319368,0.3614782322777721,0.36679611650485444,0.2,0.52,0.10303041215132777,16.084908471125082,15.373482652314586,15.729195561719834,7.0,28.5,6.891697167254476,20.082250833511353,0.1
D0=10|N=50|DD,10.0,50,2.314505910859603,1.877533641662548,1.8195,0.046974068980430994,0.34248,0.3483057680458752,0.6316170932489826,0.6005405052500794,0.616078799249531,0.12,0.9,0.25883670669594905,DD,0.08547008547008547,51.180903854160164,48.73141569891662,49.95615977653839,16.226466029116306,83.22766639584628,20.401771494874133,24787.8225,2.443666383273196,2.225234719578721,2.3344505514259586,1.8356447070844444,1.6693552929155555,1.7525,3.599043271635818,1066,2000,0,0.21367521367521367,0.8732900777842614,0.2190332150078172,21.5,0.533,0.5638877931407331,0.5547815436902469,0.5110919265481194,0.22061824209831693,0.2094755665320771,0.21504690431519702,0.06,0.38,0.09280727496367075,20.257851174190982,18.890366461831533,19.574108818011258,4.5,40.5,11.389771599657866,17.453140020370483,0.1
D0=10|N=75|FD,10.0,75,4.676246636226544,3.578151076760126,3.612,0.08885198555839276,0.7158866666666667,0.4097977045803694,0.9526869958073115,0.9437041153037992,0.9481955555555553,0.8666666666666667,1.0,0.08875139436498758,FD,0.1282051282051282,53.759103288982644,52.49437256946845,53.12673792922555,37.05511170234666,74.8266214433155,12.495614831926941,52714.077,4.751406710403735,4.344431874119895,4.547919292261815,2.8764590820485165,2.6685409179514834,2.7725,5.626557028514257,1500,2000,0,0.32051282051282054,0.9902779722069233,0.4587541373542149,11.0,0.75,0.7834312030336213,0.7684861960444674,0.730555245155276,0.38881607131753054,0.3804817064602473,0.38464888888888893,0.25333333333333335,0.5066666666666667,0.08234402115682259,16.691902520348794,16.102097479651203,16.397,8.5,27.024999999999977,5.827308928905514,30.175314903259277,0.1
D0=10|N=75|DD,10.0,75,3.495376273543074,2.835458969041399,2.7595,0.06766549478569041,0.5948333333333333,0.4239074832233113,0.8953230787733826,0.8812856387877159,0.8883043587805493,0.7466666666666667,0.9866666666666667,0.13025121033950113,DD,0.1282051282051282,58.91413611330904,57.31059260686814,58.11236436008859,38.23306899949067,84.43434237315611,14.87902942126497,51566.045,3.6543168031492437,3.330282695615412,3.492299749382328,2.4792577419129853,2.2807422580870145,2.38,5.129164582291146,1323,2000,0,0.32051282051282054,0.9664439206840678,0.36064301364187606,15.0,0.6615,0.7106354484728092,0.6819116914684409,0.6404690795465935,0.3158972859319362,0.3069094663986256,0.3114033761652809,0.17333333333333334,0.44,0.08339657186225367,20.73956045679002,19.83489154623341,20.287226001511716,9.5,36.0,8.394281341671592,15.61602520942688,0.1
D0=10|N=100|FD,10.0,100,4.676246636226544,3.79338429642025,3.788,0.09160635273784762,0.7166899999999999,0.41934290042168004,0.9670526145609769,0.9622166682536374,0.9646346414073071,0.91,1.0,0.04742776074275916,FD,0.17094017094017094,55.24064369095874,54.08454836921171,54.662596030085226,39.08308228916572,74.9815122563066,11.338217761521417,71270.827,4.8042913990402525,4.385044160753594,4.594667779896923,2.994298648274154,2.7737013517258458,2.884,6.3337108554277135,1478,2000,0,0.42735042735042733,0.9900783522125671,0.4565894282935249,11.5,0.739,0.7834312030336213,0.7577767163473601,0.7193069014395947,0.39761382675229745,0.39030227608938045,0.39395805142083895,0.28,0.51,0.07170684979961273,16.805125160489666,16.301776057372308,16.553450608930987,10.0,26.0,4.936514865043197,15.77066707611084,0.1
D0=10|N=100|DD,10.0,100,4.676246636226544,3.79338429642025,3.788,0.09160635273784762,0.7166899999999999,0.41934290042168004,0.9670526145609769,0.9622166682536374,0.9646346414073071,0.91,1.0,0.04742776074275916,DD,0.17094017094017094,55.24064369095874,54.08454836921171,54.662596030085226,39.08308228916572,74.9815122563066,11.338217761521417,71270.827,4.8042913990402525,4.385044160753594,4.594667779896923,2.994298648274154,2.7737013517258458,2.884,6.3337108554277135,1478,2000,0,0.42735042735042733,0.9900783522125671,0.4565894282935249,11.5,0.739,0.7834312030336213,0.7577767163473601,0.7193069014395947,0.39761382675229745,0.39030227608938045,0.39395805142083895,0.28,0.51,0.07170684979961273,16.805125160489666,16.301776057372308,16.553450608930987,10.0,26.0,4.936514865043197,28.346433877944946,0.1
D0=10|N=150|FD,10.0,150,4.676246636226544,4.037583640648275,4.0685,0.09728893278899511,0.7585700000000001,0.40328491033498437,0.9761559737420032,0.9734316551239762,0.9747938144329897,0.94,1.0,0.02737900681197369,FD,0.2564102564102564,58.3254530968457,57.23333562168789,57.779394359266796,42.82313672397938,78.62769066203613,10.975622158863102,118223.3145,4.850098471145139,4.441745700657504,4.645922085901321,3.322811075338167,3.0851889246618334,3.204,7.349058529264632,1552,2000,0,0.6410256410256411,0.9898732227377001,0.4548436891402111,12.5,0.776,0.7834312030336213,0.7937334334814777,0.7572083176030392,0.40607765144370667,0.40004777810955783,0.40306271477663225,0.30666666666666664,0.5,0.060599352072320437,16.92766304867918,16.504037982248654,16.715850515463917,11.0,24.5,4.257370449541478,71.00857496261597,0.1
D0=10|N=150|DD,10.0,150,7.037987361593485,5.709234951177952,5.364,0.1268080918004566,0.8500366666666667,0.3488275522495062,0.9948686095560286,0.9941022945642604,0.9944854520601445,0.98,1.0,0.008076775573773561,DD,0.2564102564102564,51.337840008247824,50.4137407911081,50.87579039967796,37.928260126182785,67.58059453880773,9.739783333112067,113844.593,7.6058776662250125,6.943043406982055,7.2744605366035335,3.8266156786280194,3.5913843213719807,3.709,7.201919959979992,1707,2000,0,0.6410256410256411,0.9990291443146395,0.5761016699866992,8.5,0.8535,0.8558496767471434,0.8683197616236482,0.8373248362327892,0.5010658753504074,0.4955129178540449,0.4982893966022261,0.4,0.5933333333333334,0.05852683550577306,12.126002893197803,11.86169482209218,11.993848857644991,8.0,17.0,2.785743454831114,76.72470879554749,0.1
D0=10|N=200|FD,10.0,200,4.676246636226544,4.172602585833033,4.2025,0.10347753705678187,0.7527275,0.41088622146190745,0.9794456980575509,0.9779614680662275,0.9787035830618892,0.95,0.995,0.01483437747532018,FD,0.3418803418803419,60.04229592541405,58.98506486590844,59.51368039566125,44.88532628655607,78.44062670383418,10.566667367606009,160394.4805,4.766032704650823,4.356707622531148,4.561370163590985,3.318354112757424,3.075645887242576,3.197,7.667024512256128,1535,2000,0,0.8547008547008547,0.9897677239006419,0.4537403291876146,13.0,0.7675,0.7834312030336213,0.7854901612695755,0.74848418081415,0.409967215299557,0.40489923421184365,0.4074332247557003,0.325,0.49,0.05065275929769584,16.973104701034462,16.59171614587108,16.78241042345277,12.0,23.5,3.8118497976287937,92.25221991539001,0.1
D0=10|N=200|DD,10.0,200,9.399728086960426,7.625085605935654,7.8665,0.17155335657478707,0.8694875000000001,0.3347715053945931,0.9992494321047183,0.9990426898044247,0.9991460609545715,0.995,1.0,0.0021993435203107865,DD,0.3418803418803419,50.2148556705519,49.36723826228325,49.791046966417575,37.41378329288354,66.8170986297414,9.01703159891156,151054.277,9.813004584955708,8.981716096499833,9.39736034072777,4.258408595784479,4.008591404215521,4.1335,8.122739119559778,1739,2000,0,0.8547008547008547,0.9999003790163496,0.650334558542749,6.5,0.8695,0.8919250305732355,0.8835576891777659,0.8540255609154552,0.5679654376221315,0.5629488809517615,0.5654571592869465,0.475,0.65,0.05336658918656756,9.806853764714692,9.619828236435396,9.713341000575044,7.0,13.5,1.9895946943117058,42.53774809837341,0.1
D0=10|N=300|FD,10.0,300,4.676246636226544,4.31760834289341,4.315,0.10801722714771168,0.7625433333333332,0.4092926045240239,0.9837649381981922,0.9828156514295247,0.9832902948138584,0.9666666666666667,0.9966666666666667,0.009530969274684548,FD,0.5128205128205128,63.317135012434285,62.26312696780156,62.79013099011792,48.45377386831032,81.97687619402973,10.582385239357414,255807.103,5.002457378856567,4.564867823596153,4.78366260122636,3.600872762770792,3.335127237229208,3.468,9.191571785892947,1549,2000,0,1.2820512820512822,0.9896590346347471,0.45263703738708294,14.0,0.7745,0.7834312030336213,0.7922795166336875,0.7556679858036309,0.41894298674667035,0.41444199281003297,0.41669248977835166,0.34,0.4866666666666667,0.04519059606808465,17.32852632731087,16.987806790829865,17.158166559070366,12.5,23.0,3.4208708481667434,83.94099688529968,0.1
D0=10|N=300|DD,10.0,300,14.123209537694311,11.456786915451058,11.3685,0.24069757276667306,0.9222433333333333,0.2672717012975571,0.9999781868772404,0.9999458912138659,0.9999620390455531,1.0,1.0,0.00035378433652050493,DD,0.5128205128205128,50.70806268109309,49.87455516013363,50.29130892061336,37.96658645800049,67.31621126433093,9.130696647071481,242225.1785,14.8313645078347,13.57700724364705,14.204185875740874,4.776256777142753,4.532743222857246,4.6545,7.717988744372186,1844,2000,0,1.2820512820512822,0.9999988941514636,0.7342410108282115,4.5,0.922,0.9279220715692834,0.9329606810667638,0.9094212716784035,0.6505613266674288,0.6464632575697367,0.6485122921185827,0.5666666666666667,0.72,0.044892487264772234,7.3377580533720055,7.216471881552073,7.2771149674620395,5.5,9.5,1.3286349727205904,70.12053298950195,0.1
D0=10|N=400|FD,10.0,400,4.676246636226544,4.3942413128471625,4.4745,0.1109406543580607,0.7541637499999999,0.41636383816777894,0.985213950868054,0.9844788595894625,0.9848464052287582,0.9725,0.995,0.007335013517506304,FD,0.6837606837606838,65.57815882305833,64.53363372265476,65.05589627285654,50.7567299535026,83.7193109389622,10.422659000273752,349089.5555,4.81953866384988,4.402818701801893,4.611178682825886,3.607463066400568,3.3345369335994324,3.471,9.695006503251625,1530,2000,0,1.7094017094017093,0.9896027097157056,0.4521423861772646,14.5,0.765,0.7834312030336213,0.7830636605105431,0.7459202671611852,0.42180501235690565,0.4180185170548592,0.41991176470588243,0.36,0.4825,0.03778305502100473,17.674085745489137,17.35271164013178,17.51339869281046,13.0,23.5,3.2067900621666183,122.02900218963623,0.1
D0=10|N=400|DD,10.0,400,18.846690988428193,15.288488224966462,14.783,0.32552332976164633,0.9381624999999999,0.24058369406648353,1.0,1.0,1.0,1.0,1.0,0.0,DD,0.6837606837606838,51.542442945062795,50.72693316456836,51.13468805481558,39.42810315116878,68.20511468825788,9.010720609118378,333821.584,19.28111827701677,17.64240500667675,18.46176164184676,5.145161599514373,4.894838400485626,5.02,8.15567783891946,1876,2000,0,1.7094017094017093,0.9999999870362966,0.781884030808456,3.5,0.938,0.9458978605818172,0.9477526102226309,0.9265679947593196,0.6988189885243974,0.695013634076882,0.6969163113006397,0.62,0.7581249999999999,0.04204607543080456,5.982375272283469,5.8891599089532045,5.935767590618337,4.5,8.0,1.0299540429021117,129.25313901901245,0.1
