key,D0,N,R0_ngm,R1_pair_uniform,R_index_alone,R_index_alone_se,arm,attack_all_mean,attack_all_sd,attack_major_hi,attack_major_lo,attack_major_mean,attack_major_q05,attack_major_q95,attack_major_sd,calibration,cells,duration_major_hi,duration_major_lo,duration_major_mean,duration_major_q05,duration_major_q95,duration_major_sd,events_per_rep,index_exposure_hi,index_exposure_lo,index_exposure_mean,index_offspring_hi,index_offspring_lo,index_offspring_mean,index_offspring_var,n_major,n_rep,n_unfinished,p_major,p_major_hi,p_major_lo,peak_prev_major_hi,peak_prev_major_lo,peak_prev_major_mean,peak_prev_major_q05,peak_prev_major_q95,peak_prev_major_sd,peak_time_major_hi,peak_time_major_lo,peak_time_major_mean,peak_time_major_q05,peak_time_major_q95,peak_time_major_sd,scene,seconds,threshold_frac
office|D0=1|baseline|FD,1.0,100,5.107294682670609,2.2661316131497764,2.304,0.05485249673623889,baseline,0.23221499999999998,0.26316586387857277,0.46140107136297975,0.4335683787388533,0.4474847250509165,0.12,0.78,0.22249737945489922,FD,234,63.17445385025736,59.92827017242802,61.55136201134269,22.57509209660094,106.19071046914445,25.95032292780057,5882.47,4.8432594250618655,4.352125543320498,4.597692484191182,1.930064867396747,1.770935132603253,1.8505,3.2957976488244123,982,2000,0,0.491,0.5129061647509248,0.4691283433658845,0.13129867934163278,0.12430213532231835,0.12780040733197556,0.05,0.23,0.05593108545268419,25.34550737052776,23.241050674278757,24.293279022403258,5.0,56.974999999999966,16.82324115798385,office,6.131471872329712,0.1
office|D0=1|ventilation q x 0.5|FD,1.0,100,2.5536473413353047,1.5091958455221925,1.5455,0.040549809105706706,ventilation q x 0.5,0.10230500000000001,0.15011630300275053,0.3013126982414934,0.2752693660563069,0.2882910321489002,0.1,0.59,0.16151178758719387,FD,234,59.28795073021016,54.96476804434679,57.12635938727848,24.22723185351476,109.50041021193013,26.81089188951643,3913.2235,2.4281828454943217,2.1854153197323893,2.3067990826133555,1.4535590806926437,1.3154409193073564,1.3845,2.4829012006003,591,2000,0,0.2955,0.31587351111725614,0.27591058998135354,0.0932379483113035,0.08740502969208058,0.09032148900169204,0.04,0.16,0.03617375481533723,24.678304854679276,21.95452086444086,23.316412859560067,4.5,57.75,16.891971355148467,office,1.783480167388916,0.1
office|D0=1|hotspot ventilation (25 % of cells)|FD,1.0,100,4.67314957487475,2.075128209504001,2.112,0.05265561990095242,hotspot ventilation (25 % of cells),0.19450499999999998,0.23737929446293302,0.42576969136446013,0.39819386216629155,0.41198177676537584,0.11,0.73,0.2084441789119262,FD,234,61.55053205639986,57.98552044078285,59.768026248591354,22.012261834011365,108.54094377964822,26.947727072450835,5267.7935,4.191634776596922,3.767789786056319,3.979712281326621,1.7862060968991478,1.6337939031008522,1.71,3.023411705852926,878,2000,0,0.439,0.46084617521102583,0.41738771313623674,0.12509808868719824,0.1180909773720273,0.12159453302961276,0.05,0.22,0.05296636971961944,24.679926897355646,22.636701804238886,23.658314350797266,5.0,55.0,15.444626299587508,office,3.2247471809387207,0.1
office|D0=1|coldspot ventilation (25 % of cells)|FD,1.0,100,5.106973525496977,2.089860108802827,2.122,0.0513894779037461,coldspot ventilation (25 % of cells),0.20453499999999997,0.24762641861602389,0.43993832613372724,0.41160783626894243,0.42577308120133484,0.11,0.76,0.21669448721425277,FD,234,63.04084889729315,59.53013950790865,61.2854942026009,22.696296560762796,111.12480709618937,26.852743264300692,5487.885,4.294903868165924,3.84752469829438,4.071214283230152,1.833008143960573,1.675991856039427,1.7545,3.208834167083542,899,2000,0,0.4495,0.4713775316906313,0.42781609718702057,0.12494453131123272,0.11799206490678733,0.12146829810901003,0.05,0.22,0.05317808303266556,25.274955543935725,23.044288060068723,24.159621802002224,5.0,56.549999999999955,17.061948059108875,office,2.5192909240722656,0.1
office|D0=1|masks beta x 0.3|FD,1.0,100,1.5321884048011893,1.0491351423240631,1.052,0.029733651726999686,masks beta x 0.3,0.047615000000000005,0.07051487750095356,0.20070388550771054,0.18092876755351392,0.19081632653061223,0.1,0.37,0.08649812248416439,FD,234,53.29871587230424,48.75057007689412,51.02464297459918,24.740321436923555,89.05598744247109,19.893993704534857,2670.4195,1.5073405903732242,1.3525697350136654,1.4299551626934448,1.080673953789043,0.9643260462109569,1.0225,1.761874687343672,294,2000,0,0.147,0.1631959974395165,0.13215748758644566,0.07322854977211649,0.06799594002380188,0.07061224489795918,0.04,0.12,0.022887899833006934,23.445978207683915,20.2104843773501,21.828231292517007,5.5,48.5,14.152337411144526,office,1.6671288013458252,0.1
office|D0=1|capacity 50 %|FD,1.0,50,5.107294682670609,1.521396028340692,1.507,0.03779139577731152,capacity 50 %,0.126,0.1544031092953767,0.27967038563274516,0.25673725767935685,0.268203821656051,0.1,0.6,0.16391249294217686,FD,234,37.746852905002505,35.07512060590806,36.41098675545528,12.815170995836134,71.75757433240537,19.09596905004841,1572.0755,4.868595405487319,4.302881043205069,4.585738224346194,1.3788178182252095,1.2551821817747904,1.317,1.9895057528764382,785,2000,0,0.3925,0.41408755835646827,0.37132462192764204,0.12102196748609664,0.11352580321454031,0.11727388535031848,0.06,0.22,0.05357816760767414,13.74179745236709,12.222533757823994,12.982165605095542,2.0,33.5,10.858802171044784,office,1.0642359256744385,0.1
office|D0=1|capacity 50 %|DD,1.0,50,2.5278529237460594,1.1216206974175662,1.13,0.03182854895002491,capacity 50 %,0.08005000000000001,0.09978765599082921,0.22435514841549187,0.20446038556509072,0.2144077669902913,0.1,0.44,0.11517449432010164,DD,234,37.06525777921728,34.06054800158696,35.56290289040212,14.356516857668213,70.90252907657806,17.394825553814552,1238.8245,2.4204245865767744,2.1447733015019974,2.282598944039386,1.0674697071972798,0.9575302928027202,1.0125,1.5731303151575788,515,2000,0,0.2575,0.27711580272508646,0.2388139993111623,0.1049427141339829,0.098164081982522,0.10155339805825245,0.06,0.18,0.03924276635500333,14.819088231680576,12.994504001329132,13.906796116504854,2.5,37.0,10.562858560081933,office,0.7064688205718994,0.1
office|D0=1|partitions (+39 barrier cells)|FD,1.0,100,5.114780444247024,2.206884752598531,2.2005,0.05397320101878438,partitions (+39 barrier cells),0.16587,0.19804684894536595,0.3421340488916417,0.31786595110835836,0.33,0.11,0.6719999999999994,0.18747110403249234,FD,195,55.91451496043515,52.68482899616172,54.299671978298434,21.43088102393904,102.40163153619132,24.949330549411826,4891.738,4.8740519059190905,4.365334660999849,4.61969328345947,1.8956299157716363,1.7403700842283638,1.818,3.137444722361181,917,2000,0,0.4585,0.4803966173358148,0.4367625034250278,0.1101946804789849,0.1042218953116367,0.1072082878953108,0.05,0.19,0.04613977739297577,21.228844588450315,19.30223501896517,20.265539803707743,4.0,48.5,14.88306278705292,office,1.965519905090332,0.1
office|D0=1|partitions (+39 barrier cells)|DD,1.0,100,6.137736533096429,2.4159746447740105,2.356,0.056663368843410125,partitions (+39 barrier cells),0.195425,0.22336733390970348,0.37141447626077195,0.34556479323577294,0.35848963474827245,0.11,0.74,0.20988136386631434,DD,195,56.22896031370165,53.1321368957862,54.680548604743926,22.67565399222511,102.1532789749709,25.144042268396806,5299.7605,5.783230554245175,5.201507607342342,5.492369080793758,1.99940729292062,1.84459270707938,1.922,3.119475737868935,1013,2000,0,0.5065,0.5283781430486968,0.48459693442249635,0.1173453228035452,0.11106533859823173,0.11420533070088847,0.05,0.21,0.050989083649320914,20.79917637089833,18.91750674854886,19.858341559723595,4.0,50.5,15.27784252915549,office,2.0544238090515137,0.1
office|D0=1|combination|FD,1.0,50,2.557390222123527,1.0980201299464636,1.087,0.0305152599619481,combination,0.07721000000000001,0.08784232486118812,0.19989593748668172,0.1839431849996071,0.1919195612431444,0.1,0.36,0.09517945707394737,FD,195,34.49294838007954,31.704626605029375,33.09878749255446,12.538299584346348,62.77920324452733,16.636060323243086,1198.9955,2.655168500052672,2.3252915592180194,2.4902300296353457,1.1295605835065665,1.0164394164934334,1.073,1.665503751875938,547,2000,0,0.2735,0.293456407007458,0.2544120472655743,0.10201144487580441,0.09601414927410418,0.09901279707495429,0.06,0.16,0.035781871482322265,13.012806894041143,11.420465500840026,12.216636197440584,2.0,30.349999999999966,9.500441344153737,office,0.6348059177398682,0.1
office|D0=1|combination|DD,1.0,50,1.5189347985945798,0.8162874761999845,0.778,0.024943317432576422,combination,0.054540000000000005,0.057638958394148496,0.1696124246652681,0.15525079721923035,0.16243161094224923,0.1,0.26,0.06645314485497633,DD,195,33.615002322986385,30.579379065718893,32.09719069435264,12.925393869337157,57.20410415162074,14.046229286917393,999.4885,1.409868243546466,1.2520356607987608,1.3309519521726134,0.8386946727549023,0.7483053272450977,0.7935,1.0633894447223613,329,2000,0,0.1645,0.18138824946187362,0.14889813644807057,0.09272245381645677,0.08697359481576206,0.08984802431610941,0.06,0.14,0.026600729016223013,13.272634613995562,11.283596389043952,12.278115501519757,2.5,28.799999999999983,9.20354227133647,office,0.3997068405151367,0.1
office|D0=10|baseline|FD,10.0,100,4.676246636226544,3.79338429642025,3.7585,0.0897224271404089,baseline,0.73679,0.4080044481557246,0.9671859336020423,0.9629456453453262,0.9650657894736843,0.92,1.0,0.042172671021347544,FD,234,55.44657975197481,54.318368151347826,54.88247395166132,39.84595571358081,76.77042853108519,11.220863723203037,73372.9325,4.943555733702614,4.511785541552524,4.727670637627569,3.0509020816847774,2.828097918315222,2.9395,6.461070285142571,1520,2000,0,0.76,0.778207984234124,0.7407951146136093,0.3931411291550498,0.38591150242389766,0.3895263157894737,0.27,0.51,0.07190376014109547,16.94874821628628,16.420330731082142,16.68453947368421,10.0,26.0,5.255486282128445,office,24.434298038482666,0.1
office|D0=10|ventilation q x 0.5|FD,10.0,100,2.338123318113272,2.0852479422538077,2.0865,0.05542151790887418,ventilation q x 0.5,0.40435499999999996,0.38860042346806545,0.7674449287896387,0.7472536358036629,0.7573492822966508,0.36400000000000005,0.92,0.16650842347486788,FD,234,71.53664432361273,69.17757195390385,70.35710813875829,40.147350392016996,103.46306244228151,19.45419847139937,67598.205,2.4272699637882473,2.2134020328667168,2.320335998327482,2.034758828284065,1.8452411717159352,1.94,4.674737368684343,1045,2000,0,0.5225,0.5443271808092689,0.500586548898708,0.21561189705135725,0.20743116514959975,0.2115215311004785,0.09,0.33,0.06746278075298642,28.276395239458907,26.844178923220518,27.560287081339713,11.600000000000001,48.5,11.810837525733211,office,18.053423166275024,0.1
office|D0=10|hotspot ventilation (25 % of cells)|FD,10.0,100,4.10097942684111,3.379816827125431,3.459,0.08399813892981103,hotspot ventilation (25 % of cells),0.6749299999999998,0.4253413367242398,0.9489258792820456,0.9438193571329159,0.9463726182074808,0.88,0.99,0.04903702090461318,FD,234,57.137629328731,55.944218742297814,56.54092403551441,41.2905205380563,76.85016603670512,11.460108889312004,70993.5035,4.299804899549319,3.9173781950356217,4.108591547292471,2.8956339904931427,2.6693660095068577,2.7825,6.663525512756378,1417,2000,0,0.7085,0.7280024858785965,0.6881980760819897,0.3708831045090583,0.363880480529756,0.36738179251940717,0.26,0.47,0.06724494840753933,17.777070421746377,17.174235153412408,17.475652787579392,10.0,27.5,5.7889195017725426,office,17.999505758285522,0.1
office|D0=10|coldspot ventilation (25 % of cells)|FD,10.0,100,4.370496294625425,3.464577093127216,3.338,0.08187630832501222,coldspot ventilation (25 % of cells),0.695995,0.4169430785375507,0.9496077149493293,0.9430238639980392,0.9463157894736842,0.88,0.99,0.06424156119035812,FD,234,58.158017309880336,56.92613823448532,57.54207777218283,40.97728229729666,79.3943551239705,12.01999188417285,74252.2175,4.5313206953129335,4.1244547445542885,4.327887719933611,2.864630086075311,2.651369913924689,2.758,5.919395697848924,1463,2000,0,0.7315,0.7504658169508921,0.7116465576000705,0.3640511460067481,0.35649567559270495,0.3602734107997265,0.25,0.48,0.07372208431155126,18.582766817697422,17.936030174783777,18.2593984962406,10.5,29.5,6.310496991375927,office,19.42423129081726,0.1
office|D0=10|masks beta x 0.3|FD,10.0,100,1.402873990867966,1.3037935807616643,1.302,0.03815266455840867,masks beta x 0.3,0.13058499999999998,0.19908773377048858,0.4114247509409861,0.3802993869900484,0.39586206896551723,0.12,0.71,0.1912239866400754,FD,234,67.38417918583869,63.03945786149782,65.21181852366826,25.804249921574122,113.93393874069018,26.692537115074657,42058.9285,1.4578117408787992,1.328672935321364,1.3932423381000816,1.344831914029974,1.2021680859700261,1.2735,2.6490222611305656,580,2000,0,0.29,0.3102746000411892,0.2705305893510262,0.11316201898929734,0.10556211894173717,0.10936206896551726,0.05,0.19049999999999956,0.0466912832714611,29.15717769893664,26.532477473477154,27.844827586206897,7.5,56.52499999999998,16.12529388053462,office,13.215507984161377,0.1
office|D0=10|capacity 50 %|FD,10.0,50,4.676246636226544,3.21519103958436,3.2035,0.07481204646410947,capacity 50 %,0.6294299999999999,0.4237743119087291,0.9010637163750448,0.8826548765897795,0.8918592964824121,0.5120000000000002,1.0,0.17527335879488457,FD,234,49.4009368609659,47.851402724967755,48.62616979296683,28.376667985124346,73.98643922159617,14.753349790197658,30070.74,4.80465997101166,4.350981966155543,4.577820968583602,2.4938946005408416,2.3041053994591585,2.399,4.688143071535769,1393,2000,0,0.6965,0.7162577615324275,0.675988811250571,0.36738412626438344,0.35626267919146726,0.36182340272792535,0.16,0.52,0.1058889862624484,16.127893528820348,15.395437411596019,15.761665470208184,6.5,28.199999999999932,6.973825908275096,office,7.687721252441406,0.1
office|D0=10|capacity 50 %|DD,10.0,50,2.314505910859603,1.877533641662548,1.8455,0.04845605090630805,capacity 50 %,0.34484,0.34874085578298125,0.6364598303608507,0.6060167174815508,0.6212382739212008,0.12,0.92,0.2535604963945558,DD,234,51.77357659942291,49.18403033567155,50.47880346754723,15.625956282707985,87.13473385229733,21.568314602936994,24982.3735,2.456324262604112,2.2291162169529066,2.3427202397785094,1.8529944992950123,1.6820055007049879,1.7675,3.8053464232116063,1066,2000,0,0.533,0.5547815436902469,0.5110919265481194,0.2210269082770378,0.21049279153534495,0.21575984990619138,0.08,0.36,0.0877385923276606,19.973790569319323,18.629398924114074,19.3015947467167,4.5,41.0,11.197429588047317,office,8.28433895111084,0.1
office|D0=10|partitions (+39 barrier cells)|FD,10.0,100,4.625587166421779,3.5954494914446524,3.605,0.0884754285139403,partitions (+39 barrier cells),0.6934649999999999,0.4168568442394759,0.9482816953132188,0.9415743704852734,0.9449280328992461,0.87,0.99,0.06535682077315019,FD,195,60.25029400649325,58.90959350212174,59.57994375430749,42.1532477653047,82.34122597919834,13.063915170710741,74093.562,4.7113111478543575,4.290102018418186,4.500706583136272,2.7866894364815225,2.5783105635184778,2.6825,5.651519509754878,1459,2000,0,0.7295,0.7485150444585197,0.7096049985628449,0.345612134140318,0.33804790698373965,0.3418300205620288,0.23,0.46,0.07370655980460646,19.925821000545103,19.231821220154007,19.578821110349555,10.5,31.5,6.762400871752655,office,24.078179836273193,0.1
office|D0=10|partitions (+39 barrier cells)|DD,10.0,100,5.550704599706134,4.144794671721842,4.1255,0.0990089706194927,partitions (+39 barrier cells),0.751085,0.39944755844913543,0.966005808018078,0.9594124674001976,0.9627091377091378,0.91,1.0,0.06630479743143808,DD,195,55.6530317763053,54.45217438522464,55.05260308076497,39.268577936037126,76.64950197377877,12.076216090477702,72518.468,5.737188523792044,5.232955258472833,5.4850718911324385,3.032363088161716,2.8216369118382842,2.927,5.779560780390196,1554,2000,0,0.777,0.7947025233233062,0.7582353935260097,0.38380075350713444,0.37589036618398525,0.37984555984555984,0.25,0.51,0.0795494514030165,17.280674613277416,16.698089865487066,16.98938223938224,9.5,28.0,5.858663449622002,office,20.86346697807312,0.1
office|D0=10|combination|FD,10.0,50,2.3127935832108895,1.793956791066105,1.741,0.045711095503455874,combination,0.28492999999999996,0.30942166372604146,0.5506665574273096,0.5195715378107858,0.5351190476190477,0.12,0.88,0.2518459864836647,FD,195,50.74216093432757,47.94826644022943,49.3452136872785,14.509084792537955,88.43934119329376,22.62841843082536,22650.109,2.412680746646847,2.191858803552074,2.3022697750994605,1.7084029057684218,1.5525970942315783,1.6305,3.1595495247623813,1008,2000,0,0.504,0.5258840830596164,0.48210057999957956,0.19271065034468252,0.18280522267119056,0.18775793650793654,0.08,0.34,0.08022642322590842,20.304005197257478,18.77734400909173,19.540674603174605,3.5,42.82499999999999,12.364793388186559,office,7.217565059661865,0.1
office|D0=10|combination|DD,10.0,50,1.373659219119195,1.164872821215234,1.1935,0.035244147740795026,combination,0.12292000000000002,0.17040537725171162,0.3246536076148759,0.29586389619029924,0.31025875190258756,0.1,0.66,0.18824954252922974,DD,195,41.995724882109094,38.765663298591626,40.38069409035036,13.705758507652547,80.37536834747279,21.120656837127225,14413.378,1.4256352223676965,1.292477683388773,1.3590564528782347,1.1850870712709942,1.0609129287290058,1.123,2.006874437218609,657,2000,0,0.3285,0.34939576789725335,0.30826180343972265,0.1309166255678156,0.12192964536064714,0.12642313546423137,0.06,0.24,0.05876387184883304,17.619550744206357,15.72139293920308,16.670471841704718,2.5,42.099999999999966,12.411633210575284,office,5.431846857070923,0.1
classroom|D0=1|baseline|FD,1.0,80,5.8660661311851445,2.5805355971471515,2.581,0.05713450512464354,baseline,0.2468,0.23469185943368853,0.39674554283779406,0.3744208519419776,0.38558319738988583,0.1125,0.7625,0.19940893889010733,FD,148,49.05824768784749,46.753027414595344,47.90563755122142,19.177246788645544,85.0994331845034,20.590723103060544,1507.5635,4.927029865948189,4.43507369444918,4.681051780198684,1.9958490097308212,1.8521509902691786,1.924,2.687567783891946,1226,2000,0,0.613,0.6341104999748539,0.5914562314474301,0.1442427043300208,0.13756806239102326,0.14090538336052202,0.0625,0.25,0.05961933684718249,16.667344109993547,15.331024568636142,15.999184339314844,3.5,38.875,11.936293452113636,classroom,1.2354459762573242,0.1
classroom|D0=1|ventilation q x 0.5|FD,1.0,80,2.9330330655925687,1.655026997185444,1.582,0.04217851957758686,ventilation q x 0.5,0.11411249999999998,0.14006925801999215,0.2687369203279266,0.2496718679543637,0.25920439414114516,0.1,0.5125,0.13328212371006765,FD,148,46.56261449125744,43.59436781013169,45.07849115069457,19.030862928524606,84.80911102497043,20.750754501172462,1014.7665,2.5018938202690575,2.250834613440213,2.3763642168546353,1.4894294061608702,1.3545705938391297,1.422,2.3670995497748875,751,2000,0,0.3755,0.39694293936285885,0.35453442291966886,0.10328100420572286,0.09768437528828514,0.100482689747004,0.05,0.175,0.039125546215002305,16.790630911019353,15.150780540378785,15.970705725699068,3.5,40.5,11.464051379622322,classroom,0.47888994216918945,0.1
classroom|D0=1|hotspot ventilation (25 % of cells)|FD,1.0,80,4.370672041295373,2.329619023812015,2.3795,0.05342908579233133,hotspot ventilation (25 % of cells),0.20616875,0.20394471400755476,0.3514407968383908,0.33120419437426296,0.3413224956063269,0.1125,0.6768749999999983,0.17414967340170714,FD,148,48.461962071120254,46.064259958888144,47.2631110150042,19.03816176997219,83.82903374245923,20.633850988573112,1406.051,4.1105082094786045,3.701337187897545,3.905922698688075,1.9090747906943049,1.7639252093056952,1.8365,2.742138819409704,1138,2000,0,0.569,0.5905511111830217,0.5471843265881073,0.12964011933192915,0.12363316713555768,0.1266366432337434,0.0625,0.225,0.05169389303328595,16.88729557544102,15.556465408741753,16.221880492091387,3.5,38.57499999999993,11.452695149526683,classroom,0.6275379657745361,0.1
classroom|D0=1|coldspot ventilation (25 % of cells)|FD,1.0,80,5.863229802917111,2.386726496733912,2.3645,0.0560213269169409,coldspot ventilation (25 % of cells),0.2197,0.22675556838564506,0.3886129394511173,0.3657388284545944,0.37717588395285584,0.1125,0.7375,0.19379649287850464,FD,148,49.04649317907955,46.46743549525101,47.75696433716528,18.169975302394263,88.29454327029126,21.850568712082676,1385.0815,4.352432321600295,3.8964860860318957,4.124459203816095,1.850645534415968,1.7083544655840321,1.7795,2.635197348674337,1103,2000,0,0.5515,0.5731775048698368,0.5296250320173105,0.1414282456114963,0.13486368548551186,0.13814596554850408,0.0625,0.2375,0.05561696932830482,16.681684265644535,15.219494338163262,15.950589301903898,3.5,39.5,12.388122096251953,classroom,0.9759690761566162,0.1
classroom|D0=1|masks beta x 0.3|FD,1.0,80,1.7598198393555398,1.1236828134062158,1.0915,0.032071454037540005,masks beta x 0.3,0.0629375,0.08344726818196936,0.20703045219782829,0.19026366544923057,0.19864705882352943,0.1,0.35999999999999943,0.08817759281463627,FD,148,46.630259502466565,42.5745180116516,44.60238875705908,19.511549784371805,83.75183581531014,21.329401220446595,760.064,1.510150718777132,1.3605295732143028,1.4353401459957174,1.0933044964719645,0.9806955035280353,1.037,1.650456228114057,425,2000,0,0.2125,0.23097103286859613,0.19513130975169882,0.0853461299643941,0.07983034062384121,0.08258823529411766,0.05,0.1375,0.029007885280300457,18.221226840631235,15.835243747604059,17.028235294117646,4.0,42.0,12.5480361141441,classroom,0.4211390018463135,0.1
classroom|D0=1|capacity 50 %|FD,1.0,40,5.8660661311851445,1.7952896843962556,1.804,0.040213188760345,capacity 50 %,0.1567625,0.15026308792097204,0.26824511608682533,0.25162367491598625,0.2599343955014058,0.1,0.525,0.13850479840674595,FD,148,30.779362835188703,28.895688312801912,29.837525573995308,10.125666398861863,59.537239164862214,15.696470438726449,436.9385,5.160644262995191,4.557110424839927,4.858877343917559,1.4965880937321192,1.3794119062678807,1.438,1.7870495247623817,1067,2000,0,0.5335,0.5552791288569341,0.5115924242638314,0.14026322019446447,0.13363556143627592,0.1369493908153702,0.075,0.25,0.05522761418679524,9.789252435148121,8.728085896623199,9.25866916588566,1.0,26.349999999999966,8.842594091794965,classroom,0.29876089096069336,0.1
classroom|D0=1|capacity 50 %|DD,1.0,40,2.8959060647622863,1.2739352947941636,1.27,0.03278852762433662,capacity 50 %,0.10746249999999999,0.11256257708772624,0.22590796721711265,0.2105316214718334,0.21821979434447303,0.1,0.45,0.10940996201379398,DD,148,30.340389231187597,28.214575315536454,29.277482273362025,10.306534254182273,57.39659860073701,15.126170002465829,353.033,2.460157228320579,2.179621193118507,2.319889210719543,1.1905269842065378,1.0784730157934623,1.1345,1.6342268634317156,778,2000,0,0.389,0.41056002184093293,0.36786557826638094,0.1226354413300863,0.11631057409407819,0.11947300771208225,0.075,0.2,0.04500441753180494,10.5212414726742,9.20755030110472,9.86439588688946,1.5,27.5,9.347533123947917,classroom,0.308682918548584,0.1
classroom|D0=1|partitions (+22 barrier cells)|FD,1.0,80,6.082821144481263,2.4265934389605808,2.4435,0.05422060320492527,partitions (+22 barrier cells),0.17478125,0.17297215081022568,0.30926705293005574,0.29171425548115915,0.30049065420560744,0.1125,0.5625,0.1464711741964234,FD,126,43.6121118067269,41.38531666503252,42.49871423587971,17.2635315754181,76.38733914214748,18.58172750232311,1308.3365,4.864800304412701,4.353268452045005,4.609034378228853,1.901415621921994,1.756584378078006,1.829,2.7301240620310154,1070,2000,0,0.535,0.5567717523500957,0.5130940494178684,0.12708093567539921,0.12100317647413354,0.12404205607476637,0.0625,0.2125,0.050716504265732355,14.382777916613895,13.188250120769284,13.78551401869159,3.0,31.774999999999977,9.967863491675205,classroom,0.5661919116973877,0.1
classroom|D0=1|partitions (+22 barrier cells)|DD,1.0,80,7.1449010268510085,2.653833600535435,2.595,0.05572737451320551,partitions (+22 barrier cells),0.20297500000000002,0.18949120120118063,0.33282360519236615,0.3146912631168947,0.32375743415463043,0.1125,0.625,0.15869237798699073,DD,126,45.106557332427975,42.90954680341064,44.00805206791931,18.71240782471609,80.987101758597,19.228008376471895,1441.6225,5.7428109840604185,5.137747534597895,5.440279259329157,2.051675262842948,1.904324737157052,1.978,2.825928964482242,1177,2000,0,0.5885,0.6098777906725966,0.5667828795121127,0.13363821788118646,0.1275767353898416,0.13060747663551403,0.0625,0.225,0.05304946634440857,14.32019706614701,13.136897241414587,13.728547153780799,3.0,35.10000000000002,10.356117388299156,classroom,0.7818481922149658,0.1
classroom|D0=1|combination|FD,1.0,40,3.0414105722406317,1.206697186558561,1.21,0.03244189017488129,combination,0.0962375,0.09780242200797133,0.20476153652347628,0.19064312739970618,0.19770233196159123,0.1,0.4,0.09724414447494704,FD,126,28.92576158911951,26.867908488103204,27.896835038611357,9.834356022909615,55.99634575601023,14.173988195775587,358.8515,2.475029743668614,2.172023933200406,2.32352683843451,1.1392284115045073,1.0347715884954927,1.087,1.4201410705352677,729,2000,0,0.3645,0.38583459142374305,0.3436849474459959,0.11786551161679718,0.11142118248471172,0.11464334705075445,0.05,0.2,0.044386960858751844,9.320938254110423,8.260680401582306,8.790809327846365,1.5,23.5,7.302796433229369,classroom,0.247298002243042,0.1
classroom|D0=1|combination|DD,1.0,40,1.7636148104252491,0.8578751200595539,0.8575,0.026037201134558624,combination,0.0682,0.07034724136157432,0.17726919751271875,0.1630465919609655,0.17015789473684212,0.1,0.325,0.07907512795144514,DD,126,28.692461552688506,26.071443018452158,27.381952285570332,9.542937942443881,54.90134991808826,14.572391479443036,293.839,1.3916641650115413,1.2314176479018353,1.3115409064566883,0.8300609864672165,0.7419390135327836,0.786,1.0107093546773387,475,2000,0,0.2375,0.25664275166186473,0.2193637350784046,0.10590991501417686,0.0996690323542442,0.10278947368421053,0.05,0.175,0.03469818473615026,9.661442200885192,8.224873588588492,8.943157894736842,1.5,24.299999999999955,7.987063018448688,classroom,0.5552668571472168,0.1
classroom|D0=10|baseline|FD,10.0,80,4.9310409046248385,3.72302915663951,3.714,0.08764669401344093,baseline,0.70385,0.41095326686105305,0.9466532155147442,0.9383029839461721,0.9424780997304582,0.85,1.0,0.08205960137717098,FD,148,56.064295351660896,54.7483309715172,55.40631316158905,38.45085784662406,80.33769591062477,12.932277575101146,19484.869,5.116219207217765,4.650037041153859,4.883128124185812,2.8453058829529114,2.634694117047089,2.74,5.7732866433216605,1484,2000,0,0.742,0.7606990575035564,0.7223730575777954,0.35573163572000643,0.34753655835007435,0.3516340970350404,0.225,0.4875,0.08053486621409849,17.446327624007232,16.746394747960423,17.096361185983827,8.5,29.5,6.878397602211539,classroom,6.931570768356323,0.1
classroom|D0=10|ventilation q x 0.5|FD,10.0,80,2.4655204523124175,2.076984131004717,2.017,0.05506243216311697,ventilation q x 0.5,0.37901250000000003,0.37298335503788593,0.7197482238762364,0.6949830621122474,0.7073656429942419,0.1875,0.9125,0.20393368252550684,FD,148,65.49843098634113,62.998739133215246,64.2485850597782,28.140659902167492,99.16358870883559,20.58421300232447,16667.117,2.507561596057936,2.2859388515423835,2.3967502238001597,1.958809632184891,1.780190367815109,1.8695,4.152546023011505,1042,2000,0,0.521,0.5428329106730847,0.4990865703876939,0.2125688478004192,0.20374593147021416,0.2081573896353167,0.075,0.325,0.07265407086698229,25.5700547046488,24.027833970975,24.7989443378119,8.5,46.474999999999966,12.699725383688666,classroom,5.879209995269775,0.1
classroom|D0=10|hotspot ventilation (25 % of cells)|FD,10.0,80,3.8895546115381485,3.1588754238772068,3.092,0.0757207687322884,hotspot ventilation (25 % of cells),0.636725,0.4106355106859588,0.8975096895693756,0.8842475440227203,0.890878616796048,0.6875,0.9875,0.12735401696479168,FD,148,59.899771236057354,58.308302022578665,59.10403662931801,38.294408528699954,86.0853512324983,15.282594848570685,19965.4445,4.104749758262996,3.7443935487542825,3.9245716535086395,2.6536975227337534,2.453302477266247,2.5535,5.2267511255627825,1417,2000,0,0.7085,0.7280024858785965,0.6881980760819897,0.30746063279492447,0.29878495647818776,0.3031227946365561,0.175,0.44000000000000056,0.08331097143639615,19.872117862227874,19.0304932880897,19.451305575158788,8.5,34.0,8.08197059184065,classroom,7.769861936569214,0.1
classroom|D0=10|coldspot ventilation (25 % of cells)|FD,10.0,80,4.788720722178013,3.415968459107274,3.3625,0.08293663917750121,coldspot ventilation (25 % of cells),0.6291937499999999,0.4239774761541945,0.9142229756930734,0.9018913724496797,0.9080571740713765,0.775,0.9875,0.11656515483641526,FD,148,56.77024778802004,55.27899889220963,56.024623340114836,37.19296703411956,80.6633681952595,14.096111836301214,18424.092,4.427534632550927,3.999014136325602,4.2132743844382645,2.5943737008246552,2.3886262991753444,2.4915,5.509682591295647,1373,2000,0,0.6865,0.7064581060449423,0.6658268090900664,0.33909199020538167,0.3304273105957836,0.33475965040058264,0.2,0.4625,0.0819033584170656,17.853772321533658,17.0420761853855,17.44792425345958,8.0,31.5,7.6726021688150565,classroom,6.915898084640503,0.1
classroom|D0=10|masks beta x 0.3|FD,10.0,80,1.4793122713874465,1.307228150650084,1.3695,0.0385775710678465,masks beta x 0.3,0.1412625,0.20501787363057886,0.4040151859415081,0.37316210799317306,0.3885886469673406,0.1125,0.725,0.19958041246357866,FD,148,58.61855578644284,54.9208688019407,56.76971229419177,22.971034607561528,98.58047259603133,23.919360485327843,10588.202,1.4826648186784854,1.3504373823895592,1.4165511005340223,1.3491095465312348,1.2098904534687653,1.2795,2.5226410705352675,643,2000,0,0.3215,0.3422949027333718,0.3013895082500113,0.12672601138832015,0.11860835875164873,0.12266718506998445,0.05,0.2125,0.052510950906613625,24.68906188000136,22.35448399869226,23.52177293934681,5.550000000000001,51.5,15.101767715371883,classroom,4.922958850860596,0.1
classroom|D0=10|capacity 50 %|FD,10.0,40,4.9310409046248385,3.077545848153233,3.1,0.06947239168621808,capacity 50 %,0.5999125000000001,0.3970316384177744,0.828972474350999,0.8066330619811808,0.8178027681660899,0.25,1.0,0.2166304996982977,FD,148,46.633583173791095,44.97570648995604,45.80464483187357,17.921393908546886,72.61782056071854,16.076817443173713,7909.6105,4.94306220713494,4.488543991589053,4.715803099361996,2.412970664765384,2.2350293352346156,2.324,4.121084542271136,1445,2000,0,0.7225,0.741683440038972,0.7024634426287999,0.3287118826579072,0.31734348066389206,0.3230276816608996,0.125,0.5,0.11024204952060021,15.335757564959222,14.463550393518288,14.899653979238755,4.5,30.399999999999977,8.457996668030757,classroom,3.5123190879821777,0.1
classroom|D0=10|capacity 50 %|DD,10.0,40,2.4343113326628947,1.8379511026448214,1.8585,0.0475906641123585,capacity 50 %,0.3162875,0.32278514521076457,0.567488880978257,0.5363184584712843,0.5519036697247707,0.1,0.9,0.2625245187470342,DD,148,44.7140605747662,42.27033908687776,43.49219983082198,10.521926193448243,77.83036617030136,20.58158844065043,5935.8295,2.4853635924334805,2.251881972656326,2.3686227825449033,1.727674759633629,1.5723252403663708,1.65,3.1410705352676334,1090,2000,0,0.545,0.5667175064347387,0.5231099529812151,0.21574946992887006,0.20475511722709328,0.21025229357798167,0.075,0.375,0.09259698521325666,16.420089862990988,15.173488118660387,15.796788990825688,2.5,35.5,10.499168656645475,classroom,3.5081310272216797,0.1
classroom|D0=10|partitions (+22 barrier cells)|FD,10.0,80,4.812003233268791,3.4126641679838317,3.392,0.07927364098537129,partitions (+22 barrier cells),0.6268374999999999,0.40529426694089515,0.8779514292810058,0.8622271421475656,0.8700892857142857,0.5418750000000001,0.9875,0.15158247797368107,FD,126,60.18714314796362,58.42406452978418,59.3056038388739,37.68526476421763,89.76567085886354,16.996117123662717,21334.553,4.963773439028932,4.5051335842530005,4.734453511640966,2.7351268900798305,2.534873109920169,2.635,5.219384692346175,1428,2000,0,0.714,0.7333799212278039,0.6937995524391766,0.2927384873607102,0.28422229695301526,0.2884803921568627,0.1625,0.425,0.08209626509228411,19.645933350149573,18.666391579822413,19.156162464985993,7.0,36.5,9.442804469599691,classroom,7.716609954833984,0.1
classroom|D0=10|partitions (+22 barrier cells)|DD,10.0,80,5.652194273998262,3.854399132597059,3.8375,0.08843334836786276,partitions (+22 barrier cells),0.6981999999999999,0.3922478510946162,0.9112056218430891,0.8978882503863765,0.9045469361147328,0.6125,1.0,0.1330592668948248,DD,126,57.62633372142858,56.21343022177746,56.91988197160302,37.63653860322421,82.1494105804528,14.116892696715382,21846.2205,5.546083581334346,5.052470748528843,5.299277164931595,2.8510143966830794,2.6569856033169206,2.754,4.899933966983492,1534,2000,0,0.767,0.7850049331804114,0.7479713260209147,0.3211931001052529,0.31260742140713305,0.316900260756193,0.1875,0.4625,0.08578300283052648,18.478467539793925,17.624531156425107,18.051499348109516,7.5,34.5,8.532025220983197,classroom,8.32066798210144,0.1
classroom|D0=10|combination|FD,10.0,40,2.4060016166343954,1.7013060448362176,1.6715,0.04506450132465486,combination,0.24155,0.26403068685628367,0.45906597061216303,0.43006014656757885,0.44456305858987094,0.1,0.825,0.23480853362050846,FD,126,40.8915714053213,38.406433087088374,39.64900224620484,12.030481071152225,77.42496280341719,20.117741990418082,5480.447,2.374997671397972,2.1489596994618387,2.2619786854299053,1.570168022458153,1.429831977541847,1.5,2.56328164082041,1007,2000,0,0.5035,0.5253852055016401,0.4816013746751562,0.18681762578174774,0.17703540301666335,0.18192651439920554,0.075,0.325,0.07918924763137355,15.511934312377624,14.178234505894471,14.845084409136048,2.5,36.0,10.796593655429588,classroom,2.5010528564453125,0.1
classroom|D0=10|combination|DD,10.0,40,1.3951618777590649,1.0957698981224206,1.1055,0.032957973071693854,combination,0.12179999999999999,0.1521063054711475,0.2895524612791046,0.26550371849617627,0.27752808988764044,0.1,0.6112499999999983,0.16369910580327182,DD,126,35.33384396370694,32.59136649408565,33.962605228896294,10.32116401147071,68.67549423481002,18.66796586894003,3863.564,1.3784755223667982,1.2530639555676033,1.3157697389672007,1.106844053865541,0.9941559461344589,1.0505,1.6527761380690345,712,2000,0,0.356,0.3772427590327823,0.33530937083616535,0.1344053136397447,0.1262688436636261,0.1303370786516854,0.075,0.225,0.05538471892307388,14.004800906714602,12.444637295532589,13.224719101123595,2.0,34.94999999999993,10.619989176257475,classroom,2.023237943649292,0.1
office|D0=1|pair-level hotspot ventilation (25 % of cells)|FD,1.0,100,4.655554522078309,2.062249678302233,2.0955,0.051759341086366685,pair-level hotspot ventilation (25 % of cells),0.18763999999999997,0.23139706718398717,0.4166218567107188,0.3891156578072836,0.4028687572590012,0.11,0.72,0.20589513635323908,FD,234,61.228677424218766,57.77646089599234,59.50256916010555,22.29950764710321,106.43159036488277,25.84125110472159,5185.356,4.210075136373669,3.7799336802234453,3.995004408298557,1.8020398001680753,1.6469601998319245,1.7245,3.130164832416208,861,2000,0,0.4305,0.4523135762861409,0.4089529030603304,0.1218385708140229,0.11497908307680176,0.11840882694541233,0.05,0.22,0.051346068132741285,24.955650667824745,22.785348170735066,23.870499419279906,5.0,56.5,16.245600860184577,office,1.8168511390686035,0.1
office|D0=10|pair-level hotspot ventilation (25 % of cells)|FD,10.0,100,4.270423444181329,3.330350444647702,3.2635,0.07887423183285915,pair-level hotspot ventilation (25 % of cells),0.68213,0.42017738827643897,0.9466067041042543,0.9420005382355783,0.9443036211699163,0.88,0.99,0.0445277474559201,FD,234,58.582494653183396,57.28475537213148,57.93362501265744,41.05184226229879,80.5553806219854,12.545229289998478,73568.238,4.283592273814882,3.888860773552201,4.086226523683542,2.806714610048075,2.5912853899519246,2.699,6.040419209604803,1436,2000,0,0.718,0.7372885386237561,0.6978755981024202,0.357071428012401,0.3497252293692147,0.35339832869080784,0.24,0.4725,0.07101560978715675,19.311690332613303,18.68622053089645,18.998955431754876,11.0,29.625,6.046408697860763,office,16.59586215019226,0.1
classroom|D0=1|pair-level hotspot ventilation (25 % of cells)|FD,1.0,80,5.49303424145006,2.303087439069596,2.276,0.05289433717755357,pair-level hotspot ventilation (25 % of cells),0.20490625000000004,0.21275436610346105,0.35916244913872697,0.3369757622433869,0.3480691056910569,0.1125,0.725,0.18831295482324836,FD,148,48.51314377802265,45.9905064094809,47.251825093751776,18.91707592688939,87.87942701283379,21.411276909371026,1372.94,4.175331215162143,3.758002820838874,3.9666670180005084,1.8790839876553713,1.735916012344629,1.8075,2.6677776388194094,1107,2000,0,0.5535,0.5751644425011485,0.5316304259155965,0.13164583582205627,0.12517439904695907,0.12841011743450767,0.0625,0.225,0.05492732586974708,16.968057898938824,15.540523853545366,16.254290876242095,3.5,39.5,12.116417176973304,classroom,0.4631621837615967,0.1
classroom|D0=10|pair-level hotspot ventilation (25 % of cells)|FD,10.0,80,3.8893212689385934,3.1672395023342506,3.1255,0.07587656754065035,pair-level hotspot ventilation (25 % of cells),0.6366687499999999,0.41489153509246635,0.9035101733776243,0.8902353845470383,0.8968727789623313,0.7162499999999999,0.9875,0.12702482432149914,FD,148,60.1392405399666,58.489814126391686,59.31452733317914,38.458520589115764,88.09059408545198,15.783158820037274,19898.275,4.0905913639520035,3.7408212907948464,3.915706327373425,2.631485073854535,2.4315149261454647,2.5315,5.204610055027515,1407,2000,0,0.7035,0.7231108528157517,0.6831088803208396,0.3069058103077008,0.29856682650821953,0.30273631840796017,0.175,0.4375,0.07979471204154621,20.017073657403735,19.14923764323592,19.583155650319828,8.5,34.5,8.304216258833808,classroom,5.004745960235596,0.1
