config,task,abs_err_sparse,cell,cpu_branching_s,cpu_dense_s,cpu_ode_s,cpu_pair_s,cpu_solve_s,cpu_sparse_s,mc_burn_in_generations,mc_cpu_for_0p1pct_s,mc_cpu_for_1pct_s,mc_cpu_for_se_0p01_s,mc_cpu_per_run_s,mc_cpu_s,mc_cv_single_run,mc_cv_single_walker,mc_estimate,mc_rel_se,mc_runs,mc_runs_for_1pct,mc_runs_for_se_0p01,mc_se,mc_walkers,speedup_at_0p1pct,speedup_at_1pct,speedup_at_se_0p01,subdominant_ratio,theory_bias,theory_minus_mc_in_se,value_branching_meanfield,value_dense,value_ode,value_pair_solve,value_solve,value_sparse
D0=1,T1_R0_meanfield,5.823030058138556e-09,,,0.012693999999999983,,,,0.004631000000000052,83,3.8753474313479512,0.03875347431347951,,,2.888503,,,5.108371390518319,0.0011582942767012314,,,,,2260000,836.8273442772421,8.36827344277242,,0.9198631324947627,,,,5.107294682670609,,,,5.107294676847579
D0=1,T2_column_sum,,17,,,,,0.00027100000000013225,,,,0.009411341081203586,,,0.19234200000000046,,0.9892446054100643,5.356947133686449,0.00221201818407186,,,,,,,34.728195871583,,,,,,,,,5.334542084072359,
D0=1,T3_R1_discrete,,,,,,0.06837099999999996,,,,,1.2380323034032843,,,4.259418999999999,1.0782533151732894,,2.26515,0.005391266575866447,40000,11626.30211682189,,,,,18.107564660503503,,,,0.08038085002971401,,,,2.2661316131497764,,
D0=1,T4_p_major,,,0.00940999999999903,,,,,,,,,1.2863684802750002,0.0005145556250000001,4.116445000000001,,,0.498,,8000,,2499.96,0.005590125222211037,,,,136.70228270724047,,0.2834099064363258,,0.7814099064363258,,,,,
D0=1,T5_attack_rate,,,,,0.40414199999999845,,,,,,2.6052467363624587,,,,,,0.44302459839357433,0.007955422910099572,,5063.100294282972,,,,,6.4463647340847245,,,0.5462564157938036,,,,0.9892810141873779,,,
D0=10,T1_R0_meanfield,1.3306014068348304e-09,,,0.012454999999999217,,,,0.0013970000000007587,27,18.603724746311535,0.18603724746311529,,,13.166160000000001,,,4.666861834721237,0.0011886948697922852,,,,,1140000,13316.911056765519,133.16911056765514,,0.7712768380795012,,,,4.676246636226544,,,,4.676246634895943
D0=10,T2_column_sum,,17,,,,,0.00028500000000519776,,,,0.09427231898416683,,,2.0032059999999987,,0.9701620602360232,5.082473545307588,0.0021693483158789937,,,,,,,330.78006660507896,,,,,,,,,5.071976214577197,
D0=10,T3_R1_discrete,,,,,,0.137471000000005,,,,,11.633518236412739,,,41.015111,1.0651569061222401,,3.793525,0.005325784530611201,40000,11345.592346599027,,,,,84.62525359102877,,,,-0.006964318177723534,,,,3.79338429642025,,
D0=10,T4_p_major,,,0.009729000000007204,,,,,,,,,10.944184900236328,0.005896303875000001,47.17043100000001,,,0.75375,,8000,,1856.1093749999998,0.00481677975285356,,,,1124.9033713874214,,0.029681203033621317,,0.7834312030336213,,,,,
D0=10,T5_attack_rate,,,,,1.5438960000000037,,,,,,0.19244204403271536,,,,,,0.9638341625207297,0.000638726681564635,,32.63774189940564,,,,,0.12464702546849976,,,0.02624418845391352,,,,0.9900783509746433,,,
