file,dataset,url,sha256,licence
HighSchool2013_metadata.txt,high school (classes),http://www.sociopatterns.org/assets/data/HighSchool2013_metadata.txt,b960986186214d2dede8496a6d5c270805d150b88a0b76419815f1b5ccca4dd8,see http://www.sociopatterns.org/datasets/ (Creative Commons; not redistributed here)
HighSchool2013_proximity_net.csv.gz,high school,http://www.sociopatterns.org/assets/data/HighSchool2013_proximity_net.csv.gz,ecf4a90312c8d72057f72e936c366b470e63876da7db846300044795f045e2ea,see http://www.sociopatterns.org/datasets/ (Creative Commons; not redistributed here)
SFHH_tij.dat.gz,scientific conference,http://www.sociopatterns.org/assets/data/SFHH_tij.dat.gz,77de2e3d490e0d2426f55c19bbd8d4255f1d3b39a20820474a88dd15d1aa1556,see http://www.sociopatterns.org/datasets/ (Creative Commons; not redistributed here)
hospital_lyon_contacts.dat.gz,hospital ward,http://www.sociopatterns.org/assets/data/hospital_lyon_contacts.dat.gz,12124ddc438300bcaea0022d4937e0e566679e1fd8f11f16a62214fbebc2b012,see http://www.sociopatterns.org/datasets/ (Creative Commons; not redistributed here)
primaryschool.csv.gz,primary school,http://www.sociopatterns.org/assets/data/primaryschool.csv.gz,5c93d9f5a61ad44b3c90fb5146d42345ae86dd44d77bc5da2461989d3d547fc9,see http://www.sociopatterns.org/datasets/ (Creative Commons; not redistributed here)
primaryschool_metadata.txt,primary school (classes),http://www.sociopatterns.org/assets/data/primaryschool_metadata.txt,92844d1206ba38825d6ca801563cfc5c0f1c993f3efd012012c21aceaeff4329,see http://www.sociopatterns.org/datasets/ (Creative Commons; not redistributed here)
workplace_InVS15_metadata.txt,"office building, 2015 (departments)",http://www.sociopatterns.org/assets/data/workplace_InVS15_metadata.txt,e78d9f582975d28f1d151dbb77d7f4479de143d29c372c95c83941d41d0d8b45,see http://www.sociopatterns.org/datasets/ (Creative Commons; not redistributed here)
workplace_InVS15_tij.dat.gz,"office building, 2015",http://www.sociopatterns.org/assets/data/workplace_InVS15_tij.dat.gz,339eb090d506d750f38a2c1ac6aca76c00c55b462f9dea325933d8b7bc260871,see http://www.sociopatterns.org/datasets/ (Creative Commons; not redistributed here)
workplace_InVS_metadata.txt,"office building, 2013 (departments)",http://www.sociopatterns.org/assets/data/workplace_InVS_metadata.txt,4a62b35fa54376b29425731e1a13e73138f09e3c8ff6b04823103e20a99af8f0,see http://www.sociopatterns.org/datasets/ (Creative Commons; not redistributed here)
workplace_InVS_tij.dat.zip,"office building, 2013",http://www.sociopatterns.org/assets/data/workplace_InVS_tij.dat.zip,bf818f7e819864e134c90ed82f2cda6ca9d9548d43fe4d05002ac068c91258c0,see http://www.sociopatterns.org/datasets/ (Creative Commons; not redistributed here)
