rows_apart,cols_apart,attack_rate_pct,ci95_low_pct,ci95_high_pct,note
0,0,,,,index seat (undefined)
0,1,3.53,2.89,4.31,cell realigned (printed one column to the left on the publisher page)
0,2,1.65,1.18,2.31,cell realigned (printed one column to the left on the publisher page)
0,3,0.38,0.18,0.78,cell realigned (printed one column to the left on the publisher page)
0,4,0.38,0.19,0.79,cell realigned (printed one column to the left on the publisher page)
0,5,0.29,0.1,0.85,cell realigned (printed one column to the left on the publisher page)
1,0,0.21,0.11,0.38,
1,1,0.24,0.14,0.41,
1,2,0.14,0.06,0.32,
1,3,0.09,0.03,0.25,
1,4,0.03,0.0,0.16,
1,5,0.05,0.0,0.3,
2,0,0.25,0.14,0.45,
2,1,0.17,0.09,0.33,
2,2,0.23,0.12,0.46,
2,3,0.16,0.07,0.36,
2,4,0.09,0.03,0.27,
2,5,0.17,0.06,0.5,
3,0,0.05,0.01,0.18,
3,1,0.05,0.01,0.17,
3,2,0.13,0.05,0.33,
3,3,0.1,0.03,0.3,
3,4,0.1,0.03,0.3,
3,5,0.06,0.0,0.36,
0,mean,1.53,,,printed row mean
1,mean,0.14,,,printed row mean
2,mean,0.18,,,printed row mean
3,mean,0.08,,,printed row mean
mean,0,0.17,,,printed column mean
mean,1,0.68,,,printed column mean
mean,2,0.41,,,printed column mean
mean,3,0.16,,,printed column mean
mean,4,0.12,,,printed column mean
mean,5,0.13,,,printed column mean
