table,patrons,infected,overlap_with_table_A_min,total_exposure_min,norm_measured_tracer,norm_predicted_tracer,norm_predicted_exposure,zone,neighbour_class
TA,10,5,82,82,1.0,1.0,1.0,ABC,index table
TB,4,3,53,53,0.87,1.04,0.76,ABC,immediate
TC,7,2,75,77,0.98,0.93,0.89,ABC,immediate
T04,0,0,,,,1.0,0.0,non-ABC,remote
T05,2,0,52,52,,0.62,0.07,non-ABC,remote
T06,4,0,82,82,,0.47,0.13,non-ABC,remote
T07,3,0,69,69,,0.42,0.04,non-ABC,remote
T08,2,0,55,69,,0.42,0.06,non-ABC,remote
T09,10,0,75,75,,0.32,0.04,non-ABC,remote
T10,6,0,82,82,0.55,0.52,0.08,non-ABC,remote
T11,7,0,70,70,,0.57,0.12,non-ABC,remote
T12,2,0,64,64,,0.5,0.09,non-ABC,remote
T13,6,0,50,50,,0.55,0.05,non-ABC,remote
T14,3,0,61,61,,0.63,0.11,non-ABC,remote
T15,8,0,82,89,0.58,0.54,0.23,non-ABC,remote
T16,5,0,48,48,0.7,0.56,0.06,non-ABC,remote
T17,5,0,23,79,0.86,0.75,0.47,non-ABC,remote
T18,5,0,77,77,0.73,0.85,0.4,non-ABC,immediate
