outbreak_id,contrast,near,far,near_k,near_n,far_k,far_n,near_ar,far_ar,risk_ratio,rr_ci_low,rr_ci_high,continuity_corrected,fisher_p
O1_seoul_callcentre,wing with most cases vs other wing (index position unknown),north wing desks (digitized),south wing desks (digitized),79,137,4,62,0.5766423357664233,0.06451612903225806,8.937956204379562,3.4268746974237456,23.31192942988682,False,5.188212825314601e-13
C1_marin_classroom,rows nearest the index vs farther rows,front two rows (nearest teacher),back three rows,8,10,4,14,0.8,0.2857142857142857,2.8000000000000003,1.156373901467402,6.779814029053482,False,0.03607484183604792
T1_zhejiang_bus,within ~2 m (3 rows) vs beyond,rows 5-11 (within ~2 m of index row 8),rows 1-4 and 12-15,14,33,9,34,0.42424242424242425,0.2647058823529412,1.6026936026936027,0.8063613053106077,3.1854539239399307,False,0.20412478423837427
T1_zhejiang_bus,within 2 rows vs beyond (alternative split),rows 6-10 (within 2 rows),rows 1-5 and 11-15,11,23,12,44,0.4782608695652174,0.2727272727272727,1.7536231884057973,0.9207675283524764,3.3398161775067594,False,0.11033289172565708
T2_hunan_coach,index half vs other half of coach,rear seats rows 8-13 (index zone),front seats rows 1-7,3,19,4,26,0.15789473684210525,0.15384615384615385,1.026315789473684,0.2594588302190012,4.059696479915187,False,1.0
T5_vn54_flight,"within ~2 m vs beyond, same cabin","business class, '≤2 seats away' (within ~2 m)","business class, '>2 seats away'",11,12,1,8,0.9166666666666666,0.125,7.333333333333333,1.163110988047588,46.23615315340609,False,0.000770024609033897
R1_guangzhou_restaurant,adjacent tables vs remote tables,"immediate neighbouring tables (TB, TC, T18)",remote tables (T04-T17),5,16,0,63,0.3125,0.0,41.411764705882355,2.406746179496355,712.5530189536802,True,0.00019381018714796197
R1_guangzhou_restaurant,same airflow zone vs other zones,"ABC air-conditioning zone, non-A tables (TB, TC)",other air-conditioning zones,5,11,0,68,0.45454545454545453,0.0,63.25,3.7345658316301997,1071.2255936465012,True,2.0499154409880594e-05
C2_jerusalem_highschool,building wing with index classes vs other wing,grades 7-9 (junior wing),grades 10-12 (senior wing),135,581,18,583,0.23235800344234078,0.030874785591766724,7.525817555938038,4.665231696485159,12.140432366507515,False,1.2840789858575812e-26
S1_liaocheng_supermarket,long-dwell staff vs short-dwell customers,employees (shift-long exposure),customers (short visits),11,120,0,8224,0.09166666666666666,0.0,1563.4297520661157,92.65256006893561,26381.490029275952,True,3.416768218544701e-21
