x_px,y_px,w_px,h_px,case,region,x_pitch_units,y_pitch_units
796.5,791.5,31,17,1,east_offices,24.50769230769231,24.353846153846153
23.0,47.0,18,30,0,north_wing,0.7076923076923077,1.4461538461538461
97.0,53.5,36,17,1,north_wing,2.9846153846153847,1.646153846153846
178.0,53.5,36,17,1,north_wing,5.476923076923077,1.646153846153846
260.0,53.5,36,17,1,north_wing,8.0,1.646153846153846
343.5,53.5,37,17,0,north_wing,10.569230769230769,1.646153846153846
590.0,53.5,36,17,1,north_wing,18.153846153846153,1.646153846153846
837.0,53.5,36,17,1,north_wing,25.753846153846155,1.646153846153846
425.5,54.0,37,18,1,north_wing,13.092307692307692,1.6615384615384616
507.0,54.0,36,18,1,north_wing,15.6,1.6615384615384616
671.5,54.0,37,18,0,north_wing,20.661538461538463,1.6615384615384616
753.5,54.0,37,18,1,north_wing,23.184615384615384,1.6615384615384616
23.0,79.5,18,31,0,north_wing,0.7076923076923077,2.4461538461538463
87.5,79.5,17,31,1,north_wing,2.6923076923076925,2.4461538461538463
106.5,79.5,17,31,0,north_wing,3.276923076923077,2.4461538461538463
168.5,79.5,17,31,0,north_wing,5.184615384615385,2.4461538461538463
188.0,79.5,18,31,0,north_wing,5.7846153846153845,2.4461538461538463
250.5,79.5,17,31,1,north_wing,7.707692307692308,2.4461538461538463
270.0,79.5,18,31,1,north_wing,8.307692307692308,2.4461538461538463
334.0,79.5,18,31,0,north_wing,10.276923076923078,2.4461538461538463
353.0,79.5,18,31,0,north_wing,10.861538461538462,2.4461538461538463
434.5,79.5,17,31,1,north_wing,13.36923076923077,2.4461538461538463
516.5,79.5,17,31,1,north_wing,15.892307692307693,2.4461538461538463
580.5,79.5,17,31,1,north_wing,17.861538461538462,2.4461538461538463
599.5,79.5,17,31,1,north_wing,18.446153846153845,2.4461538461538463
681.5,79.5,17,31,1,north_wing,20.96923076923077,2.4461538461538463
763.5,79.5,17,31,0,north_wing,23.49230769230769,2.4461538461538463
827.5,79.5,17,31,0,north_wing,25.46153846153846,2.4461538461538463
846.5,79.5,17,31,0,north_wing,26.046153846153846,2.4461538461538463
415.5,80.0,17,30,1,north_wing,12.784615384615385,2.4615384615384617
497.5,80.0,17,30,0,north_wing,15.307692307692308,2.4615384615384617
662.0,80.0,18,30,1,north_wing,20.369230769230768,2.4615384615384617
744.0,80.0,18,30,1,north_wing,22.892307692307693,2.4615384615384617
516.5,111.5,17,31,1,north_wing,15.892307692307693,3.4307692307692306
580.5,111.5,17,31,1,north_wing,17.861538461538462,3.4307692307692306
23.0,112.0,18,30,0,north_wing,0.7076923076923077,3.4461538461538463
87.5,112.0,17,30,0,north_wing,2.6923076923076925,3.4461538461538463
106.5,112.0,17,30,1,north_wing,3.276923076923077,3.4461538461538463
168.5,112.0,17,30,0,north_wing,5.184615384615385,3.4461538461538463
188.0,112.0,18,30,1,north_wing,5.7846153846153845,3.4461538461538463
250.5,112.0,17,30,0,north_wing,7.707692307692308,3.4461538461538463
270.0,112.0,18,30,0,north_wing,8.307692307692308,3.4461538461538463
334.0,112.0,18,30,1,north_wing,10.276923076923078,3.4461538461538463
353.0,112.0,18,30,1,north_wing,10.861538461538462,3.4461538461538463
415.5,112.0,17,30,0,north_wing,12.784615384615385,3.4461538461538463
434.5,112.0,17,30,0,north_wing,13.36923076923077,3.4461538461538463
497.5,112.0,17,30,0,north_wing,15.307692307692308,3.4461538461538463
599.5,112.0,17,30,0,north_wing,18.446153846153845,3.4461538461538463
662.0,112.0,18,30,0,north_wing,20.369230769230768,3.4461538461538463
681.5,112.0,17,30,0,north_wing,20.96923076923077,3.4461538461538463
744.0,112.0,18,30,0,north_wing,22.892307692307693,3.4461538461538463
763.5,112.0,17,30,1,north_wing,23.49230769230769,3.4461538461538463
827.5,112.0,17,30,1,north_wing,25.46153846153846,3.4461538461538463
846.5,112.0,17,30,0,north_wing,26.046153846153846,3.4461538461538463
23.0,144.5,18,31,1,north_wing,0.7076923076923077,4.446153846153846
87.5,144.5,17,31,1,north_wing,2.6923076923076925,4.446153846153846
106.5,144.5,17,31,1,north_wing,3.276923076923077,4.446153846153846
168.5,144.5,17,31,1,north_wing,5.184615384615385,4.446153846153846
187.5,144.5,17,31,0,north_wing,5.769230769230769,4.446153846153846
250.5,144.5,17,31,0,north_wing,7.707692307692308,4.446153846153846
270.0,144.5,18,31,1,north_wing,8.307692307692308,4.446153846153846
334.0,144.5,18,31,1,north_wing,10.276923076923078,4.446153846153846
353.0,144.5,18,31,1,north_wing,10.861538461538462,4.446153846153846
415.5,144.5,17,31,0,north_wing,12.784615384615385,4.446153846153846
434.5,144.5,17,31,1,north_wing,13.36923076923077,4.446153846153846
497.5,144.5,17,31,0,north_wing,15.307692307692308,4.446153846153846
516.5,144.5,17,31,1,north_wing,15.892307692307693,4.446153846153846
580.5,144.5,17,31,1,north_wing,17.861538461538462,4.446153846153846
599.5,144.5,17,31,1,north_wing,18.446153846153845,4.446153846153846
662.0,144.5,18,31,1,north_wing,20.369230769230768,4.446153846153846
681.5,144.5,17,31,1,north_wing,20.96923076923077,4.446153846153846
744.0,144.5,18,31,1,north_wing,22.892307692307693,4.446153846153846
763.5,144.5,17,31,1,north_wing,23.49230769230769,4.446153846153846
827.5,144.5,17,31,1,north_wing,25.46153846153846,4.446153846153846
846.5,144.5,17,31,1,north_wing,26.046153846153846,4.446153846153846
23.0,177.0,18,30,1,north_wing,0.7076923076923077,5.446153846153846
87.5,177.0,17,30,1,north_wing,2.6923076923076925,5.446153846153846
106.5,177.0,17,30,1,north_wing,3.276923076923077,5.446153846153846
168.5,177.0,17,30,0,north_wing,5.184615384615385,5.446153846153846
188.0,177.0,18,30,0,north_wing,5.7846153846153845,5.446153846153846
250.5,177.0,17,30,1,north_wing,7.707692307692308,5.446153846153846
270.0,177.0,18,30,1,north_wing,8.307692307692308,5.446153846153846
334.0,177.0,18,30,0,north_wing,10.276923076923078,5.446153846153846
353.0,177.0,18,30,1,north_wing,10.861538461538462,5.446153846153846
415.5,177.0,17,30,0,north_wing,12.784615384615385,5.446153846153846
434.5,177.0,17,30,1,north_wing,13.36923076923077,5.446153846153846
497.5,177.0,17,30,1,north_wing,15.307692307692308,5.446153846153846
516.5,177.0,17,30,1,north_wing,15.892307692307693,5.446153846153846
580.5,177.0,17,30,0,north_wing,17.861538461538462,5.446153846153846
599.5,177.0,17,30,1,north_wing,18.446153846153845,5.446153846153846
662.0,177.0,18,30,0,north_wing,20.369230769230768,5.446153846153846
681.5,177.0,17,30,0,north_wing,20.96923076923077,5.446153846153846
744.0,177.0,18,30,1,north_wing,22.892307692307693,5.446153846153846
763.5,177.0,17,30,0,north_wing,23.49230769230769,5.446153846153846
827.5,177.0,17,30,0,north_wing,25.46153846153846,5.446153846153846
846.5,177.0,17,30,1,north_wing,26.046153846153846,5.446153846153846
23.0,209.5,18,31,0,north_wing,0.7076923076923077,6.446153846153846
87.5,209.5,17,31,0,north_wing,2.6923076923076925,6.446153846153846
106.5,209.5,17,31,0,north_wing,3.276923076923077,6.446153846153846
168.5,209.5,17,31,0,north_wing,5.184615384615385,6.446153846153846
188.0,209.5,18,31,1,north_wing,5.7846153846153845,6.446153846153846
250.5,209.5,17,31,0,north_wing,7.707692307692308,6.446153846153846
270.0,209.5,18,31,1,north_wing,8.307692307692308,6.446153846153846
334.0,209.5,18,31,1,north_wing,10.276923076923078,6.446153846153846
353.0,209.5,18,31,1,north_wing,10.861538461538462,6.446153846153846
415.5,209.5,17,31,0,north_wing,12.784615384615385,6.446153846153846
434.5,209.5,17,31,1,north_wing,13.36923076923077,6.446153846153846
497.5,209.5,17,31,1,north_wing,15.307692307692308,6.446153846153846
516.5,209.5,17,31,1,north_wing,15.892307692307693,6.446153846153846
580.5,209.5,17,31,1,north_wing,17.861538461538462,6.446153846153846
599.5,209.5,17,31,0,north_wing,18.446153846153845,6.446153846153846
662.0,209.5,18,31,1,north_wing,20.369230769230768,6.446153846153846
681.5,209.5,17,31,1,north_wing,20.96923076923077,6.446153846153846
744.0,209.5,18,31,0,north_wing,22.892307692307693,6.446153846153846
763.5,209.5,17,31,0,north_wing,23.49230769230769,6.446153846153846
827.5,209.5,17,31,1,north_wing,25.46153846153846,6.446153846153846
846.5,209.5,17,31,1,north_wing,26.046153846153846,6.446153846153846
23.0,242.5,18,31,0,north_wing,0.7076923076923077,7.461538461538462
87.5,242.5,17,31,1,north_wing,2.6923076923076925,7.461538461538462
106.5,242.5,17,31,0,north_wing,3.276923076923077,7.461538461538462
168.5,242.5,17,31,1,north_wing,5.184615384615385,7.461538461538462
188.0,242.5,18,31,1,north_wing,5.7846153846153845,7.461538461538462
250.5,242.5,17,31,0,north_wing,7.707692307692308,7.461538461538462
270.0,242.5,18,31,1,north_wing,8.307692307692308,7.461538461538462
334.0,242.5,18,31,1,north_wing,10.276923076923078,7.461538461538462
353.0,242.5,18,31,1,north_wing,10.861538461538462,7.461538461538462
415.5,242.5,17,31,0,north_wing,12.784615384615385,7.461538461538462
434.5,242.5,17,31,0,north_wing,13.36923076923077,7.461538461538462
497.5,242.5,17,31,1,north_wing,15.307692307692308,7.461538461538462
516.5,242.5,17,31,0,north_wing,15.892307692307693,7.461538461538462
580.5,242.5,17,31,1,north_wing,17.861538461538462,7.461538461538462
599.5,242.5,17,31,0,north_wing,18.446153846153845,7.461538461538462
662.0,242.5,18,31,0,north_wing,20.369230769230768,7.461538461538462
681.5,242.5,17,31,0,north_wing,20.96923076923077,7.461538461538462
744.0,242.5,18,31,1,north_wing,22.892307692307693,7.461538461538462
763.5,242.5,17,31,1,north_wing,23.49230769230769,7.461538461538462
827.5,242.5,17,31,1,north_wing,25.46153846153846,7.461538461538462
846.5,242.5,17,31,0,north_wing,26.046153846153846,7.461538461538462
240.5,686.5,17,31,0,south_wing,7.4,21.123076923076923
300.5,686.5,17,31,0,south_wing,9.246153846153845,21.123076923076923
319.5,686.5,17,31,0,south_wing,9.830769230769231,21.123076923076923
380.5,686.5,17,31,0,south_wing,11.707692307692307,21.123076923076923
399.5,686.5,17,31,0,south_wing,12.292307692307693,21.123076923076923
460.0,686.5,18,31,0,south_wing,14.153846153846153,21.123076923076923
479.0,686.5,18,31,0,south_wing,14.738461538461538,21.123076923076923
539.5,686.5,17,31,0,south_wing,16.6,21.123076923076923
559.0,686.5,18,31,0,south_wing,17.2,21.123076923076923
619.5,686.5,17,31,0,south_wing,19.06153846153846,21.123076923076923
638.5,686.5,17,31,0,south_wing,19.646153846153847,21.123076923076923
240.5,719.5,17,31,1,south_wing,7.4,22.138461538461538
300.5,719.5,17,31,0,south_wing,9.246153846153845,22.138461538461538
319.5,719.5,17,31,0,south_wing,9.830769230769231,22.138461538461538
380.5,719.5,17,31,0,south_wing,11.707692307692307,22.138461538461538
399.5,719.5,17,31,0,south_wing,12.292307692307693,22.138461538461538
460.0,719.5,18,31,0,south_wing,14.153846153846153,22.138461538461538
479.0,719.5,18,31,0,south_wing,14.738461538461538,22.138461538461538
539.5,719.5,17,31,0,south_wing,16.6,22.138461538461538
559.0,719.5,18,31,0,south_wing,17.2,22.138461538461538
619.5,719.5,17,31,0,south_wing,19.06153846153846,22.138461538461538
638.5,719.5,17,31,0,south_wing,19.646153846153847,22.138461538461538
240.5,752.5,17,31,0,south_wing,7.4,23.153846153846153
300.5,752.5,17,31,0,south_wing,9.246153846153845,23.153846153846153
319.5,752.5,17,31,0,south_wing,9.830769230769231,23.153846153846153
380.5,752.5,17,31,0,south_wing,11.707692307692307,23.153846153846153
399.5,752.5,17,31,0,south_wing,12.292307692307693,23.153846153846153
460.0,752.5,18,31,0,south_wing,14.153846153846153,23.153846153846153
479.0,752.5,18,31,0,south_wing,14.738461538461538,23.153846153846153
539.5,752.5,17,31,0,south_wing,16.6,23.153846153846153
559.0,752.5,18,31,0,south_wing,17.2,23.153846153846153
619.5,752.5,17,31,0,south_wing,19.06153846153846,23.153846153846153
638.5,752.5,17,31,0,south_wing,19.646153846153847,23.153846153846153
240.5,784.5,17,31,0,south_wing,7.4,24.138461538461538
300.5,784.5,17,31,0,south_wing,9.246153846153845,24.138461538461538
319.5,784.5,17,31,0,south_wing,9.830769230769231,24.138461538461538
380.5,784.5,17,31,0,south_wing,11.707692307692307,24.138461538461538
399.5,784.5,17,31,0,south_wing,12.292307692307693,24.138461538461538
460.0,784.5,18,31,1,south_wing,14.153846153846153,24.138461538461538
479.0,784.5,18,31,0,south_wing,14.738461538461538,24.138461538461538
539.5,784.5,17,31,0,south_wing,16.6,24.138461538461538
559.0,784.5,18,31,0,south_wing,17.2,24.138461538461538
619.5,784.5,17,31,0,south_wing,19.06153846153846,24.138461538461538
638.5,784.5,17,31,0,south_wing,19.646153846153847,24.138461538461538
460.0,817.0,18,30,0,south_wing,14.153846153846153,25.138461538461538
479.0,817.0,18,30,0,south_wing,14.738461538461538,25.138461538461538
240.5,817.5,17,31,1,south_wing,7.4,25.153846153846153
300.5,817.5,17,31,0,south_wing,9.246153846153845,25.153846153846153
319.5,817.5,17,31,0,south_wing,9.830769230769231,25.153846153846153
380.5,817.5,17,31,1,south_wing,11.707692307692307,25.153846153846153
399.5,817.5,17,31,0,south_wing,12.292307692307693,25.153846153846153
539.5,817.5,17,31,0,south_wing,16.6,25.153846153846153
559.0,817.5,18,31,0,south_wing,17.2,25.153846153846153
619.5,817.5,17,31,0,south_wing,19.06153846153846,25.153846153846153
638.5,817.5,17,31,0,south_wing,19.646153846153847,25.153846153846153
310.0,843.0,36,18,0,south_wing,9.538461538461538,25.93846153846154
390.0,843.0,36,18,0,south_wing,12.0,25.93846153846154
549.5,843.0,37,18,0,south_wing,16.907692307692308,25.93846153846154
629.0,843.0,36,18,0,south_wing,19.353846153846153,25.93846153846154
240.5,849.5,17,31,0,south_wing,7.4,26.138461538461538
460.0,849.5,18,31,0,south_wing,14.153846153846153,26.138461538461538
479.0,849.5,18,31,0,south_wing,14.738461538461538,26.138461538461538
