id,k,n,ar,ci_lo,ci_hi,T_h,H,their_k,their_n,their_ar,their_lo,their_hi,their_T,note,hazard_per_h
O1_seoul_callcentre,94,216,0.4351851851851852,0.3680521334877597,0.5041220354315786,,0.5712573629509083,94,216,0.4351852,0.3680521,0.504122,,Park 2020 Table 1,
O2_zurich_office,8,12,0.6666666666666666,0.34887550641881554,0.9007539088504167,11.0,1.0986122886681096,8,12,0.6666667,0.3488755,0.9007539,11.0,Weissberg 2020 scenario 2 (67%); scenario 1 10/12,0.0998738444243736
O3_england_office,22,40,0.55,0.3849067945340133,0.70741164996012,,0.7985076962177717,22,40,0.55,0.3849068,0.7074116,,Nicholls 2024 abstract,
O4_german_meatplant,20,78,0.2564102564102564,0.164189719614018,0.3678582434606929,,0.2962658161431724,20,78,0.2564103,0.1641897,0.3678582,,Guenther 2020 Methods: 20 out of 78 = 25.6%,
O5_tb_office,27,67,0.40298507462686567,0.2848738956241814,0.529958654211971,160.0,0.5158131652770298,27,67,0.4029851,0.2848739,0.5299587,160.0,Nardell 1991 abstract; 160 h is an assumption (4 wk x 40 h),0.0032238322829814363
S1_liaocheng_supermarket,11,120,0.09166666666666666,0.04665226965524854,0.15809854119583328,,0.0961438605529023,11,120,0.0916667,0.0466523,0.1580985,,Tian 2021 Results,
S2_tianjin_dept_store,6,194,0.030927835051546393,0.011432885568087225,0.06609828772909164,,0.03141619623337893,6,194,0.0309278,0.0114329,0.0660983,,Li 2022 (6 employees; 194 quarantined staff); Chen 2020 gives 7,
S4_boston_grocery,21,104,0.20192307692307693,0.12955448742111045,0.29194579938878873,,0.22555029134477467,21,104,0.2019231,0.1295545,0.2919458,,Lan 2021 abstract,
C1_marin_classroom,12,24,0.5,0.29124177983621197,0.708758220163788,,0.6931471805599453,12,24,0.5,0.2912418,0.7087582,,Lam-Hine 2021,
C2_jerusalem_highschool,153,1161,0.13178294573643412,0.11284715788812552,0.15260549754277652,,0.1413135330665776,153,1161,0.1317829,0.1128472,0.1526055,,Stein-Zamir 2020 Table,
C3_utah_elementary,5,728,0.006868131868131868,0.0022337140790482466,0.015954632835520118,,0.006891826037921258,5,728,0.0068681,0.0022337,0.0159546,,Hershow 2021,
C5_cheonan_fitness,57,217,0.2626728110599078,0.2054247991624883,0.3265297271322464,,0.30472353830663257,57,217,0.2626728,0.2054248,0.3265297,0.83,Jang 2020: 26.3% of 217 (count derived),
T1_zhejiang_bus,23,67,0.34328358208955223,0.2315333977511511,0.4693829169297856,1.6666666666666667,0.42050298547270487,23,67,0.3432836,0.2315334,0.4693829,1.6666666666666667,Shen 2020,0.2523017912836229
T2_hunan_coach,7,48,0.14583333333333334,0.06070446936663694,0.2776383400220281,2.5,0.15762894420358317,7,48,0.1458333,0.0607045,0.2776383,2.5,"Luo 2020 (Ou 2022: 7/46, 200 min)",0.06305157768143327
T3_hunan_minibus,2,12,0.16666666666666666,0.020862525460092384,0.48413774868596704,1.0,0.1823215567939546,2,12,0.1666667,0.0208625,0.4841377,1.0,Luo 2020 (Ou 2022: 2/17),0.1823215567939546
T4_china_hsr,234,72093,0.00324580749864758,0.002843775211808778,0.0036886008236479044,,0.00325108655810904,234,72093,0.0032458,0.0028438,0.0036886,2.1,Hu 2021,
T5_vn54_flight,12,20,0.6,0.36054258730748967,0.8088099392746928,10.0,0.916290731874155,12,20,0.6,0.3605426,0.8088099,10.0,Khanh 2020,0.0916290731874155
R1_guangzhou_restaurant,5,79,0.06329113924050633,0.02086794614656183,0.14155158261729167,1.3666666666666667,0.06538275926285174,5,79,0.0632911,0.0208679,0.1415516,1.37,Li 2021 Table 2 (16+63 = 11+68 = 79 non-A patrons),0.04784104336306225
R2_jeonju_restaurant,2,13,0.15384615384615385,0.019206671982528477,0.45447105567655766,0.35,0.1670540846631662,2,13,0.1538462,0.0192067,0.4544711,0.35,Kwon 2020,0.4772973847519035
H1_skagit_choir,52,60,0.8666666666666667,0.7540777788695802,0.9406355772946428,2.5,2.014903020542265,52,60,0.8666667,0.7540778,0.9406356,2.5,Hamner 2020 (32 confirmed + 20 probable secondary),0.8059612082169061
H2_sydney_church,12,508,0.023622047244094488,0.012264058883028625,0.04089914458015091,1.0,0.023905520853554366,12,508,0.023622,0.0122641,0.0408991,1.0,Katelaris 2021,0.023905520853554366
X1_diamond_princess,634,3711,0.17084343842630018,0.15886219530485013,0.18334544980872636,,0.18734628573855583,634,3711,0.1708434,0.1588622,0.1833454,,Mizumoto 2020,
X2_singapore_dormitories,17758,295000,0.06019661016949152,0.059340933689023496,0.06106093920591368,,0.06208458534981776,17758,295000,0.0601966,0.0593409,0.0610609,,Koh 2020,
