id,island,col,row,case,x,y
0,0,S,0,0,23.0,47.0
1,0,S,1,0,23.0,79.5
2,0,S,2,0,23.0,112.0
3,0,S,3,1,23.0,144.5
4,0,S,4,1,23.0,177.0
5,0,S,5,0,23.0,209.5
6,0,S,6,0,23.0,242.0
7,1,H,0,1,97.0,53.5
8,1,L,1,1,88.0,77.0
9,1,R,1,0,106.0,77.0
10,1,L,2,0,88.0,109.5
11,1,R,2,1,106.0,109.5
12,1,L,3,1,88.0,142.0
13,1,R,3,1,106.0,142.0
14,1,L,4,1,88.0,174.5
15,1,R,4,1,106.0,174.5
16,1,L,5,0,88.0,207.0
17,1,R,5,0,106.0,207.0
18,1,L,6,1,88.0,239.5
19,1,R,6,0,106.0,239.5
20,2,H,0,1,179.3,53.5
21,2,L,1,0,170.3,77.0
22,2,R,1,0,188.3,77.0
23,2,L,2,0,170.3,109.5
24,2,R,2,1,188.3,109.5
25,2,L,3,1,170.3,142.0
26,2,R,3,0,188.3,142.0
27,2,L,4,0,170.3,174.5
28,2,R,4,0,188.3,174.5
29,2,L,5,0,170.3,207.0
30,2,R,5,1,188.3,207.0
31,2,L,6,1,170.3,239.5
32,2,R,6,1,188.3,239.5
33,3,H,0,1,261.6,53.5
34,3,L,1,1,252.60000000000002,77.0
35,3,R,1,1,270.6,77.0
36,3,L,2,0,252.60000000000002,109.5
37,3,R,2,0,270.6,109.5
38,3,L,3,0,252.60000000000002,142.0
39,3,R,3,1,270.6,142.0
40,3,L,4,1,252.60000000000002,174.5
41,3,R,4,1,270.6,174.5
42,3,L,5,0,252.60000000000002,207.0
43,3,R,5,1,270.6,207.0
44,3,L,6,0,252.60000000000002,239.5
45,3,R,6,1,270.6,239.5
46,4,H,0,0,343.9,53.5
47,4,L,1,0,334.9,77.0
48,4,R,1,0,352.9,77.0
49,4,L,2,1,334.9,109.5
50,4,R,2,1,352.9,109.5
51,4,L,3,1,334.9,142.0
52,4,R,3,1,352.9,142.0
53,4,L,4,0,334.9,174.5
54,4,R,4,1,352.9,174.5
55,4,L,5,1,334.9,207.0
56,4,R,5,1,352.9,207.0
57,4,L,6,1,334.9,239.5
58,4,R,6,1,352.9,239.5
59,5,H,0,1,426.2,53.5
60,5,L,1,1,417.2,77.0
61,5,R,1,1,435.2,77.0
62,5,L,2,0,417.2,109.5
63,5,R,2,0,435.2,109.5
64,5,L,3,0,417.2,142.0
65,5,R,3,1,435.2,142.0
66,5,L,4,0,417.2,174.5
67,5,R,4,1,435.2,174.5
68,5,L,5,0,417.2,207.0
69,5,R,5,1,435.2,207.0
70,5,L,6,0,417.2,239.5
71,5,R,6,0,435.2,239.5
72,6,H,0,1,508.5,53.5
73,6,L,1,0,499.5,77.0
74,6,R,1,1,517.5,77.0
75,6,L,2,0,499.5,109.5
76,6,R,2,1,517.5,109.5
77,6,L,3,0,499.5,142.0
78,6,R,3,1,517.5,142.0
79,6,L,4,1,499.5,174.5
80,6,R,4,1,517.5,174.5
81,6,L,5,1,499.5,207.0
82,6,R,5,1,517.5,207.0
83,6,L,6,1,499.5,239.5
84,6,R,6,0,517.5,239.5
85,7,H,0,1,590.8,53.5
86,7,L,1,1,581.8,77.0
87,7,R,1,1,599.8,77.0
88,7,L,2,1,581.8,109.5
89,7,R,2,0,599.8,109.5
90,7,L,3,1,581.8,142.0
91,7,R,3,1,599.8,142.0
92,7,L,4,0,581.8,174.5
93,7,R,4,1,599.8,174.5
94,7,L,5,1,581.8,207.0
95,7,R,5,0,599.8,207.0
96,7,L,6,1,581.8,239.5
97,7,R,6,0,599.8,239.5
98,8,H,0,0,673.1,53.5
99,8,L,1,1,664.1,77.0
100,8,R,1,1,682.1,77.0
101,8,L,2,0,664.1,109.5
102,8,R,2,0,682.1,109.5
103,8,L,3,1,664.1,142.0
104,8,R,3,1,682.1,142.0
105,8,L,4,0,664.1,174.5
106,8,R,4,0,682.1,174.5
107,8,L,5,1,664.1,207.0
108,8,R,5,1,682.1,207.0
109,8,L,6,0,664.1,239.5
110,8,R,6,0,682.1,239.5
111,9,H,0,1,755.4,53.5
112,9,L,1,1,746.4,77.0
113,9,R,1,0,764.4,77.0
114,9,L,2,0,746.4,109.5
115,9,R,2,1,764.4,109.5
116,9,L,3,1,746.4,142.0
117,9,R,3,1,764.4,142.0
118,9,L,4,1,746.4,174.5
119,9,R,4,0,764.4,174.5
120,9,L,5,0,746.4,207.0
121,9,R,5,0,764.4,207.0
122,9,L,6,1,746.4,239.5
123,9,R,6,1,764.4,239.5
124,10,H,0,1,837.6999999999999,53.5
125,10,L,1,0,828.6999999999999,77.0
126,10,R,1,0,846.6999999999999,77.0
127,10,L,2,1,828.6999999999999,109.5
128,10,R,2,0,846.6999999999999,109.5
129,10,L,3,1,828.6999999999999,142.0
130,10,R,3,1,846.6999999999999,142.0
131,10,L,4,0,828.6999999999999,174.5
132,10,R,4,1,846.6999999999999,174.5
133,10,L,5,1,828.6999999999999,207.0
134,10,R,5,1,846.6999999999999,207.0
135,10,L,6,1,828.6999999999999,239.5
136,10,R,6,0,846.6999999999999,239.5
