id,contrast,near,far,rr,lo,hi,continuity,fisher_p,source,near_ci,far_ci
O1,north vs south wing (figure count),79/137,4/62,8.937956204379562,3.4269350383957464,23.311518956835755,False,5.188212825314601e-13,verifier's manual desk count of Park Fig. 2,"(0.4893571700520969, 0.6605410497167913)","(0.017856697163650508, 0.15702808403757407)"
C1,front 2 rows vs back 3 rows,8/10,4/14,2.8000000000000003,1.156392684370649,6.779703906780434,False,0.03607484183604792,"Lam-Hine: 80% (eight of 10) vs 28% (four of 14), p=0.036","(0.4439045376923585, 0.9747892736731666)","(0.08388931830712752, 0.5810352571836608)"
T1a,"rows 5-11 vs rows 1-4,12-15",14/33,9/34,1.6026936026936027,0.8063714789914013,3.1854137342851017,False,0.20412478423837427,Shen: RR 1.6 (0.8-3.2),"(0.2547618227346959, 0.6078469838121148)","(0.12881739158350816, 0.44361536830510667)"
T1b,"rows 6-10 vs rows 1-5,11-15",11/23,12/44,1.7536231884057973,0.9207784237004096,3.3397766582713495,False,0.11033289172565708,Shen: RR 1.8 (0.9-3.3),"(0.26819618617555346, 0.694121998508626)","(0.14957684376530814, 0.4278964124555005)"
T2,rear rows 8-13 vs front rows 1-7,3/19,4/26,1.026315789473684,0.25946538359350846,4.059593943264439,False,1.0,Ou 2022 Table 1,"(0.03382624900176467, 0.3957845512666743)","(0.043563476538923854, 0.34867878553536136)"
T2side,driver side vs opposite side,6/24,1/20,5.0,0.655277797723743,38.151758058709156,False,0.1055773494797885,"Ou 2022 Table 1 (25% vs 5%, p=0.164)","(0.097730409474533, 0.46711280242266934)","(0.0012650894979498038, 0.24873276277202777)"
T5,<2 seats vs >2 seats,11/12,1/8,7.333333333333333,1.1631503255697366,46.23458945552565,False,0.000770024609033897,Khanh: RR 7.3 (1.2-46.2),"(0.6152038348490559, 0.9978924067681397)","(0.0031597235312519063, 0.5265096708752065)"
R1a,immediate vs remote tables,5/16,0/63,41.411764705882355,2.4068719603393,712.5157816095905,True,0.00019381018714796197,Li 2021 Table 2,"(0.11016995471711757, 0.5866206364513586)","(0.0, 0.05687235233201625)"
R1b,ABC zone vs non-ABC zone,5/11,0/68,63.25,3.7347599210844886,1071.1699237787493,True,2.0499154409880594e-05,Li 2021 Table 2,"(0.16748809406370713, 0.7662064023406548)","(0.0, 0.05280304279363979)"
C2,grades 7-9 vs 10-12 (persons),135/581,18/583,7.525817555938038,4.665272672799907,12.140325733902579,False,1.2840789858575812e-26,Stein-Zamir Table (persons),"(0.19858992946541337, 0.26887316400925076)","(0.01839890492647672, 0.048357675830496966)"
C2t,grades 7-9 vs 10-12 (tested),135/581,18/580,7.487091222030981,4.6414315286139445,12.077423661521372,False,2.7430447078051286e-26,Stein-Zamir Table (tested: 200+194+186),"(0.19858992946541337, 0.26887316400925076)","(0.01849460072014218, 0.048605522442345256)"
S1,staff vs customers,11/120,0/8224,1563.4297520661157,92.65736905559552,26380.120810239063,True,3.416768218544701e-21,Tian 2021,"(0.04665226965524854, 0.15809854119583328)","(0.0, 0.00044844993353664026)"
