row,printed_col,pct,lo,hi,k,n,abs_err_pp
0,0,3.53,2.89,4.31,92,2606,0.0026248282293801495
0,1,1.65,1.18,2.31,33,1998,0.0019343017482897906
0,2,0.38,0.18,0.78,7,1848,0.0037666448831595034
0,3,0.38,0.19,0.79,7,1824,0.004048761455915928
0,4,0.29,0.1,0.85,3,1033,0.0015451807799466838
1,0,0.21,0.11,0.38,10,4839,0.0023031051857604345
1,1,0.24,0.14,0.41,13,5420,0.0002670886786643456
1,2,0.14,0.06,0.32,5,3653,0.001552517213268781
1,3,0.09,0.03,0.25,3,3524,0.00105306718532866
1,4,0.03,0.0,0.16,1,3537,0.005008197819295941
1,5,0.05,0.0,0.3,1,1884,0.009425288538665404
2,0,0.25,0.14,0.45,11,4372,0.0005534358137436468
2,1,0.17,0.09,0.33,9,5179,0.0014900248937267657
2,2,0.23,0.12,0.46,8,3427,0.0016736879539237248
2,3,0.16,0.07,0.36,6,3637,0.0061536604775018905
2,4,0.09,0.03,0.27,3,3263,0.0012923495363479087
2,5,0.17,0.06,0.5,3,1760,0.0020440209213659147
3,0,0.05,0.01,0.18,2,4048,0.0035722421297850766
3,1,0.05,0.01,0.17,2,4286,0.00280418115742506
3,2,0.13,0.05,0.33,4,3112,4.921194567415743e-05
3,3,0.1,0.03,0.3,3,2936,0.004761551564790516
3,4,0.1,0.03,0.3,3,2936,0.004761551564790516
3,5,0.06,0.0,0.36,1,1570,0.011329677998490578
