767-300,8/30 & 8/31/20
AFT,,,,,,,,,,,,,,,,,,,,,,,,,,,,,,,,,,,,,,,,,,,,,,,,,,,,,# PARTICLES RELEASED,180000000
Release Location,Test ,Breathing/Cough,Gaspers ,Mask,Start Time,End Time,S784 Front Galley,S751 34D,S769 34F,S258 35A,S754 35B,S799 35D,S776 35E,S763 35F,S359 35L,S236 36A,S737 36B,S711 36D,S717 36E,S794 36F,S768 36K,S249 36L,S234 37A,S798 37B,S722 37D,S757 37F,S708 37K,S784 37L,S248 38A,S755 38B,S760 38D,S800 38E,S759 38F,S752 38K,S240 38L,S250 39A,S733 39D,S806 39E,S247 39L,S237 40A,S230 40B,S756 40D,S771 40F,S238 40K,S229 40L,S242 41A,S243 41L,,,,,,,,,,,S784 Front Galley,S751 34D,S769 34F,S258 35A,S754 35B,S799 35D,S776 35E,S763 35F,S359 35L,S236 36A,S737 36B,S711 36D,S717 36E,S794 36F,S768 36K,S249 36L,S234 37A,S798 37B,S722 37D,S757 37F,S708 37K,S784 37L,S248 38A,S755 38B,S760 38D,S800 38E,S759 38F,S752 38K,S240 38L,S250 39A,S733 39D,S806 39E,S247 39L,S237 40A,S230 40B,S756 40D,S771 40F,S238 40K,S229 40L,S242 41A,S243 41L,,767 - Inflight AFT - 37B - BNM Tests 1-3,,,,,,,
,,,,,,,Galley,34D,34F,35A,35B,35D,35E,35F,35L,36A,36B,36D,36E,36F,36K,36L,37A,37B,37D,37F,37K,37L,38A,38B,38D,38E,38F,38K,38L,39A,39D,39E,39L,40A,40B,40D,40F,40K,40L,41A,41L,,,,,,,,,,,Galley,34D,34F,35A,35B,35D,35E,35F,35L,36A,36B,36D,36E,36F,36K,36L,37A,37B,37D,37F,37K,37L,38A,38B,38D,38E,38F,38K,38L,39A,39D,39E,39L,40A,40B,40D,40F,40K,40L,41A,41L,,,A,B,D,E,F,K,L
37B,1,B,Off,No,09:58:00,10:03:00,5102,200,332,230,0,1707,962,757,213,764,631,8641,2526,1304,930,981,2549,1639,3896,1991,1441,1487,4442,4000,3003,2911,1761,1657,2006,3163,2547,1985,2009,1730,1326,1423,1786,1970,1521,1396,1670,,,,,,,,,Tests 1-3 BNM 37B,AVERAGE,5591.333333333333,301,290.6666666666667,76.66666666666667,0,1383.3333333333333,799,532,71,655.3333333333334,554.3333333333334,9245.333333333334,1942.6666666666667,1049.3333333333333,663.6666666666666,781.6666666666666,2452.6666666666665,1314,3592.6666666666665,1741,1115.6666666666667,1138.6666666666667,4223.666666666667,3992.3333333333335,3090,2430.6666666666665,1563,1489,1738,2857.6666666666665,2546,1826.3333333333333,1784.6666666666667,1621,1297,1393,1671,1765,1399,1270,1534.6666666666667,,34,,,6.818793013755814e-07,,1.1959809106613854e-06,,
37B,2,B,Off,No,10:06:00,10:11:00,5528,343,280,0,0,1336,807,486,0,646,543,10081,1909,988,652,689,2406,1143,3334,1699,1080,1104,3961,3782,3016,2173,1558,1598,1899,2569,2447,1680,1625,1442,1268,1422,1668,1727,1396,1090,1478,,,,,,,,,,STDEV.P,427.74551104859324,71.75421009715504,30.34615113797611,108.42303978193728,0,247.22504367928065,136.4722193952552,168.109091564575,100.40916292848975,85.17172196346756,58.52255025961265,610.2110745926818,463.15752060059316,187.96690015945774,212.85728134649804,141.06578449629646,68.12896267781828,229.91447685316962,231.599270772216,189.32159588030802,252.3361954923541,271.3697764224225,198.8539385802778,168.6936737271305,113.96783171872082,339.9473815492954,159.664231018305,197.34403124155205,306.47784041699765,242.78568509879014,80.4280216508318,124.82076038152557,163.29999659794512,127.5695888525161,23.678400846904054,41.72129751897305,92.6966378390644,154.22710527011782,98.41070402485019,130.62924634246346,96.11567105431988,,,,,2.662565143068863e-06,,2.0336487189682444e-06,,
37B,3,B,Off,No,10:12:00,10:17:00,6144,360,260,0,0,1107,628,353,0,556,489,9014,1393,856,409,675,2403,1160,3548,1533,826,825,4268,4195,3251,2208,1370,1212,1309,2841,2644,1814,1720,1691,1297,1334,1559,1598,1280,1324,1456,,,,,,,,,,STANDARD ERROR,246.95898594855936,41.427312515081425,17.520358528379578,62.598071204458996,0,142.73544551864967,78.79227260475626,97.05782926803083,57.97125724586855,49.17391660295196,33.788010146050766,352.3055281785757,267.4041191959521,108.52274040580244,122.89320868437255,81.44436865238251,39.33427494164835,132.74118510176947,133.71390132445993,109.30487434490539,145.6863703937967,156.6754134674142,114.80837496874071,97.3953379369457,65.79935832176143,196.26871224779413,92.18218675837299,113.936629560276,176.94506366540878,140.1723806471742,46.43513995049679,72.06529960672756,94.2812969944886,73.65233646441006,13.67073110293992,24.08780235351956,53.51842880935708,89.04306074403928,56.81744645988785,75.41883053985921,55.4924085565531,,35,0,0,4.273015062592131e-06,2.5553158387874103e-06,6.353342258870184e-07,,2.4652109455046173e-06
37B,4,B,Off,Yes,10:18:00,10:23:00,4208,229,311,0,0,826,375,372,0,407,358,2873,856,403,261,463,1964,636,3389,1038,407,535,4366,4182,2964,1590,1026,872,836,2574,2867,1703,1240,1434,1168,1270,1535,1260,1147,1099,1265,,,,,,,,,,% STANDARD ERROR,0.04416817442742805,0.13763226749196486,0.060276462826993955,0.816496580927726,,0.10318224977251785,0.0986136077656524,0.18243952869930607,0.816496580927726,0.07503649532495213,0.0609525137932365,0.038106308931919776,0.1376479680143885,0.10342065477045977,0.18517309194029014,0.10419322215656611,0.016037350479062934,0.10102068881413202,0.03721856596524214,0.06278281122625237,0.13058234573689576,0.13759550363063305,0.027182158070098817,0.024395592703584962,0.021294290719016645,0.08074686461099595,0.05897772665282981,0.07651889157842579,0.10180958783970585,0.04905134048075617,0.01823846816594532,0.03945900690275282,0.05282851904808849,0.04543635809032082,0.010540270703885829,0.017292033276037014,0.032027785044498554,0.050449326200588826,0.04061289954245021,0.05938490593689702,0.03615925839914407,,,1.9223675947747433e-06,0,1.1097355307778237e-05,6.322461938990367e-06,5.275776885224093e-06,,4.816270535976865e-06
37B,5,B,Off,Yes,10:24:00,10:29:00,4335,337,294,239,0,1154,513,326,0,502,487,3595,779,526,368,405,1425,907,3562,1204,559,648,4538,4222,3264,2254,1283,1006,1051,2914,3287,1954,1534,1696,1475,1633,1798,1451,1246,1310,1494,,,,,,,,,,95% LOW,2.515927120442601e-05,6.818793013755814e-07,1.1959809106613854e-06,0,0,4.273015062592131e-06,2.5553158387874103e-06,6.353342258870184e-07,0,2.4652109455046173e-06,2.271908475971539e-06,4.294090358656068e-05,4.400148565369362e-06,3.2353332298175853e-06,7.492066094322863e-07,2.3956197130859152e-06,1.2685618231070854e-05,4.1267482250393664e-06,1.676275416259731e-05,7.059228476077067e-06,2.7154345270119972e-06,2.5805131250910194e-06,2.0720256828756533e-05,1.985133996772587e-05,1.559369645078589e-05,8.811791099246713e-06,6.47966694654845e-06,5.548503794456292e-06,5.425585505820812e-06,1.2525027293010421e-05,1.3034386626627846e-05,8.423535272919915e-06,7.660968031663234e-06,7.24485553440913e-06,6.878749133689164e-06,7.163056591515585e-06,8.003945560185202e-06,7.676931720102217e-06,6.41396959935057e-06,5.252626512149921e-06,7.19934907026566e-06,,36,2.4652109455046173e-06,2.271908475971539e-06,4.294090358656068e-05,4.400148565369362e-06,3.2353332298175853e-06,7.492066094322863e-07,2.3956197130859152e-06
37B,6,B,Off,Yes,10:30:00,10:35:00,4555,230,0,0,0,962,437,276,0,358,368,3650,895,519,267,337,2358,906,3392,1163,506,528,5448,5466,3595,1944,1282,1047,1305,3394,3945,2193,1640,1905,1547,1472,2071,1541,1438,1257,1556,,,,,,,,,,95% HIGH,3.696665472149991e-05,2.662565143068863e-06,2.0336487189682444e-06,1.9223675947747433e-06,0,1.1097355307778237e-05,6.322461938990367e-06,5.275776885224093e-06,1.7802795551609574e-06,4.816270535976865e-06,3.887350783287721e-06,5.9785022339365246e-05,1.7185036619815825e-05,8.423926029441673e-06,6.624867464641788e-06,6.2895654720992706e-06,1.4566233620780997e-05,1.0473251774960634e-05,2.315576435592121e-05,1.2285215968367376e-05,9.680861769284299e-06,1.0071338726760833e-05,2.62093728008731e-05,2.4507919291533394e-05,1.873963688254744e-05,1.8195616308160693e-05,1.0886999720118218e-05,1.0995940649988154e-05,1.38855256052903e-05,1.9226824558841428e-05,1.5254502262261041e-05,1.1869057319672677e-05,1.2168661597966395e-05,1.076625557670198e-05,7.532361977421947e-06,8.314721186262194e-06,1.0562721106481464e-05,1.1934179391008895e-05,9.130474845093874e-06,8.858484598961191e-06,9.852502781586194e-06,,,4.816270535976865e-06,3.887350783287721e-06,5.9785022339365246e-05,1.7185036619815825e-05,8.423926029441673e-06,6.624867464641788e-06,6.2895654720992706e-06
37E,7,B,Off,No,10:41:00,10:46:00,7493,698,285,0,0,1607,1188,767,0,676,689,6499,3760,2217,883,961,2466,1614,12857,10836,2240,2412,10659,11059,21577,16942,16125,8761,8802,24389,21129,16659,18405,13895,11383,11998,14073,14208,12183,9931,12105,,,,,,,,,Tests 4-6 BM 378,AVERAGE,4366,265.3333333333333,201.66666666666666,79.66666666666667,0,980.6666666666666,441.6666666666667,324.6666666666667,0,422.3333333333333,404.3333333333333,3372.6666666666665,843.3333333333334,482.6666666666667,298.6666666666667,401.6666666666667,1915.6666666666667,816.3333333333334,3447.6666666666665,1135,490.6666666666667,570.3333333333334,4784,4623.333333333333,3274.3333333333335,1929.3333333333333,1197,975,1064,2960.6666666666665,3366.3333333333335,1950,1471.3333333333333,1678.3333333333333,1396.6666666666667,1458.3333333333333,1801.3333333333333,1417.3333333333333,1277,1222,1438.3333333333333,,37,1.2685618231070854e-05,1,1.676275416259731e-05,,7.059228476077067e-06,2.7154345270119972e-06,2.5805131250910194e-06
37E,8,B,Off,No,10:48:00,10:53:00,7860,311,208,0,0,1129,794,526,0,481,447,5158,2459,1753,668,687,1813,1123,11468,9171,1710,1711,6601,8310,18824,15996,15102,7895,7896,22559,17145,15082,17491,11747,10441,10483,13519,14238,11569,9155,12232,,,,,,,,,,STDEV.P,143.34806125883486,50.6776303927307,142.7686551344128,112.66568046905657,0,134.5544086564572,56.43481982684882,39.20317447463775,0,59.779223443898594,58.596549007220176,354.0304443908116,48.19635763093399,56.40527950073074,49.08722395446249,51.49325737954005,382.42588243417254,127.51557639058149,80.85515169459244,70.60217182684019,62.99382685805191,54.992928838371775,474.7406309414296,596.0790402473671,257.70827607113347,271.2751780429279,120.91594876883143,74.73062736700841,191.6889842079264,336.38602164114303,443.65251667893824,200.06165716265238,169.2046755329835,192.6903099679783,164.34178477253502,148.508884881979,218.8337776080791,117.16180644258132,120.8056290079233,89.62514528114679,125.1514637904363,,,1.4566233620780997e-05,,2.315576435592121e-05,,1.2285215968367376e-05,9.680861769284299e-06,1.0071338726760833e-05
37E,9,B,Off,No,10:54:00,10:59:00,7753,394,213,0,0,1351,821,441,0,476,478,6428,2258,1312,555,657,2104,1454,12805,6771,1370,1478,10001,11246,21830,12998,10661,6833,6336,24155,21035,15143,13641,12327,10751,11080,12323,11541,10269,9323,10499,,,,,,,,,,STANDARD ERROR,82.76204175559927,29.25874354913543,82.42752147369409,65.04756094724218,0,77.68502405845649,32.5826584186992,22.63396333601997,0,34.51355074728164,33.83073334290167,204.39957237035793,27.826180052179215,32.56560330346298,28.340521963880366,29.729646009528132,220.7936861684497,73.62115235497251,46.68174359624097,40.7621829095984,36.36950289378095,31.75018226835988,274.09163106928713,344.14639434511116,148.7879425620633,156.6207970675481,69.81085557100383,43.14574782705192,110.67168663313224,194.21256014614121,256.1428999312399,115.50565161737998,97.69036496711131,111.2498023302447,94.88277367752664,85.74164466366172,126.34374040980717,67.64340048836716,69.74716242734658,51.74510175422942,72.2562313088841,,38,2.0720256828756533e-05,1.985133996772587e-05,1.559369645078589e-05,8.811791099246713e-06,6.47966694654845e-06,5.548503794456292e-06,5.425585505820812e-06
37E,10,B,Off,Yes,11:03:00,11:08:00,1200,405,231,0,0,1517,817,469,0,521,581,4988,1752,1353,714,661,1533,948,8652,7356,1563,1604,4710,4902,13096,12054,12840,8180,7241,16679,13323,12096,14273,9429,9062,8822,11152,10790,8958,7675,8838,,,,,,,,,,% STANDARD ERROR,0.0189560333842417,0.11027164654196771,0.4087315114398054,0.816496580927726,,0.07921654390733157,0.07377205679705479,0.06971446612737157,,0.08172111463444746,0.08367040398079555,0.060604735828333055,0.03299547041760381,0.0674701725900476,0.09489014050406372,0.0740157162062941,0.115256839830407,0.09018516009184055,0.013540097726841624,0.03591381754149639,0.07412262818026008,0.05566951888081802,0.05729340114324564,0.0744368553017544,0.045440682855155234,0.08117871306196342,0.05832151676775591,0.04425204905338658,0.10401474307625211,0.06559757717163067,0.07608958310661647,0.059233667496092296,0.06639580763510057,0.06628588023649139,0.06793516015097373,0.058794270626510894,0.07013901207058133,0.04772582348661841,0.0546179815406003,0.042344600453542894,0.05023608202239914,,,2.62093728008731e-05,2.4507919291533394e-05,1.873963688254744e-05,1.8195616308160693e-05,1.0886999720118218e-05,1.0995940649988154e-05,1.38855256052903e-05
37E,11,B,Off,Yes,11:09:00,11:14:00,422,212,0,0,0,714,532,259,0,257,286,4191,1430,843,352,379,1068,751,8474,6329,942,1040,5023,6172,14220,11562,10938,6277,5607,17563,14783,11966,13902,9794,8445,9012,11588,11731,9439,7761,9398,,,,,,,,,,95% LOW,2.227708296847587e-05,7.746275546744643e-07,0,0,0,3.5910444896840464e-06,1.6747971527278002e-06,1.2626262357320706e-06,0,1.521230691487669e-06,1.4375538208823748e-06,1.3850751704205646e-05,4.019984892048923e-06,1.9029826425103638e-06,9.817633369782748e-07,1.5207777771537065e-06,5.36439686157682e-06,2.7752306374993706e-06,1.8037750688733567e-05,5.331112927444434e-06,1.8564927539707072e-06,2.4095127724032268e-06,2.0025465063938097e-05,1.7458174435924e-05,1.463388231382653e-05,6.974411353064855e-06,4.981132713766503e-06,4.3852435950010866e-06,3.2654429578757334e-06,1.1805389001987895e-05,1.2578613527384491e-05,8.072106561613412e-06,5.8387316271102966e-06,6.6645857439238344e-06,5.491033841845942e-06,6.052150201919983e-06,6.987090101944072e-06,6.2570210057327185e-06,5.427099778195154e-06,5.551893484175282e-06,6.263415388951139e-06,,39,1.2525027293010421e-05,,1.3034386626627846e-05,8.423535272919915e-06,,,7.660968031663234e-06
37E,12,B,Off,Yes,11:15:00,11:20:00,455,278,241,0,0,1141,726,428,0,467,441,4996,1620,1196,469,513,1480,1175,9690,7099,1061,1341,6824,8586,16100,11895,10247,6016,5735,18763,16713,12359,13195,9752,8409,8475,10696,10900,9382,7753,9433,,,,,,,,,,95% HIGH,2.6234028142635242e-05,2.1735205934736838e-06,3.0908460642665125e-06,1.9975906745702768e-06,0,7.305251806612249e-06,3.2326102546796075e-06,2.344781171675337e-06,0,3.1713619011049237e-06,3.0550387717102173e-06,2.3623322369868424e-05,5.350385478321448e-06,3.4599803204525994e-06,2.3367551815402437e-06,2.942185185809257e-06,1.5920788323608367e-05,6.295139732871e-06,2.0269656718673842e-05,7.279998183666677e-06,3.5953590978811447e-06,3.927524264633811e-06,3.313009049161746e-05,3.3912195934446365e-05,2.1747599167654955e-05,1.446262568397218e-05,8.318867286233498e-06,6.448089738332247e-06,8.556779264346489e-06,2.1090907294308398e-05,2.482509017631922e-05,1.3594560105053255e-05,1.0509416521037852e-05,1.1983562404224312e-05,1.0027484676672578e-05,1.0151553501783722e-05,1.3027724712870741e-05,9.491127142415429e-06,8.761789110693735e-06,8.025884293602496e-06,9.718066092530341e-06,,,1.9226824558841428e-05,,1.5254502262261041e-05,1.1869057319672677e-05,,,1.2168661597966395e-05
37E,13,C,Off,No,11:24:00,11:29:00,2934,694,484,246,0,1831,1630,1202,0,795,752,5813,3447,3471,1337,1400,2640,1596,9858,13276,4002,4341,9230,8345,12952,15506,16127,13687,16947,13307,11855,11259,17307,9136,8035,7814,11642,14320,10503,7334,10366,,,,,,,,,Tests 7-9 BNM 37E,AVERAGE,7702,467.6666666666667,235.33333333333334,0,0,1362.3333333333333,934.3333333333334,578,0,544.3333333333334,538,6028.333333333333,2825.6666666666665,1760.6666666666667,702,768.3333333333334,2127.6666666666665,1397,12376.666666666666,8926,1773.3333333333333,1867,9087,10205,20743.666666666668,15312,13962.666666666666,7829.666666666667,7678,23701,19769.666666666668,15628,16512.333333333332,12656.333333333334,10858.333333333334,11187,13305,13329,11340.333333333334,9469.666666666666,11612,,40,7.24485553440913e-06,6.878749133689164e-06,7.163056591515585e-06,,8.003945560185202e-06,7.676931720102217e-06,6.41396959935057e-06
37E,14,C,Off,No,11:30:00,11:35:00,4073,429,340,300,0,2207,1273,1345,0,845,743,5582,4379,5198,2304,1538,3214,2117,8252,14691,6406,7751,8213,7716,10107,14852,15546,16683,20494,10347,9371,11710,15270,8785,8095,7368,10939,11185,8832,7388,8554,,,,,,,,,,STDEV.P,154.10602410894478,166.35771364408953,35.178907822096406,0,0,195.30716548270544,179.7077875020693,138.07485892321841,0,93.12476696465995,107.52054067324376,616.1008214750425,665.749869612371,369.50447298450337,136.0465606572495,136.78531435143987,267.11088001469017,204.46189539047774,642.8749662432207,1668.547272330035,357.98820588890294,396.9391221165617,1778.2740696154422,1342.140330467223,1361.3332517140034,1681.2051233168029,2371.6919886209694,788.4572841244407,1018.4733673493873,813.1469731850448,1856.3163044648998,729.4523059574674,2064.3425641647323,907.3115353737229,391.98752814626926,623.1067324303277,730.2839630353843,1264.3662444086365,797.9412398304916,333.3439998293388,788.7158339140065,,,1.076625557670198e-05,7.532361977421947e-06,8.314721186262194e-06,,1.0562721106481464e-05,1.1934179391008895e-05,9.130474845093874e-06
37E,15,C,Off,No,11:36:00,11:41:00,3450,685,308,257,0,1598,1793,1253,214,685,724,5123,4300,4137,1481,1375,2383,1598,8445,15243,4153,5387,7776,7050,10643,16669,16869,16755,21836,11597,10265,10891,18201,8434,7944,8048,12383,14974,11310,7162,10408,,,,,,,,,,STANDARD ERROR,88.97315450304224,96.04667075418577,20.31055190088439,0,0,112.76064456610278,103.75433948979178,79.71755696763975,0,53.76560927526759,62.07701310111139,355.70597512656536,384.37086643366064,213.33350694437382,78.54651841778575,78.97303806199139,154.2165384799592,118.04613034271343,371.16403481579505,963.3362168353616,206.68458703666928,229.17290900589063,1026.687012785407,774.8850810855046,785.9661193338685,970.6442305099342,1369.2970080651955,455.2160252337671,588.0158728016335,469.47062385911505,1071.7447180839013,421.1494852055371,1191.8487351201106,523.8365591868716,226.31410489422458,359.75083970251785,421.62964264334585,729.9821915636024,460.69158961363803,192.45624803421535,455.36529902437184,,41,5.252626512149921e-06,,,,,,7.19934907026566e-06
37E,16,C,Off,Yes,11:44:00,11:49:00,2497,0,0,0,0,0,0,0,0,0,0,387,204,0,0,0,208,0,931,726,0,0,641,647,1627,1453,1281,664,735,2030,1450,1530,1567,1208,1105,1194,1378,1373,1174,1119,1106,,,,,,,,,,% STANDARD ERROR,0.011551954622571052,0.20537420688706864,0.0863054613352028,,,0.08277023090244882,0.11104638546891735,0.13791964873294074,,0.09877331771329012,0.11538478271582042,0.05900569120153144,0.13602838260009226,0.12116632352009114,0.11188962737576318,0.10278486515660484,0.0724815314804759,0.08449973539206401,0.029989014393950585,0.10792473861028026,0.11655145885526463,0.12274928173855952,0.1129841545928697,0.0759319040750127,0.037889449920483445,0.06339108088492255,0.09806844500084957,0.058139898492966975,0.07658451065402884,0.01980805129990781,0.05421157251431829,0.026948392961705727,0.07217930446656705,0.041389282771751024,0.020842434832929354,0.03215793686444247,0.031689563520732496,0.05476646346789725,0.04062416651012357,0.02032344482743659,0.03921506192080364,,,8.858484598961191e-06,,,,,,9.852502781586194e-06
37E,17,C,Off,Yes,11:50:00,11:55:00,4128,0,0,0,0,0,0,0,0,0,0,306,0,0,0,0,0,0,1167,536,0,0,670,870,2081,1141,1096,489,498,2372,1763,1652,1445,1475,1324,1288,1290,1278,966,1213,1206,,,,,,,,,,95% LOW,4.066193620096339e-05,3.020991245078071e-07,8.218723805768212e-07,0,0,4.872912665363294e-06,2.710435613937552e-06,1.305418624268034e-06,0,1.7387773145658719e-06,1.5049034034773206e-06,2.4987391790909567e-05,6.5095490466812495e-06,4.681625479361256e-06,2.0223018402681554e-06,2.3806241697365795e-06,8.133738342152234e-06,4.939152784085023e-06,5.988637680474611e-05,2.6559801438652436e-05,4.910941973969697e-06,4.893716514153626e-06,2.593980991102441e-05,3.8170386089383746e-05,9.64536358620724e-05,6.186287708953197e-05,4.483656467201183e-05,3.2615956167143155e-05,2.859870944074762e-05,0.00012044926614185683,8.421082858195356e-05,7.675440980644762e-05,6.324337903395276e-05,5.779035899529014e-05,5.4913909666519365e-05,5.3549956315333704e-05,6.383737582058713e-05,5.65993701650101e-05,5.198876346236583e-05,4.8008485729863535e-05,5.362535065721182e-05
37E,18,C,Off,Yes,11:59:00,12:04:00,3260,0,0,0,0,297,0,0,0,0,0,749,312,320,0,0,287,215,1504,708,309,0,880,1001,2258,2041,2122,1453,1446,2334,2121,1882,2360,1361,1397,,1660,1650,1452,1235,1277,,,,,,,,,,95% HIGH,4.4915841576814394e-05,4.894197171788489e-06,1.7929424342379936e-06,0,0,1.0264124371673742e-05,7.67104586754393e-06,5.116803597954188e-06,0,4.309370833582277e-06,4.472874374300457e-06,4.199408969057191e-05,2.4886747249615048e-05,1.4881337483601708e-05,5.7776981597318445e-06,6.156412867300457e-06,1.5507002398588505e-05,1.05830694381372e-05,7.76321417137724e-05,7.261797633912534e-05,1.4792761729734007e-05,1.585072793029082e-05,7.502685675564226e-05,7.521850279950515e-05,0.0001340315493231128,0.00010827045624380137,0.0001103041760687289,5.4380340129153146e-05,5.6712401670363496e-05,0.00014289517830258763,0.0001354521343810094,9.689003463799682e-05,0.0001202269913364176,8.283556693063578e-05,6.573423848162879e-05,7.075004368466632e-05,8.399595751274621e-05,9.15006298349899e-05,7.401494024133787e-05,5.721003278865497e-05,7.53968715650104e-05,,767 - Inflight AFT - 37B - BM  Tests 4-6,,,,,,,
37E,19,C,Off,No,12:06:00,12:11:00,4954,1064,784,456,374,2528,2941,2492,450,1281,1372,6805,6464,8138,3181,2912,3036,2433,9894,19152,9658,9755,8729,8573,11837,17836,18404,20170,26074,12708,11615,11182,19738,8817,8032,,11068,14903,11294,7113,10085,,,,,,,,,,,,,,,,,,,,,,,,,,,,,,,,,,,,,,,,,,,,,,,,,,,,,,A,B,D,E,F,K,L
37K,20,B,Off,No,12:19:00,12:24:00,5995,7419,7553,3600,2507,8908,21516,27714,6277,6977,6961,14882,24308,65063,58410,40868,9313,8235,13826,41745,59636,65179,12001,11574,13486,22823,23589,42365,45740,13657,12919,12995,24950,9724,8939,,13137,19664,14466,8116,12447,,,,,,,,,Tests  10-12 BM 37E,AVERAGE,692.3333333333334,298.3333333333333,157.33333333333334,0,0,1124,691.6666666666666,385.3333333333333,0,415,436,4725,1600.6666666666667,1130.6666666666667,511.6666666666667,517.6666666666666,1360.3333333333333,958,8938.666666666666,6928,1188.6666666666667,1328.3333333333333,5519,6553.333333333333,14472,11837,11341.666666666666,6824.333333333333,6194.333333333333,17668.333333333332,14939.666666666666,12140.333333333334,13790,9658.333333333334,8638.666666666666,8769.666666666666,11145.333333333334,11140.333333333334,9259.666666666666,7729.666666666667,9223,,34,,,7.746275546744643e-07,,0,,
37K,21,B,Off,No,12:27:00,12:32:00,5585,2735,3401,1877,1189,6631,9052,15106,4426,3561,3575,11459,21500,39409,31507,18742,5916,5151,10475,34937,38433,41890,8490,8417,11130,23149,22504,36320,35591,10789,9608,13854,22012,9946,9133,,14011,16912,13075,9263,11200,,,,,,,,,,STDEV.P,359.2272570702594,80.09300149756461,111.3263470861932,0,0,328.04369627637516,118.85658958967689,90.88576468414745,0,113.87712676389407,120.48513047951879,377.6091453694768,132.16488018969167,213.27030318875205,150.83397789917527,115.17329937485029,207.84021640566957,173.24164241505756,536.2196896380769,436.3584153728064,269.11501052317556,230.4261752106783,931.5796620078536,1527.96713170001,1239.2556905928118,205.00243900988104,1096.3947991282864,964.5048240188099,741.9475872473893,854.0434545280599,1388.3883542518722,163.4754483774925,447.16067209300354,163.06713000751836,299.70244502765667,222.33058469065583,364.18798564599695,420.0716870038044,214.57606783816522,38.79289740260308,272.61083372945154,,,,,2.1735205934736838e-06,,3.0908460642665125e-06,,
37K,22,B,Off,No,12:33:00,12:38:00,3507,7363,6894,2884,2144,8641,20339,22465,5393,6182,6289,13563,21150,52664,33973,31918,8424,7898,13380,40000,52131,59669,10140,10505,12122,22787,23262,43150,44175,13037,11780,12385,24766,9981,8442,,13638,19315,14443,8173,12688,,,,,,,,,,STANDARD ERROR,207.39995356976516,46.24171597482403,64.27429645811135,0,0,189.39611635112504,68.62188399456083,52.472920705897515,0,65.74698979167538,69.56212251569735,218.01274172753196,76.30542915493312,123.1316669561791,87.0840377430309,66.49533539752717,119.9966048902434,100.02110888318637,309.58658215732135,251.93164857864832,155.3736237685244,133.036614286221,537.8477686318149,882.1722347999012,715.4846065585355,118.35821334688467,633.0038324148219,556.8571197819525,428.36363922187354,493.0822183714133,801.5863900670599,94.38259412664007,258.16833440390957,94.14685140582043,173.0332873135066,128.36262292023704,210.26403154834392,242.5285015705867,123.8855505280161,22.397089758038426,157.39193823770717,,35,0,0,3.5910444896840464e-06,1.6747971527278002e-06,1.2626262357320706e-06,,0
37K,23,B,Off,Yes,12:42:00,12:47:00,3775,3577,4515,1910,1313,8491,11833,19623,5536,3888,3740,11814,19900,37248,43879,26028,6023,5258,9911,29704,44016,55747,7761,7520,9481,18079,18092,31816,33273,9474,8552,10187,18585,7512,6669,,9976,14161,10772,6398,9254,,,,,,,,,,% STANDARD ERROR,0.299566615652044,0.15500016527873978,0.4085230707083348,,,0.16850188287466641,0.09921236240177471,0.1361753997557894,,0.1584264814257238,0.1595461525589389,0.046140262799477666,0.04767103029254464,0.1089018280862433,0.17019681643589102,0.1284520323197563,0.08821117732681456,0.10440616793652022,0.03463453708502253,0.03636426798190651,0.13071252700661054,0.10015303459439474,0.09745384465153378,0.13461427794505104,0.04943923483682528,0.00999900425334837,0.05581224091827967,0.08159875735582756,0.06915411492577198,0.027907681447301953,0.053654904620834463,0.007774300057107718,0.018721416563010122,0.009747732673596592,0.02003009191003704,0.014637115388677303,0.01886565661697068,0.021770309228082946,0.013379050778791472,0.002897549237747004,0.01706515648245768,,,1.9975906745702768e-06,0,7.305251806612249e-06,3.2326102546796075e-06,2.344781171675337e-06,,0
37K,24,B,Off,Yes,12:50:00,12:55:00,3500,4910,5120,2207,1520,7066,15464,18229,3934,5234,4763,10247,17264,31808,31205,22785,6805,6348,9762,27039,34989,37990,8132,8038,9838,16486,16637,29659,29156,9610,9567,9628,17446,7438,6492,,10487,14886,11116,6512,9844,,,,,,,,,,95% LOW,0,5.519734971870307e-07,0,0,0,1.7168250630061607e-06,2.2021483324337296e-06,8.86346419643646e-07,0,7.338372384801159e-07,7.593010378608571e-07,2.10382842908135e-05,7.068468916738831e-06,3.3379505764123783e-06,7.608002903244703e-07,1.28631799139504e-06,4.688821902725644e-06,2.9311620470869395e-06,4.2258420020242844e-05,3.246632286758931e-05,2.889410908837257e-06,4.199315455887357e-06,1.780356139765167e-05,1.531859003882977e-05,6.329594298877013e-05,6.293169226649086e-05,4.787695097658715e-05,2.4600984149508844e-05,2.4172692187564507e-05,8.637000304267301e-05,6.383578016782283e-05,6.519002794892446e-05,7.04394536503332e-05,5.140677462074494e-05,4.3856135729759146e-05,4.5651790556893813e-05,5.68920400310045e-05,5.6092962172639446e-05,4.848103968191452e-05,4.240717771909904e-05,4.7476347165350806e-05,,36,1.521230691487669e-06,1.4375538208823748e-06,1.3850751704205646e-05,4.019984892048923e-06,1.9029826425103638e-06,9.817633369782748e-07,1.5207777771537065e-06
37K,25,B,Off,Yes,12:57:00,13:02:00,,5276,5862,2295,1702,8164,12698,18971,4858,4738,4653,14317,19185,35522,32462,20871,7177,6384,12209,30556,38676,38617,9346,9261,12274,20548,18965,31817,28048,11140,10537,11574,19242,9031,8320,,11590,15188,11943,8201,10223,,,,,,,,,,95% HIGH,8.804307408577959e-06,2.762841317627784e-06,2.4105868388477023e-06,0,0,1.0772063825882728e-05,5.483036852751455e-06,3.395135061837835e-06,0,3.877273872630995e-06,4.085143406583587e-06,3.14617157091865e-05,1.0716716268446356e-05,9.225012386550587e-06,4.9243848948607145e-06,4.465533860456812e-06,1.042599291208917e-05,7.713282397357505e-06,5.706009849827567e-05,4.4511454910188466e-05,1.0317996498570151e-05,1.0559943803371902e-05,4.351866082457056e-05,5.7496224775985036e-05,9.750405701122988e-05,6.859052995573136e-05,7.814156754193135e-05,5.122494177641708e-05,4.465323373836141e-05,0.00010994481177214179,0.00010216051612847347,6.970256464366814e-05,8.278276857188901e-05,5.590804019406988e-05,5.212904945542603e-05,5.178895018384692e-05,6.694499700603254e-05,6.768851930884206e-05,5.440414550327066e-05,4.3478007466086146e-05,5.5001430612426966e-05,,,3.1713619011049237e-06,3.0550387717102173e-06,2.3623322369868424e-05,5.350385478321448e-06,3.4599803204525994e-06,2.3367551815402437e-06,2.942185185809257e-06
37K,26,C,Off,No,13:08:00,13:13:00,,4373,4334,1591,1061,5316,12161,15233,2341,3572,3318,8732,18436,49648,30606,25409,5327,4464,9646,31494,60940,44592,7201,7444,9428,17917,18921,34782,35890,9294,8249,10251,19867,7838,7059,,10965,16199,12341,6975,10518,,,,,,,,,"Tests 13,15,19 CNM 37E",AVERAGE,3852.75,718,479,314.75,93.5,2041,1909.25,1573,166,901.5,897.75,5830.75,4647.5,5236,2075.75,1806.25,2818.25,1936,9112.25,15590.5,6054.75,6808.5,8487,7921,11384.75,16215.75,16736.5,16823.75,21337.75,11989.75,10776.5,11260.5,17629,8793,8026.5,7743.333333333333,11508,13845.5,10484.75,7249.25,9853.25,,37,5.36439686157682e-06,1,1.8037750688733567e-05,,5.331112927444434e-06,1.8564927539707072e-06,2.4095127724032268e-06
37K,27,C,Off,No,13:15:00,13:20:00,,1484,2422,718,532,3566,7594,7815,1004,2028,2002,7162,13885,70235,11761,13025,4188,3413,9837,35851,43150,42487,7068,6880,11921,27131,24730,39643,42376,10652,8294,13998,23884,10976,9458,,14174,19549,15505,8913,12808,,,,,,,,,,STDEV.P,752.922763303116,226.33051053713461,188.15684946341975,84.01004404236436,161.94675050769004,355.34279224433413,624.6632592845524,533.0539372333723,185.79020426276514,226.62027711570735,273.99486765266244,614.8708705899151,1110.5990500626228,1785.0822109919757,737.0811946454746,641.4157680475278,326.0554975767162,356.9362688212001,766.8977686106539,2177.788385036526,2287.860504379583,2102.3431570511984,545.7128365724963,592.778626470287,1100.4136438176329,1139.5399016708454,1070.8516470548102,2294.6201619222297,3266.148984277968,1129.5918234034805,1012.8310569882817,293.5749478412625,1615.8302819293863,248.58097272317525,53.85396921304873,282.0701252446908,570.294222309853,1556.8581341920658,1008.4441915644118,114.68516687000111,760.3319587522282,,,5.36439686157682e-06,,2.0269656718673842e-05,,7.279998183666677e-06,3.5953590978811447e-06,3.927524264633811e-06
37K,28,C,Off,No,13:24:00,13:29:00,,5305,8421,3039,2207,9323,18279,30125,9091,5755,6055,15954,22505,59975,74041,43000,8470,8046,13902,37763,67667,54383,10985,10888,13419,23087,20696,31873,35882,12267,11719,11386,21419,9589,8540,,11777,16619,12294,7438,10398,,,,,,,,,,STANDARD ERROR,376.461381651558,113.16525526856731,94.07842473170987,42.00502202118218,80.97337525384502,177.67139612216707,312.3316296422762,266.52696861668613,92.89510213138257,113.31013855785368,136.99743382633122,307.43543529495753,555.2995250313114,892.5411054959878,368.5405973227373,320.7078840237639,163.0277487883581,178.46813441060004,383.44888430532694,1088.894192518263,1143.9302521897914,1051.1715785255992,272.85641828624813,296.3893132351435,550.2068219088164,569.7699508354227,535.4258235274051,1147.3100809611149,1633.074492138984,564.7959117017402,506.41552849414086,146.78747392063124,807.9151409646931,124.29048636158763,26.926984606524364,162.8532627403737,285.1471111549265,778.4290670960329,504.2220957822059,57.342583435000556,380.1659793761141,,38,2.0025465063938097e-05,1.7458174435924e-05,1.463388231382653e-05,6.974411353064855e-06,4.981132713766503e-06,4.3852435950010866e-06,3.2654429578757334e-06
37K,29,C,Off,Yes,13:32:00,13:37:00,,297,429,0,0,622,860,1262,368,407,331,724,1301,2288,2301,1655,490,415,842,2239,2709,3729,563,538,785,1327,1436,2362,2351,723,683,1012,1418,803,641,,1241,1174,990,763,859,,,,,,,,,,% STANDARD ERROR,0.09771238249342884,0.15761177614006588,0.19640589714344442,0.13345519307762407,0.8660254037844387,0.08705114949640719,0.1635886498060894,0.1694386323055856,0.5596090489842324,0.12569066950399743,0.15260087310089804,0.052726567816311375,0.11948349113099761,0.1704623960076371,0.17754575325676855,0.17755453786782777,0.057847156493695776,0.0921839537244835,0.04208059308132755,0.06984344264252353,0.1889310462347399,0.1543910668319893,0.032149925566896206,0.03741816856901193,0.048328406149350356,0.03513682381853585,0.031991505005670544,0.06819585888765078,0.07653452178130234,0.04710656283089641,0.04699257908357452,0.013035608891313107,0.045828756081722904,0.014135162784213309,0.0033547604318849267,0.021031415765007368,0.02477816398635093,0.05622253202094781,0.04809099842935748,0.007910140143463194,0.03858280053546942,,,3.313009049161746e-05,3.3912195934446365e-05,2.1747599167654955e-05,1.446262568397218e-05,8.318867286233498e-06,6.448089738332247e-06,8.556779264346489e-06
37K,30,C,Off,Yes,13:39:00,13:44:00,,361,306,0,0,428,913,1287,355,280,284,837,1176,2197,2175,1435,379,414,740,2327,2464,3643,551,579,703,1254,1126,2568,2413,636,640,584,1200,567,441,,724,985,802,449,601,,,,,,,,,,95% LOW,1.2404648193074146e-05,1.2836105921075268e-06,4.121141021080691e-07,7.444577235714062e-07,0,7.091555458257306e-06,3.140483320273809e-06,2.367413633568886e-06,0,2.2995915210308646e-06,1.7125002346960933e-06,2.5043640677365544e-05,1.2544700798834818e-05,7.752197905837581e-06,2.7217767206681177e-06,2.3680220835874662e-06,1.1759675538687195e-05,6.4891756535065995e-06,4.145705250463432e-05,6.058326827552175e-05,6.291211804596263e-06,1.2696159431135257e-05,4.0627215733968195e-05,3.692020436193987e-05,5.009561136292424e-05,7.646683278641765e-05,8.018090378534209e-05,6.60381928979129e-05,7.950350255736641e-05,5.310796217748562e-05,4.776329989383173e-05,5.904929722066402e-05,7.862522860238291e-05,4.587876687325605e-05,4.394796214021181e-05,3.912542079867503e-05,5.711673322611306e-05,5.831066513492095e-05,4.6194901788050936e-05,3.8902804797106624e-05,4.5652198837469895e-05,,39,1.1805389001987895e-05,,1.2578613527384491e-05,8.072106561613412e-06,,,5.8387316271102966e-06
37K,31,C,Off,Yes,13:46:00,13:51:00,,0,,0,0,,403,,0,219,0,,,435,1723,1107,0,0,,1756,2292,3230,418,419,661,1177,1218,,2340,544,532,,1086,432,447,,659,,,414,,,,,,,,,,,95% HIGH,3.040368514025919e-05,6.6941671856702505e-06,4.910108120114153e-06,2.752764498650816e-06,2.455157965096084e-06,1.5586222319520472e-05,1.807340556861508e-05,1.5110364144208892e-05,3.142931247062996e-06,7.717075145635802e-06,8.262499765303907e-06,3.9742470433745575e-05,3.909418809005407e-05,5.04255798719402e-05,2.0342112168220773e-05,1.7701422360856977e-05,1.9554213350201695e-05,1.502193545760451e-05,5.97901697175879e-05,0.00011264450950225603,6.098378819540373e-05,6.295384056886474e-05,5.367278426603181e-05,5.109090674917124e-05,7.640161085929799e-05,0.00010370816721358235,0.00010578020732576903,0.00012089236265764265,0.0001575826085537447,8.011148226695882e-05,7.197558899505716e-05,6.606736944600264e-05,0.00011725254917539485,5.1821233126743954e-05,4.5235371193121524e-05,4.6911616238362e-05,7.074993344055361e-05,9.552822375396795e-05,7.030232043417128e-05,4.1644417425115594e-05,6.382835671808567e-05,,,2.1090907294308398e-05,,2.482509017631922e-05,1.3594560105053255e-05,,,1.0509416521037852e-05
,,,,,,,S784 Front Galley,S751 34D,S769 34F,S258 35A,S754 35B,S799 35D,S776 35E,S763 35F,S359 35L,S236 36A,S737 36B,S711 36D,S717 36E,S794 36F,S768 36K,S249 36L,S234 37A,S798 37B,S722 37D,S757 37F,S708 37K,S784 37L,S248 38A,S755 38B,S760 38D,S800 38E,S759 38F,S752 38K,S240 38L,S250 39A,S733 39D,S806 39E,S247 39L,S237 40A,S230 40B,S756 40D,S771 40F,S238 40K,S229 40L,S242 41A,S243 41L,,,,,,,,,Tests 16-18 CM 37E,AVERAGE,3295,0,0,0,0,99,0,0,0,0,0,480.6666666666667,172,106.66666666666667,0,0,165,71.66666666666667,1200.6666666666667,656.6666666666666,103,0,730.3333333333334,839.3333333333334,1988.6666666666667,1545,1499.6666666666667,868.6666666666666,893,2245.3333333333335,1778,1688,1790.6666666666667,1348,1275.3333333333333,1241,1442.6666666666667,1433.6666666666667,1197.3333333333333,1189,1196.3333333333333,,40,6.6645857439238344e-06,5.491033841845942e-06,6.052150201919983e-06,,6.987090101944072e-06,6.2570210057327185e-06,5.427099778195154e-06
Release Location,Test ,Breathing/Cough,Gaspers ,Mask,Start Time,End Time,Galley,34D,34F,35A,35B,35D,35E,35F,35L,36A,36B,36D,36E,36F,36K,36L,37A,37B,37D,37F,37K,37L,38A,38B,38D,38E,38F,38K,38L,39A,39D,39E,39L,40A,40B,40D,40F,40K,40L,41A,41L,,MAX,AVG,BNM MAX,BNM AVG,,,,,STDEV.P,666.3127393849428,0,0,0,0,140.0071426749364,0,0,0,0,0,192.60033460222465,129.36769303036982,150.84944665313014,0,0,121.04819976631897,101.35197197007182,235.13447688976242,85.64007369346562,145.6639969244288,0,106.49047949099592,146.13768241703514,265.7496733561283,373.1380441606029,446.49026367386284,419.31716979976966,402.82254157383,153.05191566553125,274.13986697791086,145.9406271970443,405.64872597962005,109.38921336219582,124.07614149742443,47,157.8212772586623,157.81071643656594,199.093501205394,50.30573194643595,70.14429572119334,,,1.1983562404224312e-05,1.0027484676672578e-05,1.0151553501783722e-05,,1.3027724712870741e-05,9.491127142415429e-06,8.761789110693735e-06
37B,1,B,Off,No,09:58:00,10:03:00,2.8344444444444445e-05,1.111111111111111e-06,1.8444444444444445e-06,1.2777777777777779e-06,0,9.483333333333333e-06,5.344444444444445e-06,4.205555555555555e-06,1.1833333333333334e-06,4.244444444444444e-06,3.5055555555555555e-06,4.800555555555556e-05,1.4033333333333333e-05,7.2444444444444444e-06,5.166666666666667e-06,5.45e-06,1.4161111111111111e-05,9.105555555555556e-06,2.1644444444444445e-05,1.106111111111111e-05,8.005555555555556e-06,8.261111111111112e-06,2.4677777777777778e-05,2.2222222222222223e-05,1.6683333333333333e-05,1.6172222222222222e-05,9.783333333333333e-06,9.205555555555555e-06,1.1144444444444445e-05,1.7572222222222222e-05,1.415e-05,1.1027777777777779e-05,1.1161111111111111e-05,9.61111111111111e-06,7.366666666666667e-06,7.905555555555555e-06,9.922222222222222e-06,1.0944444444444444e-05,8.45e-06,7.755555555555555e-06,9.277777777777778e-06,,4.800555555555556e-05,1.0484305555555555e-05,0.0004113388888888889,5.5744696180555567e-05,,,,,STANDARD ERROR,384.6958394483737,0,0,0,0,80.83316151184488,0,0,0,0,0,111.1978550286064,74.69047239552489,87.09296863229079,0,0,69.88721072000386,58.51558829982037,135.75495352806618,49.44431960034177,84.0991478355558,0,61.48230700025882,84.37263028222328,153.4306454492158,215.43135024101454,257.78127392265174,242.09288085972904,232.56970281329998,88.36456470948238,158.27472599530503,84.25886039791635,234.20140114076239,63.15589178110517,71.6353936935481,33.23401871576773,91.11815690913924,91.11205961565905,114.94668651483931,29.044027881055953,40.4978280167477,,41,5.551893484175282e-06,,,,,,6.263415388951139e-06
37B,2,B,Off,No,10:06:00,10:11:00,3.0711111111111114e-05,1.9055555555555556e-06,1.5555555555555556e-06,0,0,7.422222222222222e-06,4.483333333333333e-06,2.7e-06,0,3.588888888888889e-06,3.016666666666667e-06,5.6005555555555556e-05,1.0605555555555555e-05,5.488888888888889e-06,3.6222222222222222e-06,3.827777777777778e-06,1.3366666666666667e-05,6.35e-06,1.852222222222222e-05,9.438888888888888e-06,6e-06,6.133333333333334e-06,2.2005555555555556e-05,2.1011111111111112e-05,1.6755555555555557e-05,1.2072222222222222e-05,8.655555555555555e-06,8.877777777777777e-06,1.055e-05,1.4272222222222221e-05,1.3594444444444444e-05,9.333333333333333e-06,9.027777777777777e-06,8.01111111111111e-06,7.044444444444445e-06,7.9e-06,9.266666666666667e-06,9.594444444444445e-06,7.755555555555555e-06,6.055555555555555e-06,8.21111111111111e-06,,5.6005555555555556e-05,9.350694444444446e-06,,,,,,,% STANDARD ERROR,0.11675139285231372,#DIV/0!,#DIV/0!,#DIV/0!,#DIV/0!,0.816496580927726,#DIV/0!,#DIV/0!,#DIV/0!,#DIV/0!,#DIV/0!,0.23134089118295367,0.4342469325321215,0.8164965809277261,#DIV/0!,#DIV/0!,0.42355885284850825,0.816496580927726,0.11306631332154317,0.0752959181731093,0.8164965809277261,#DIV/0!,0.08418389822034525,0.10052338794546062,0.07715252033986715,0.13943776714628772,0.1718923809219727,0.2786947976128884,0.2604363973273236,0.03935476456776234,0.08901840607160014,0.049916386491656604,0.1307900602051912,0.04685155176639849,0.05616993755374916,0.026780031197234273,0.06315953575032757,0.0635517737379626,0.09600224374847383,0.02442727323890324,0.033851625536428835,,,8.025884293602496e-06,,,,,,9.718066092530341e-06
37B,3,B,Off,No,10:12:00,10:17:00,3.4133333333333334e-05,2e-06,1.4444444444444445e-06,0,0,6.15e-06,3.4888888888888888e-06,1.961111111111111e-06,0,3.0888888888888888e-06,2.7166666666666668e-06,5.007777777777778e-05,7.738888888888889e-06,4.755555555555556e-06,2.272222222222222e-06,3.75e-06,1.335e-05,6.4444444444444445e-06,1.971111111111111e-05,8.516666666666666e-06,4.588888888888889e-06,4.583333333333333e-06,2.371111111111111e-05,2.3305555555555557e-05,1.806111111111111e-05,1.2266666666666667e-05,7.611111111111111e-06,6.733333333333333e-06,7.2722222222222224e-06,1.5783333333333332e-05,1.4688888888888889e-05,1.0077777777777777e-05,9.555555555555555e-06,9.394444444444445e-06,7.205555555555555e-06,7.4111111111111115e-06,8.661111111111111e-06,8.877777777777777e-06,7.111111111111111e-06,7.3555555555555555e-06,8.08888888888889e-06,,5.007777777777778e-05,8.995277777777777e-06,BM MAX,BM AVG,,,,,95% LOW,9.109187793631378e-06,0,0,0,0,0,0,0,0,0,0,1.2123869325407544e-08,0,0,0,0,0,0,3.4250727868633224e-06,2.4661542190355333e-06,0,0,2.587638701728998e-06,2.6459883623829255e-06,7.380303329437174e-06,3.433327221738414e-06,2.169076916541646e-06,0,0,1.036167006326906e-05,6.09413252245668e-06,7.3635229094875885e-06,4.349433541988701e-06,5.979112209255025e-06,5.372701301499976e-06,6.099966763700286e-06,5.836584652703559e-06,5.786730411891587e-06,3.903987451444332e-06,5.911241933487868e-06,5.6781732187626e-06
37B,4,B,Off,Yes,10:18:00,10:23:00,2.3377777777777777e-05,1.2722222222222223e-06,1.7277777777777778e-06,0,0,4.588888888888889e-06,2.0833333333333334e-06,2.0666666666666666e-06,0,2.2611111111111112e-06,1.9888888888888887e-06,1.596111111111111e-05,4.755555555555556e-06,2.238888888888889e-06,1.45e-06,2.572222222222222e-06,1.0911111111111112e-05,3.5333333333333335e-06,1.882777777777778e-05,5.766666666666667e-06,2.2611111111111112e-06,2.972222222222222e-06,2.4255555555555556e-05,2.3233333333333333e-05,1.6466666666666666e-05,8.833333333333334e-06,5.7e-06,4.8444444444444446e-06,4.644444444444445e-06,1.43e-05,1.592777777777778e-05,9.46111111111111e-06,6.888888888888889e-06,7.966666666666666e-06,6.488888888888889e-06,7.055555555555556e-06,8.527777777777777e-06,7e-06,6.3722222222222226e-06,6.105555555555556e-06,7.027777777777778e-06,,2.4255555555555556e-05,6.958472222222223e-06,0.00030970555555555557,2.552357407407407e-05,,,,,95% HIGH,2.750192331747973e-05,0,0,0,0,2.4823616332526032e-06,0,0,0,0,0,5.328616871415333e-06,2.7410727928774646e-06,2.6745983927300775e-06,0,0,2.5873592651565367e-06,1.7969957951155207e-06,9.91566795387742e-06,4.830142077260762e-06,2.5826590729799807e-06,0,5.5271761130858166e-06,6.679937563543001e-06,1.4715992966859125e-05,1.3733339444928253e-05,1.4493886046421317e-05,1.0613290738922671e-05,1.05208190622535e-05,1.458647808487909e-05,1.3661423033098875e-05,1.1392032646067966e-05,1.5546862754307594e-05,8.998665568522753e-06,8.797669068870393e-06,7.688922125188604e-06,1.0193044976926072e-05,1.0142899217738042e-05,9.399716252259371e-06,7.299869177623244e-06,7.614419373829992e-06,,767 - Inflight AFT - 37E - BNM Tests 7-9,,,,,,,
37B,5,B,Off,Yes,10:24:00,10:29:00,2.4083333333333334e-05,1.8722222222222222e-06,1.6333333333333333e-06,1.3277777777777778e-06,0,6.411111111111111e-06,2.85e-06,1.8111111111111111e-06,0,2.7888888888888887e-06,2.7055555555555556e-06,1.9972222222222223e-05,4.3277777777777775e-06,2.922222222222222e-06,2.0444444444444443e-06,2.25e-06,7.916666666666667e-06,5.038888888888889e-06,1.9788888888888887e-05,6.688888888888889e-06,3.1055555555555556e-06,3.6e-06,2.5211111111111112e-05,2.3455555555555557e-05,1.8133333333333335e-05,1.2522222222222223e-05,7.127777777777778e-06,5.5888888888888886e-06,5.838888888888889e-06,1.6188888888888888e-05,1.8261111111111113e-05,1.0855555555555556e-05,8.522222222222222e-06,9.422222222222222e-06,8.194444444444445e-06,9.072222222222222e-06,9.98888888888889e-06,8.06111111111111e-06,6.922222222222222e-06,7.277777777777778e-06,8.3e-06,,2.5211111111111112e-05,7.95e-06,,,,,,Tests 20-22 BNM 37K,AVERAGE,5029,5839,5949.333333333333,2787,1946.6666666666667,8060,16969,21761.666666666668,5365.333333333333,5573.333333333333,5608.333333333333,13301.333333333334,22319.333333333332,52378.666666666664,41296.666666666664,30509.333333333332,7884.333333333333,7094.666666666667,12560.333333333334,38894,50066.666666666664,55579.333333333336,10210.333333333334,10165.333333333334,12246,22919.666666666668,23118.333333333332,40611.666666666664,41835.333333333336,12494.333333333334,11435.666666666666,13078,23909.333333333332,9883.666666666666,8838,,13595.333333333334,18630.333333333332,13994.666666666666,8517.333333333334,12111.666666666666,,,A,B,D,E,F,K,L
37B,6,B,Off,Yes,10:30:00,10:35:00,2.5305555555555555e-05,1.2777777777777779e-06,0,0,0,5.344444444444445e-06,2.427777777777778e-06,1.5333333333333334e-06,0,1.9888888888888887e-06,2.0444444444444443e-06,2.0277777777777776e-05,4.9722222222222224e-06,2.8833333333333334e-06,1.4833333333333332e-06,1.8722222222222222e-06,1.31e-05,5.033333333333333e-06,1.8844444444444444e-05,6.461111111111111e-06,2.811111111111111e-06,2.9333333333333333e-06,3.0266666666666666e-05,3.0366666666666665e-05,1.9972222222222223e-05,1.08e-05,7.122222222222222e-06,5.816666666666666e-06,7.25e-06,1.8855555555555557e-05,2.1916666666666666e-05,1.2183333333333334e-05,9.11111111111111e-06,1.0583333333333333e-05,8.594444444444444e-06,8.177777777777777e-06,1.1505555555555555e-05,8.56111111111111e-06,7.988888888888888e-06,6.983333333333333e-06,8.644444444444444e-06,,3.0366666666666665e-05,8.49972222222222e-06,,,,,,,STDEV.P,1089.1550241662876,2194.9785116639905,1821.917000182927,706.7479512999431,555.8694890789463,1016.3178636627421,5618.748318501788,5171.165202887601,755.9207777421005,1459.4794353543396,1463.7234104236436,1409.6298174422327,1413.4405619700542,10475.144878340452,12142.759772345367,9087.655558809189,1438.3630356145218,1381.248790849144,1485.752409462028,2887.2874236325465,8778.303037730142,9937.753278393573,1434.222282477704,1311.028180051401,965.8212394986283,162.82778905607265,454.4493615599237,3051.5415048063096,4461.395920063087,1232.1313061340318,1373.463828751558,602.5816680473002,1343.718555187639,113.80197225395037,290.99942726175027,,358.0822376059568,1223.3702991690166,650.370321859443,527.7792046764337,652.1105904846372,,34,,,3.020991245078071e-07,,8.218723805768212e-07,,
37E,7,B,Off,No,10:41:00,10:46:00,4.162777777777778e-05,3.8777777777777775e-06,1.5833333333333333e-06,0,0,8.927777777777778e-06,6.6e-06,4.261111111111111e-06,0,3.7555555555555557e-06,3.827777777777778e-06,3.610555555555555e-05,2.088888888888889e-05,1.2316666666666667e-05,4.905555555555555e-06,5.338888888888889e-06,1.37e-05,8.966666666666667e-06,7.142777777777778e-05,6.02e-05,1.2444444444444445e-05,1.34e-05,5.9216666666666665e-05,6.143888888888889e-05,0.00011987222222222223,9.412222222222222e-05,8.958333333333333e-05,4.867222222222222e-05,4.89e-05,0.00013549444444444444,0.00011738333333333333,9.255e-05,0.00010225,7.719444444444444e-05,6.323888888888889e-05,6.665555555555556e-05,7.818333333333333e-05,7.893333333333333e-05,6.768333333333333e-05,5.5172222222222225e-05,6.725e-05,,0.00013549444444444444,4.540805555555556e-05,,,,,,,STANDARD ERROR,628.8239463916395,1267.271434574649,1051.8842704967685,408.0411199322387,320.9313991540294,586.7713921679095,3243.9858541957647,2985.5736219111823,436.43106451543304,842.630844878551,845.0811050272478,813.8501545579961,816.0502889369468,6047.82771531019,7010.625623268557,5246.760383181085,830.4392858044515,797.4643612145984,857.799553552037,1666.9761712620718,5068.155621861607,5737.5645304206155,828.048620866262,756.9224726678616,557.6171526135911,94.00866784307514,262.37646122967556,1761.8083092432387,2575.788135409922,711.3713412734485,792.969711251926,347.9006882558425,775.7962695526784,65.70359931512857,168.00859766359844,,206.73887627382268,706.3131715438248,375.491480398493,304.7134658926256,376.49622495771115,,,,,4.894197171788489e-06,,1.7929424342379936e-06,,
37E,8,B,Off,No,10:48:00,10:53:00,4.3666666666666666e-05,1.7277777777777778e-06,1.1555555555555556e-06,0,0,6.272222222222222e-06,4.411111111111111e-06,2.922222222222222e-06,0,2.6722222222222224e-06,2.4833333333333334e-06,2.8655555555555555e-05,1.3661111111111111e-05,9.738888888888889e-06,3.711111111111111e-06,3.816666666666667e-06,1.0072222222222223e-05,6.238888888888889e-06,6.371111111111112e-05,5.095e-05,9.5e-06,9.505555555555555e-06,3.667222222222222e-05,4.6166666666666666e-05,0.00010457777777777778,8.886666666666667e-05,8.39e-05,4.386111111111111e-05,4.3866666666666665e-05,0.00012532777777777779,9.525e-05,8.378888888888889e-05,9.717222222222222e-05,6.526111111111111e-05,5.800555555555556e-05,5.823888888888889e-05,7.510555555555556e-05,7.91e-05,6.427222222222223e-05,5.086111111111111e-05,6.795555555555556e-05,,0.00012532777777777779,3.998638888888888e-05,,,,,,,% STANDARD ERROR,0.12503955983130632,0.21703569696431735,0.17680708266978404,0.14640872620460663,0.16486202011337125,0.0728004208645049,0.19117130380079939,0.13719416199331463,0.08134276798871143,0.15118974489447687,0.1506831093659283,0.061185607048766744,0.03656248494296187,0.11546356752068636,0.16976250601183043,0.17197230519123388,0.10532777480291526,0.11240335856247863,0.06829433031650198,0.04285946858801028,0.10122814158178976,0.10323197826087542,0.08109907814301805,0.07446115615174399,0.04553463601286878,0.004101659470458055,0.01134928099904876,0.04338182728878989,0.06156968118041978,0.05693551807006764,0.06934180003368928,0.02660197952713278,0.03244742372097417,0.006647694780796119,0.01900979833260901,,0.015206605914320307,0.03791199861572479,0.02683104137756,0.0357756887006057,0.031085418325942853,,35,0,0,4.872912665363294e-06,2.710435613937552e-06,1.305418624268034e-06,,0
37E,9,B,Off,No,10:54:00,10:59:00,4.307222222222222e-05,2.188888888888889e-06,1.1833333333333334e-06,0,0,7.505555555555556e-06,4.561111111111111e-06,2.45e-06,0,2.6444444444444444e-06,2.6555555555555556e-06,3.571111111111111e-05,1.2544444444444444e-05,7.288888888888889e-06,3.083333333333333e-06,3.65e-06,1.1688888888888889e-05,8.077777777777778e-06,7.11388888888889e-05,3.761666666666667e-05,7.611111111111111e-06,8.21111111111111e-06,5.556111111111111e-05,6.247777777777778e-05,0.00012127777777777778,7.22111111111111e-05,5.922777777777778e-05,3.7961111111111114e-05,3.52e-05,0.00013419444444444443,0.00011686111111111111,8.412777777777777e-05,7.578333333333334e-05,6.848333333333334e-05,5.9727777777777776e-05,6.155555555555555e-05,6.846111111111111e-05,6.411666666666666e-05,5.705e-05,5.179444444444444e-05,5.8327777777777776e-05,,0.00013419444444444443,3.935527777777778e-05,,,,,,,95% LOW,1.2906503103759863e-05,2.144061205696031e-06,7.905973985476323e-06,5.728883671842094e-06,3.1427714228159914e-06,3.075068166389714e-05,1.6722938163309022e-05,4.952635206434918e-05,1.937428034846347e-05,1.0819404487894045e-05,1.0955274102228256e-05,5.4440756212612644e-05,0.00010448816077798693,0.00014641591115381621,6.18330256096781e-05,4.406957446947293e-05,2.3949739369537658e-05,2.035098622422361e-05,4.927345474666066e-05,0.00017622778630588503,0.0001569910723655343,0.00017161440643851902,3.692911176525449e-05,3.837942185246403e-05,5.4703185512798436e-05,0.0001250841520496551,0.0001221629301147891,0.00018350336395551672,0.00017084287214813582,5.2407235843520475e-05,4.457509999527571e-05,6.43387963246395e-05,0.00011428378880804532,5.3338578215631486e-05,4.5083661134741864e-05,,7.058742193737263e-05,8.66170430898903e-05,6.877181570284417e-05,4.003417383109648e-05,5.828668561485352e-05,,,0,0,1.0264124371673742e-05,7.67104586754393e-06,5.116803597954188e-06,,0
37E,10,B,Off,Yes,11:03:00,11:08:00,6.666666666666667e-06,2.25e-06,1.2833333333333333e-06,0,0,8.427777777777778e-06,4.538888888888889e-06,2.6055555555555557e-06,0,2.8944444444444446e-06,3.227777777777778e-06,2.7711111111111112e-05,9.733333333333334e-06,7.516666666666667e-06,3.966666666666667e-06,3.672222222222222e-06,8.516666666666666e-06,5.2666666666666665e-06,4.8066666666666665e-05,4.0866666666666666e-05,8.683333333333334e-06,8.91111111111111e-06,2.6166666666666668e-05,2.7233333333333332e-05,7.275555555555556e-05,6.696666666666666e-05,7.133333333333334e-05,4.5444444444444444e-05,4.022777777777778e-05,9.266111111111112e-05,7.401666666666667e-05,6.72e-05,7.929444444444444e-05,5.238333333333333e-05,5.034444444444445e-05,4.901111111111111e-05,6.195555555555555e-05,5.9944444444444444e-05,4.9766666666666666e-05,4.263888888888889e-05,4.91e-05,,9.266111111111112e-05,3.191458333333334e-05,,,,,,,95% HIGH,4.297127467401791e-05,6.273371657208175e-05,5.819772971822737e-05,2.5237782994824576e-05,1.848685820681364e-05,5.880487389165842e-05,0.00017182150628113543,0.00019226994423194715,4.024053446635134e-05,5.110652143803188e-05,5.1359540712586556e-05,9.335183637997994e-05,0.0001435044318146056,0.0004355692740313689,0.0003970188262421737,0.00029492301812311965,6.365396433416604e-05,5.847864340540602e-05,9.02858045125986e-05,0.0002559277692496705,0.000399305223930762,0.00044593374170962913,7.651903638289366e-05,7.456872629568413e-05,8.136348115386824e-05,0.00012957881091330787,0.00013470744025558125,0.000267737376785224,0.00029399416488890126,8.641869008240547e-05,8.248786296768723e-05,8.097231478647161e-05,0.00015137547045121393,5.6479940302887026e-05,5.311633886525814e-05,,8.047183732188663e-05,0.00012038666061381339,8.672448059345211e-05,5.460286320594057e-05,7.628738845922054e-05,,36,1.7387773145658719e-06,1.5049034034773206e-06,2.4987391790909567e-05,6.5095490466812495e-06,4.681625479361256e-06,2.0223018402681554e-06,2.3806241697365795e-06
37E,11,B,Off,Yes,11:09:00,11:14:00,2.3444444444444444e-06,1.1777777777777778e-06,0,0,0,3.966666666666667e-06,2.9555555555555557e-06,1.438888888888889e-06,0,1.4277777777777777e-06,1.588888888888889e-06,2.3283333333333335e-05,7.944444444444444e-06,4.683333333333333e-06,1.9555555555555556e-06,2.1055555555555554e-06,5.933333333333333e-06,4.1722222222222225e-06,4.707777777777778e-05,3.5161111111111113e-05,5.233333333333333e-06,5.777777777777778e-06,2.7905555555555557e-05,3.428888888888889e-05,7.9e-05,6.423333333333333e-05,6.076666666666667e-05,3.487222222222222e-05,3.115e-05,9.757222222222223e-05,8.212777777777778e-05,6.647777777777778e-05,7.723333333333333e-05,5.4411111111111114e-05,4.6916666666666664e-05,5.0066666666666666e-05,6.437777777777778e-05,6.517222222222222e-05,5.243888888888889e-05,4.311666666666667e-05,5.221111111111111e-05,,9.757222222222223e-05,3.100555555555556e-05,,,,,,Tests 23-25 BM 37K,AVERAGE,3637.5,4587.666666666667,5165.666666666667,2137.3333333333335,1511.6666666666667,7907,13331.666666666666,18941,4776,4620,4385.333333333333,12126,18783,34859.333333333336,35848.666666666664,23228,6668.333333333333,5996.666666666667,10627.333333333334,29099.666666666668,39227,44118,8413,8273,10531,18371,17898,31097.333333333332,30159,10074.666666666666,9552,10463,18424.333333333332,7993.666666666667,7160.333333333333,,10684.333333333334,14745,11277,7037,9773.666666666666,,,4.309370833582277e-06,4.472874374300457e-06,4.199408969057191e-05,2.4886747249615048e-05,1.4881337483601708e-05,5.7776981597318445e-06,6.156412867300457e-06
37E,12,B,Off,Yes,11:15:00,11:20:00,2.5277777777777778e-06,1.5444444444444444e-06,1.3388888888888888e-06,0,0,6.338888888888889e-06,4.033333333333333e-06,2.377777777777778e-06,0,2.5944444444444445e-06,2.45e-06,2.7755555555555557e-05,9e-06,6.644444444444444e-06,2.6055555555555557e-06,2.85e-06,8.222222222222222e-06,6.527777777777778e-06,5.383333333333333e-05,3.943888888888889e-05,5.894444444444445e-06,7.45e-06,3.791111111111111e-05,4.77e-05,8.944444444444444e-05,6.608333333333333e-05,5.6927777777777776e-05,3.3422222222222224e-05,3.186111111111111e-05,0.00010423888888888889,9.285e-05,6.866111111111111e-05,7.330555555555556e-05,5.417777777777778e-05,4.6716666666666666e-05,4.708333333333333e-05,5.942222222222222e-05,6.055555555555556e-05,5.2122222222222225e-05,4.307222222222222e-05,5.2405555555555556e-05,,0.00010423888888888889,3.272152777777778e-05,,,,,,,STDEV.P,137.5,730.102428126051,550.8577150428432,164.71456793158546,158.91786837511032,609.4768248260142,1548.588676469284,569.4933420740463,656.5790127623636,555.8009235928514,458.5239603578228,1676.1529365385088,1113.0519604522813,2269.764353897167,5701.444397889207,2128.512626225177,480.927807010112,522.5229394220145,1120.0602166351991,1498.0512526464358,3705.795731013786,8226.92785917076,676.8933938713442,729.9264803161115,1241.074534425713,1671.1092124693705,960.2510088513316,1017.0553355425434,2247.9120682683892,755.347749200474,810.44226609097,818.0713090352617,741.9633114619318,734.1272974688305,823.1858167442444,,673.5252201827502,430.9624887001961,491.4271733091961,824.3870450219363,398.7065197471555,,37,8.133738342152234e-06,4.939152784085023e-06,5.988637680474611e-05,1,2.6559801438652436e-05,4.910941973969697e-06,4.893716514153626e-06
37E,13,C,Off,No,11:24:00,11:29:00,1.63e-05,3.855555555555555e-06,2.688888888888889e-06,1.3666666666666666e-06,0,1.0172222222222222e-05,9.055555555555556e-06,6.677777777777778e-06,0,4.416666666666667e-06,4.177777777777778e-06,3.229444444444444e-05,1.915e-05,1.9283333333333332e-05,7.4277777777777774e-06,7.777777777777777e-06,1.4666666666666666e-05,8.866666666666666e-06,5.4766666666666665e-05,7.375555555555555e-05,2.2233333333333333e-05,2.4116666666666666e-05,5.127777777777778e-05,4.636111111111111e-05,7.195555555555555e-05,8.614444444444444e-05,8.959444444444445e-05,7.603888888888889e-05,9.415e-05,7.392777777777778e-05,6.586111111111111e-05,6.255e-05,9.615e-05,5.075555555555556e-05,4.463888888888889e-05,4.341111111111111e-05,6.467777777777777e-05,7.955555555555556e-05,5.835e-05,4.0744444444444445e-05,5.758888888888889e-05,,9.615e-05,3.9512083333333334e-05,,,,,,,STANDARD ERROR,97.22718241315027,421.52483341457497,318.03785006516773,95.09800013475378,91.75127408541147,351.8816088781377,894.0780892235475,328.7971343481503,379.0760697626094,320.8918128521754,264.7289319424823,967.7273491134898,642.6208489891653,1310.4490607195464,3291.7304578910175,1228.8973377246232,277.66379883806457,301.67875973305456,646.6670675829228,864.9002939752759,2139.5421628625754,4749.81901409587,390.80458316429997,421.42324989914306,716.5347165350748,964.8153536644546,554.4011784499261,587.1971717562326,1297.8326377293631,436.10022633267164,467.9090604902718,472.3136904878179,428.37271760137247,423.8485928130818,475.2665528903715,,388.8599671785128,248.8163088616893,283.72561079716127,475.96008235985505,230.19331650367909,,,1.5507002398588505e-05,1.05830694381372e-05,7.76321417137724e-05,,7.261797633912534e-05,1.4792761729734007e-05,1.585072793029082e-05
37E,14,C,Off,No,11:30:00,11:35:00,2.262777777777778e-05,2.3833333333333335e-06,1.8888888888888888e-06,1.6666666666666667e-06,0,1.226111111111111e-05,7.072222222222222e-06,7.472222222222222e-06,0,4.694444444444444e-06,4.127777777777778e-06,3.1011111111111114e-05,2.4327777777777777e-05,2.887777777777778e-05,1.28e-05,8.544444444444445e-06,1.7855555555555557e-05,1.176111111111111e-05,4.584444444444445e-05,8.161666666666667e-05,3.558888888888889e-05,4.306111111111111e-05,4.562777777777778e-05,4.286666666666667e-05,5.615e-05,8.251111111111111e-05,8.636666666666666e-05,9.268333333333333e-05,0.00011385555555555555,5.748333333333333e-05,5.206111111111111e-05,6.505555555555556e-05,8.483333333333334e-05,4.880555555555556e-05,4.497222222222222e-05,4.093333333333334e-05,6.0772222222222225e-05,6.21388888888889e-05,4.906666666666667e-05,4.1044444444444445e-05,4.752222222222222e-05,,0.00011385555555555555,3.894013888888889e-05,,,,,,,% STANDARD ERROR,0.026729122312893545,0.09188218413454369,0.06156762923117398,0.04449376175986608,0.06069544040931298,0.0445025431741669,0.06706423972173128,0.017359016648970504,0.0793710363824559,0.06945710234895572,0.06036688931494732,0.07980598293860217,0.034212897246934215,0.037592487733162226,0.09182295365399971,0.05290586093183327,0.04163916003570076,0.050307742034417104,0.06084941982149075,0.0297220000449699,0.054542589615891486,0.10766170302588218,0.046452464419862116,0.050939592638600636,0.06804052003941458,0.052518390597379276,0.03097559383450252,0.018882557081729385,0.043033012955647175,0.043286814418939085,0.048985454406435494,0.04514132567024925,0.0232503781738664,0.05302305068342627,0.06637492010014033,,0.03639534213757022,0.01687462250672698,0.025159671082483043,0.06763678873949909,0.02355240099283917,,38,2.593980991102441e-05,3.8170386089383746e-05,9.64536358620724e-05,6.186287708953197e-05,4.483656467201183e-05,3.2615956167143155e-05,2.859870944074762e-05
37E,15,C,Off,No,11:36:00,11:41:00,1.9166666666666667e-05,3.8055555555555556e-06,1.711111111111111e-06,1.4277777777777777e-06,0,8.877777777777777e-06,9.96111111111111e-06,6.961111111111111e-06,1.188888888888889e-06,3.8055555555555556e-06,4.022222222222222e-06,2.846111111111111e-05,2.388888888888889e-05,2.2983333333333334e-05,8.227777777777778e-06,7.638888888888888e-06,1.3238888888888889e-05,8.877777777777777e-06,4.6916666666666664e-05,8.468333333333334e-05,2.3072222222222224e-05,2.9927777777777777e-05,4.32e-05,3.9166666666666665e-05,5.9127777777777775e-05,9.260555555555555e-05,9.371666666666666e-05,9.308333333333334e-05,0.00012131111111111111,6.442777777777778e-05,5.702777777777778e-05,6.0505555555555557e-05,0.00010111666666666667,4.685555555555556e-05,4.413333333333333e-05,4.471111111111111e-05,6.879444444444444e-05,8.318888888888889e-05,6.283333333333333e-05,3.9788888888888886e-05,5.782222222222222e-05,,0.00012131111111111111,4.0327361111111115e-05,,,,,,,95% LOW,1.7884063522645636e-05,1.541025171379862e-05,2.1095276654645834e-05,9.60070354863049e-06,6.204782968206341e-06,3.5515852427763184e-05,5.269138138187634e-05,9.73676996161106e-05,1.747130928784162e-05,1.799556960720605e-05,1.8034470773249065e-05,4.4232606759803635e-05,8.898779159333123e-05,0.00016233595013920624,0.0001204686139242312,9.966697086539415e-05,3.0408588927406338e-05,2.6103016464085185e-05,4.3581805230688987e-05,0.00014098889278717255,0.000166780833740013,0.00013155293767969708,3.7396488214688985e-05,3.588675419824437e-05,4.1376395081942074e-05,7.899666407323251e-05,8.618006516183316e-05,0.00015872568835147925,0.0001365245897769475,4.554515218198433e-05,4.188104062616866e-05,4.6836856610171776e-05,9.211691960830348e-05,3.4276923176622084e-05,2.841811864581147e-05,,5.0061493858689966e-05,7.596857457204529e-05,5.5867381648554535e-05,2.771635425336413e-05,4.879524903195186e-05,,,7.502685675564226e-05,7.521850279950515e-05,0.0001340315493231128,0.00010827045624380137,0.0001103041760687289,5.4380340129153146e-05,5.6712401670363496e-05
37E,16,C,Off,Yes,11:44:00,11:49:00,1.3872222222222222e-05,0,0,0,0,0,0,0,0,0,0,2.15e-06,1.1333333333333334e-06,0,0,0,1.1555555555555556e-06,0,5.172222222222222e-06,4.033333333333333e-06,0,0,3.561111111111111e-06,3.5944444444444442e-06,9.038888888888889e-06,8.072222222222222e-06,7.1166666666666666e-06,3.688888888888889e-06,4.083333333333333e-06,1.1277777777777778e-05,8.055555555555556e-06,8.5e-06,8.705555555555556e-06,6.711111111111111e-06,6.138888888888889e-06,6.633333333333333e-06,7.655555555555556e-06,7.627777777777778e-06,6.522222222222222e-06,6.216666666666667e-06,6.144444444444445e-06,,1.1277777777777778e-05,3.5747222222222227e-06,,,,,,,95% HIGH,2.2532603144021032e-05,3.556382236027546e-05,3.6301019641650465e-05,1.4147444599517662e-05,1.0591513328089958e-05,5.2339703127792374e-05,9.543824824775329e-05,0.00011308785593944494,3.559535737882505e-05,3.3337763726127285e-05,3.0691455152676855e-05,9.050072657352971e-05,0.00011971220840666878,0.0002249899757867197,0.00027784990459428727,0.00015842191802349474,4.368400366518625e-05,4.0526613165544446e-05,7.44996762507925e-05,0.0001823407368424571,0.00026907472181554256,0.0003586470623203029,5.60812895630888e-05,5.603546802397785e-05,7.563471602916904e-05,0.00012512555814898972,0.0001126866015048335,0.00018680023757444665,0.0001985754102230525,6.63955885587564e-05,6.425229270716467e-05,6.941869894538378e-05,0.00011259789520651133,5.454159534189643e-05,5.114114061344779e-05,,6.865332095612486e-05,8.786475876128804e-05,6.943261835144548e-05,5.047253463552476e-05,5.980104726434442e-05,,39,0.00012044926614185683,,8.421082858195356e-05,7.675440980644762e-05,,,6.324337903395276e-05
37E,17,C,Off,Yes,11:50:00,11:55:00,2.2933333333333333e-05,0,0,0,0,0,0,0,0,0,0,1.7e-06,0,0,0,0,0,0,6.483333333333334e-06,2.9777777777777777e-06,0,0,3.722222222222222e-06,4.833333333333333e-06,1.156111111111111e-05,6.338888888888889e-06,6.088888888888889e-06,2.7166666666666668e-06,2.7666666666666667e-06,1.3177777777777778e-05,9.794444444444445e-06,9.177777777777778e-06,8.027777777777778e-06,8.194444444444445e-06,7.3555555555555555e-06,7.155555555555556e-06,7.166666666666667e-06,7.1e-06,5.366666666666666e-06,6.7388888888888886e-06,6.7e-06,,1.3177777777777778e-05,3.6286111111111113e-06,,,,,,Tests 26-28 CNM 37K,AVERAGE,,3720.6666666666665,5059,1782.6666666666667,1266.6666666666667,6068.333333333333,12678,17724.333333333332,4145.333333333333,3785,3791.6666666666665,10616,18275.333333333332,59952.666666666664,38802.666666666664,27144.666666666668,5995,5307.666666666667,11128.333333333334,35036,57252.333333333336,47154,8418,8404,11589.333333333334,22711.666666666668,21449,35432.666666666664,38049.333333333336,10737.666666666666,9420.666666666666,11878.333333333334,21723.333333333332,9467.666666666666,8352.333333333334,,12305.333333333334,17455.666666666668,13380,7775.333333333333,11241.333333333334,,,0.00014289517830258763,,0.0001354521343810094,9.689003463799682e-05,,,0.0001202269913364176
37E,18,C,Off,Yes,11:59:00,12:04:00,1.8111111111111112e-05,0,0,0,0,1.65e-06,0,0,0,0,0,4.161111111111111e-06,1.7333333333333334e-06,1.7777777777777777e-06,0,0,1.5944444444444445e-06,1.1944444444444443e-06,8.355555555555556e-06,3.9333333333333335e-06,1.7166666666666666e-06,0,4.8888888888888885e-06,5.561111111111111e-06,1.2544444444444444e-05,1.1338888888888889e-05,1.178888888888889e-05,8.072222222222222e-06,8.033333333333333e-06,1.2966666666666667e-05,1.1783333333333333e-05,1.0455555555555556e-05,1.3111111111111111e-05,7.561111111111111e-06,7.761111111111112e-06,0,9.222222222222222e-06,9.166666666666666e-06,8.066666666666667e-06,6.861111111111111e-06,7.094444444444444e-06,,1.3111111111111111e-05,4.80986111111111e-06,,,,,,,STDEV.P,,1626.6866802047516,2502.161598831432,957.1876630119207,699.109115628995,2409.739451107157,4377.424889894362,9276.819905309985,3539.45441495657,1528.9776540769542,1688.188838831591,3828.5687491106473,3520.933619873507,8404.62239220511,26077.942254369347,12298.632995400569,1810.8099476937568,1983.2636962564734,1962.8279485363855,2623.3895377291315,10343.113210677378,5183.408595380714,1815.9550288117453,1771.480736559108,1646.111039862,3770.9508379481986,2430.5523377756476,3205.2821335345125,3059.417083185764,1215.2328537728433,1625.270917587451,1568.820434452444,1653.9924089574563,1283.9528374862095,988.3367622200216,,1362.2952037727441,1490.1081243393792,1502.724414743657,826.3600237722593,1108.883322185983,,40,5.779035899529014e-05,5.4913909666519365e-05,5.3549956315333704e-05,,6.383737582058713e-05,5.65993701650101e-05,5.198876346236583e-05
37E,19,C,Off,No,12:06:00,12:11:00,2.7522222222222223e-05,5.9111111111111115e-06,4.3555555555555555e-06,2.5333333333333334e-06,2.077777777777778e-06,1.4044444444444445e-05,1.6338888888888888e-05,1.3844444444444445e-05,2.5e-06,7.1166666666666666e-06,7.6222222222222225e-06,3.7805555555555554e-05,3.591111111111111e-05,4.5211111111111114e-05,1.767222222222222e-05,1.617777777777778e-05,1.6866666666666666e-05,1.3516666666666667e-05,5.496666666666666e-05,0.0001064,5.365555555555555e-05,5.4194444444444446e-05,4.849444444444444e-05,4.762777777777778e-05,6.576111111111111e-05,9.908888888888888e-05,0.00010224444444444444,0.00011205555555555555,0.00014485555555555555,7.06e-05,6.452777777777777e-05,6.212222222222222e-05,0.00010965555555555556,4.8983333333333336e-05,4.462222222222222e-05,0,6.148888888888889e-05,8.279444444444444e-05,6.274444444444444e-05,3.951666666666667e-05,5.6027777777777775e-05,,0.00014485555555555555,4.629833333333333e-05,,,,,,,STANDARD ERROR,,939.1679927033921,1444.6236726412717,552.6325549049212,403.6308361013215,1391.2637207735781,2527.307438537878,5355.974469554399,2043.5049592595851,882.755660166252,974.6762805423409,2210.4251979100213,2032.8119732327727,4852.411000576777,15056.106980471659,7100.619070558932,1045.4716107522427,1145.037828907687,1133.2392444604031,1514.614655797162,5971.599196443359,2992.642347862876,1048.4421247207158,1022.7648801166375,950.3826519803406,2177.1594813902375,1403.2800464942445,1850.5705026248488,1766.3552765406407,701.6150152538282,938.350601775185,905.7589001413043,954.932962549185,741.290516349447,570.6164957177326,,786.5215026139299,860.3143267089889,867.5983453700733,477.09918217245945,640.2140845639638,,,8.283556693063578e-05,6.573423848162879e-05,7.075004368466632e-05,,8.399595751274621e-05,9.15006298349899e-05,7.401494024133787e-05
37K,20,B,Off,No,12:19:00,12:24:00,3.330555555555555e-05,4.121666666666667e-05,4.196111111111111e-05,2e-05,1.3927777777777778e-05,4.948888888888889e-05,0.00011953333333333333,0.00015396666666666668,3.487222222222222e-05,3.876111111111111e-05,3.867222222222222e-05,8.267777777777778e-05,0.00013504444444444445,0.00036146111111111113,0.0003245,0.00022704444444444444,5.173888888888889e-05,4.575e-05,7.681111111111111e-05,0.00023191666666666668,0.00033131111111111113,0.00036210555555555554,6.667222222222222e-05,6.43e-05,7.492222222222222e-05,0.00012679444444444444,0.00013105,0.0002353611111111111,0.0002541111111111111,7.587222222222223e-05,7.177222222222222e-05,7.219444444444444e-05,0.0001386111111111111,5.4022222222222224e-05,4.9661111111111114e-05,0,7.298333333333334e-05,0.00010924444444444445,8.036666666666666e-05,4.5088888888888886e-05,6.915e-05,,0.00036210555555555554,0.00011437347222222223,,,,,,,% STANDARD ERROR,,0.2524192777378764,0.2855551833645526,0.31000330305062895,0.3186559232378854,0.22926619952324825,0.1993459093341125,0.30218199854556255,0.49296517190244094,0.23322474509015906,0.2570574805825954,0.20821639015731172,0.11123255243312148,0.0809373672660117,0.3880173264845627,0.2615843162767001,0.1743905939536685,0.21573280705413936,0.10183368978227375,0.04323023906259738,0.10430315846999001,0.06346529134035025,0.12454765083401233,0.12169977155124197,0.08200494581054481,0.09586084162575347,0.06542403125993028,0.052227807746848924,0.046422765441548886,0.06534147846402026,0.09960554119756405,0.0762530293369977,0.04395885971532232,0.07829706541732709,0.06831821395830298,,0.06391712286926508,0.04928567571422779,0.06484292566293522,0.06136060818474571,0.05695179260146754,,41,4.8008485729863535e-05,,,,,,5.362535065721182e-05
37K,21,B,Off,No,12:27:00,12:32:00,3.102777777777778e-05,1.5194444444444444e-05,1.8894444444444446e-05,1.0427777777777778e-05,6.605555555555556e-06,3.683888888888889e-05,5.028888888888889e-05,8.392222222222222e-05,2.458888888888889e-05,1.9783333333333334e-05,1.986111111111111e-05,6.366111111111112e-05,0.00011944444444444444,0.00021893888888888888,0.0001750388888888889,0.00010412222222222222,3.286666666666667e-05,2.8616666666666667e-05,5.819444444444444e-05,0.00019409444444444445,0.00021351666666666666,0.00023272222222222222,4.7166666666666663e-05,4.676111111111111e-05,6.183333333333334e-05,0.00012860555555555556,0.00012502222222222223,0.00020177777777777777,0.00019772777777777778,5.993888888888889e-05,5.337777777777778e-05,7.696666666666666e-05,0.0001222888888888889,5.525555555555556e-05,5.073888888888889e-05,0,7.78388888888889e-05,9.395555555555556e-05,7.263888888888889e-05,5.146111111111111e-05,6.222222222222222e-05,,0.00023272222222222222,8.283000000000003e-05,,,,,,,95% LOW,,0,0,0,0,4.5403079358125986e-07,1.0016644955397269e-05,0,0,0,0,6.136335407739882e-06,5.2934130069515066e-05,0.00021707078961769331,0,0,8.31297588296167e-06,2.1142716048716098e-06,3.473336035789011e-05,0.00015843673964502673,0.00017531412217243093,0.0001904258887619225,2.1703075207370888e-05,2.2239126226989495e-05,4.1665759899232936e-05,7.412971899024708e-05,8.561492199964037e-05,0.00015260923218817743,0.0001691594809909942,4.288120697794135e-05,2.990524459571136e-05,4.43380710334739e-05,9.785698219713438e-05,3.4877186526749977e-05,3.276094751255517e-05,,4.9560729486586636e-05,7.640963399354383e-05,5.359291288818097e-05,3.179097529136245e-05,4.714717848585888e-05,,,5.721003278865497e-05,,,,,,7.53968715650104e-05
37K,22,B,Off,No,12:33:00,12:38:00,1.9483333333333334e-05,4.0905555555555554e-05,3.83e-05,1.602222222222222e-05,1.191111111111111e-05,4.800555555555556e-05,0.00011299444444444445,0.00012480555555555555,2.9961111111111112e-05,3.4344444444444445e-05,3.493888888888889e-05,7.535e-05,0.0001175,0.00029257777777777776,0.00018873888888888888,0.00017732222222222223,4.68e-05,4.387777777777778e-05,7.433333333333333e-05,0.00022222222222222223,0.00028961666666666667,0.00033149444444444446,5.633333333333333e-05,5.836111111111111e-05,6.734444444444445e-05,0.00012659444444444444,0.00012923333333333332,0.00023972222222222222,0.0002454166666666667,7.242777777777777e-05,6.544444444444444e-05,6.880555555555556e-05,0.00013758888888888888,5.545e-05,4.69e-05,0,7.576666666666666e-05,0.00010730555555555556,8.023888888888889e-05,4.5405555555555555e-05,7.048888888888889e-05,,0.00033149444444444446,0.00010252125,,,,,,,95% HIGH,,4.31217029959409e-05,6.264008701875217e-05,2.3114691946791907e-05,1.6686056413392518e-05,6.697189513234466e-05,0.0001308500217112694,0.00022650606375458838,7.188075096126294e-05,4.2130542253863236e-05,4.436499278800199e-05,0.00011181922014781568,0.0001501251291897442,0.0004490699511230474,0.0005754949722424234,0.0003205479473737875,5.8298135228149435e-05,5.685980246920247e-05,8.891478779025805e-05,0.00023085214924386215,0.0004608229148646062,0.00033350744457141086,7.183025812596244e-05,7.113865155078828e-05,8.710461047113745e-05,0.00017822213286160476,0.00015270730022258185,0.00024108706410811884,0.00025361088937937617,7.642620042946605e-05,7.476882947836272e-05,8.764341044800759e-05,0.00014351338817323597,7.031910976954632e-05,6.0042756191148536e-05,,8.71651964393393e-05,0.00011754221785830805,9.507375377848569e-05,5.460161730123014e-05,7.775652521784482e-05
37K,23,B,Off,Yes,12:42:00,12:47:00,2.0972222222222223e-05,1.9872222222222224e-05,2.5083333333333334e-05,1.0611111111111111e-05,7.294444444444445e-06,4.717222222222222e-05,6.573888888888889e-05,0.00010901666666666667,3.075555555555556e-05,2.16e-05,2.077777777777778e-05,6.563333333333333e-05,0.00011055555555555555,0.00020693333333333334,0.00024377222222222221,0.0001446,3.346111111111111e-05,2.921111111111111e-05,5.506111111111111e-05,0.00016502222222222222,0.00024453333333333333,0.00030970555555555557,4.311666666666667e-05,4.177777777777778e-05,5.2672222222222225e-05,0.00010043888888888889,0.00010051111111111112,0.00017675555555555556,0.00018485,5.2633333333333336e-05,4.751111111111111e-05,5.6594444444444444e-05,0.00010325,4.1733333333333336e-05,3.705e-05,0,5.5422222222222224e-05,7.867222222222223e-05,5.984444444444444e-05,3.554444444444445e-05,5.141111111111111e-05,,0.00030970555555555557,8.215499999999997e-05,,,,,,Tests 29-31 CNM 37K,AVERAGE,,219.33333333333334,367.5,0,0,525,725.3333333333334,1274.5,241,302,205,780.5,1238.5,1640,2066.3333333333335,1399,289.6666666666667,276.3333333333333,791,2107.3333333333335,2488.3333333333335,3534,510.6666666666667,512,716.3333333333334,1252.6666666666667,1260,2465,2368,634.3333333333334,618.3333333333334,798,1234.6666666666667,600.6666666666666,509.6666666666667,,874.6666666666666,1079.5,896,542,730,,767 - Inflight AFT - 37E - BM Tests 10-12,,,,,,,
37K,24,B,Off,Yes,12:50:00,12:55:00,1.9444444444444445e-05,2.7277777777777777e-05,2.8444444444444444e-05,1.226111111111111e-05,8.444444444444444e-06,3.9255555555555555e-05,8.591111111111111e-05,0.00010127222222222222,2.1855555555555556e-05,2.9077777777777777e-05,2.6461111111111112e-05,5.6927777777777776e-05,9.591111111111111e-05,0.0001767111111111111,0.0001733611111111111,0.00012658333333333334,3.7805555555555554e-05,3.5266666666666666e-05,5.4233333333333335e-05,0.00015021666666666667,0.00019438333333333333,0.00021105555555555556,4.5177777777777775e-05,4.465555555555556e-05,5.465555555555556e-05,9.158888888888889e-05,9.242777777777777e-05,0.00016477222222222222,0.00016197777777777778,5.338888888888889e-05,5.315e-05,5.3488888888888886e-05,9.692222222222222e-05,4.132222222222222e-05,3.6066666666666665e-05,0,5.826111111111111e-05,8.27e-05,6.175555555555556e-05,3.617777777777778e-05,5.468888888888889e-05,,0.00021105555555555556,7.439736111111109e-05,,,,,,,STDEV.P,,157.27753247753546,61.5,0,0,97,228.94880553424068,12.5,170.49535673051824,78.31134443148494,146.2212934789823,56.5,62.5,852.8731832263614,248.163028851779,225.16364419387662,209.77818973594202,195.39760034919112,51,251.0143864845643,171.10685420390251,217.808784640718,65.70810875040884,67.85769423334885,51.49325737954005,61.24450088692771,129.99487169371977,103,32.13513134665341,73.08594636149658,63.52077525415515,214,137.7372700308655,153.31956459920204,92.89898934984289,,260.3924388729869,94.5,94,156.9224861728448,129,,,A,B,D,E,F,K,L
37K,25,B,Off,Yes,12:57:00,13:02:00,0,2.931111111111111e-05,3.256666666666667e-05,1.275e-05,9.455555555555556e-06,4.5355555555555554e-05,7.054444444444444e-05,0.00010539444444444445,2.698888888888889e-05,2.632222222222222e-05,2.585e-05,7.953888888888888e-05,0.00010658333333333334,0.00019734444444444445,0.00018034444444444444,0.00011595,3.9872222222222225e-05,3.5466666666666664e-05,6.782777777777778e-05,0.00016975555555555556,0.00021486666666666667,0.00021453888888888888,5.192222222222222e-05,5.145e-05,6.818888888888889e-05,0.00011415555555555556,0.00010536111111111111,0.0001767611111111111,0.00015582222222222222,6.188888888888889e-05,5.853888888888889e-05,6.43e-05,0.0001069,5.0172222222222225e-05,4.6222222222222224e-05,0,6.43888888888889e-05,8.437777777777778e-05,6.635e-05,4.556111111111111e-05,5.679444444444444e-05,,0.00021486666666666667,8.089458333333335e-05,,,,,,,STANDARD ERROR,,90.80422571338521,43.48706704297267,0,0,68.58935777509511,132.18365450583715,8.838834764831843,98.43554010394598,45.21307578811933,84.4209031513457,39.95153313703993,44.194173824159215,492.40656192035283,143.27699151048748,129.9982905870518,121.11549431415852,112.81285716061241,36.062445840513924,144.92322360733198,98.78858833481317,125.75196044418377,37.93659427498975,39.177658032211276,29.729646009528132,35.35952907345199,75.05257416563998,72.83199846221439,18.55322673343433,42.1961908057886,36.673736692120194,151.32085117392117,79.52264992976437,88.51909189338552,53.63525650857597,,150.33764467826217,66.82159082212874,66.46803743153546,90.59923963379728,91.21677477306463,,34,,,5.519734971870307e-07,,0,,
37K,26,C,Off,No,13:08:00,13:13:00,0,2.4294444444444445e-05,2.4077777777777777e-05,8.838888888888889e-06,5.894444444444445e-06,2.9533333333333334e-05,6.756111111111111e-05,8.462777777777777e-05,1.3005555555555556e-05,1.9844444444444445e-05,1.8433333333333332e-05,4.851111111111111e-05,0.00010242222222222222,0.00027582222222222223,0.00017003333333333334,0.00014116111111111112,2.9594444444444445e-05,2.48e-05,5.358888888888889e-05,0.00017496666666666667,0.00033855555555555554,0.00024773333333333336,4.000555555555555e-05,4.135555555555556e-05,5.237777777777778e-05,9.95388888888889e-05,0.00010511666666666667,0.00019323333333333333,0.0001993888888888889,5.163333333333333e-05,4.582777777777778e-05,5.695e-05,0.00011037222222222222,4.3544444444444445e-05,3.921666666666667e-05,0,6.0916666666666666e-05,8.999444444444444e-05,6.856111111111111e-05,3.875e-05,5.8433333333333335e-05,,0.00033855555555555554,8.246291666666664e-05,,,,,,,% STANDARD ERROR,,0.4140010290883824,0.11833215521897325,,,0.13064639576208592,0.18223849426356226,0.006935139085784105,0.4084462244977012,0.14971217148383886,0.41180928366510094,0.05118710203336314,0.03568362844098443,0.3002479036099712,0.06933876020833399,0.09292229491569107,0.41812023353564504,0.40824918152211975,0.0455909555505865,0.06877090648876873,0.03970070529195439,0.035583463623141985,0.0742883699901888,0.07651886334416265,0.04150253049259395,0.0282274047951985,0.05956553505209523,0.029546449680411514,0.007834977505673281,0.06652053201122743,0.05931062537809195,0.18962512678436236,0.06440819378760612,0.14736807751396036,0.10523595129216999,,0.1718799291291107,0.0619005009931716,0.07418307749055297,0.16715726869704295,0.12495448599049949,,,,,2.762841317627784e-06,,2.4105868388477023e-06,,
37K,27,C,Off,No,13:15:00,13:20:00,0,8.244444444444444e-06,1.3455555555555555e-05,3.988888888888889e-06,2.9555555555555557e-06,1.981111111111111e-05,4.218888888888889e-05,4.341666666666667e-05,5.577777777777777e-06,1.1266666666666667e-05,1.1122222222222223e-05,3.9788888888888886e-05,7.713888888888889e-05,0.0003901944444444444,6.533888888888889e-05,7.236111111111111e-05,2.3266666666666665e-05,1.8961111111111113e-05,5.465e-05,0.00019917222222222221,0.00023972222222222222,0.0002360388888888889,3.926666666666667e-05,3.822222222222222e-05,6.622777777777777e-05,0.00015072777777777778,0.00013738888888888888,0.0002202388888888889,0.00023542222222222223,5.917777777777778e-05,4.607777777777778e-05,7.776666666666667e-05,0.0001326888888888889,6.097777777777778e-05,5.254444444444445e-05,0,7.874444444444444e-05,0.00010860555555555556,8.61388888888889e-05,4.9516666666666666e-05,7.115555555555556e-05,,0.0003901944444444444,8.223875e-05,,,,,,,95% LOW,,0,1.0020841695227144e-06,0,0,1.276999963854254e-06,8.697059333039787e-07,6.869258300038492e-06,0,5.969340826873472e-07,0,3.3810475161739843e-06,5.824069277970238e-06,0,8.054513549242812e-06,4.664540864466201e-06,0,0,3.532351641934826e-06,8.242937234172133e-06,1.1462477987381292e-05,1.6627162856714874e-05,1.9301416750076987e-06,1.9078807638188604e-06,3.2689259253018547e-06,6.113970072575572e-06,5.205826518695839e-06,1.1953355058983842e-05,1.2712030363144624e-05,2.5153506905334725e-06,2.55847913526189e-06,8.159243188812065e-07,4.958226133438282e-06,1.2209389680523817e-06,1.5493008772792458e-06,,1.265354342311692e-06,4.399814970513222e-06,3.3888224162894604e-06,8.452859547542797e-07,1.8749678786194606e-06,,35,0,0,1.7168250630061607e-06,2.2021483324337296e-06,8.86346419643646e-07,,0
37K,28,C,Off,No,13:24:00,13:29:00,0,2.9472222222222223e-05,4.6783333333333337e-05,1.6883333333333335e-05,1.226111111111111e-05,5.179444444444444e-05,0.00010155,0.0001673611111111111,5.050555555555556e-05,3.197222222222222e-05,3.363888888888889e-05,8.863333333333334e-05,0.00012502777777777778,0.00033319444444444444,0.0004113388888888889,0.00023888888888888888,4.7055555555555555e-05,4.47e-05,7.723333333333333e-05,0.00020979444444444445,0.00037592777777777775,0.0003021277777777778,6.102777777777778e-05,6.048888888888889e-05,7.455e-05,0.0001282611111111111,0.00011497777777777778,0.00017707222222222222,0.00019934444444444444,6.815e-05,6.510555555555556e-05,6.325555555555556e-05,0.00011899444444444444,5.327222222222222e-05,4.7444444444444445e-05,0,6.542777777777778e-05,9.232777777777778e-05,6.83e-05,4.132222222222222e-05,5.7766666666666664e-05,,0.0004113388888888889,0.00010883083333333337,,,,,,,95% HIGH,,3.3892439809890545e-06,3.0812491638106185e-06,0,0,4.5563333694790794e-06,7.189553325955282e-06,7.291852811072619e-06,3.6920451614848868e-06,2.7586214728682085e-06,3.1570174792235582e-06,5.291174706048238e-06,7.937041833140873e-06,2.088236353301821e-05,1.490474571001645e-05,1.0879903579978244e-05,4.504592437224949e-06,4.232039209419158e-06,5.256537246954063e-06,1.5171877580642683e-05,1.618567016076686e-05,2.2639503809951794e-05,3.7439323990663754e-06,3.781008125070029e-06,4.690333333957405e-06,7.804548445942949e-06,8.79417348130416e-06,1.543553382990505e-05,1.3599080747966488e-05,4.532797457614676e-06,4.311891235108481e-06,8.050742347785459e-06,8.760292385080239e-06,5.453135106021692e-06,4.113662085683717e-06,,8.453164176206826e-06,7.594629473931222e-06,6.566733139266096e-06,5.176936267467942e-06,6.2361432324916505e-06,,,0,0,1.0772063825882728e-05,5.483036852751455e-06,3.395135061837835e-06,,0
37K,29,C,Off,Yes,13:32:00,13:37:00,0,1.65e-06,2.3833333333333335e-06,0,0,3.4555555555555556e-06,4.777777777777777e-06,7.011111111111111e-06,2.0444444444444443e-06,2.2611111111111112e-06,1.8388888888888889e-06,4.022222222222222e-06,7.227777777777778e-06,1.2711111111111112e-05,1.2783333333333333e-05,9.194444444444445e-06,2.7222222222222224e-06,2.3055555555555556e-06,4.6777777777777775e-06,1.2438888888888888e-05,1.505e-05,2.0716666666666668e-05,3.127777777777778e-06,2.988888888888889e-06,4.361111111111111e-06,7.372222222222222e-06,7.977777777777777e-06,1.3122222222222222e-05,1.3061111111111112e-05,4.016666666666667e-06,3.7944444444444444e-06,5.622222222222222e-06,7.877777777777778e-06,4.461111111111111e-06,3.561111111111111e-06,0,6.894444444444444e-06,6.522222222222222e-06,5.5e-06,4.238888888888889e-06,4.772222222222222e-06,,2.0716666666666668e-05,5.963611111111111e-06,,,,,,,,,,,,,,,,,,,,,,,,,,,,,,,,,,,,,,,,,,,,,,,,,,36,7.338372384801159e-07,7.593010378608571e-07,2.10382842908135e-05,7.068468916738831e-06,3.3379505764123783e-06,7.608002903244703e-07,1.28631799139504e-06
37K,30,C,Off,Yes,13:39:00,13:44:00,0,2.0055555555555555e-06,1.7e-06,0,0,2.377777777777778e-06,5.072222222222222e-06,7.15e-06,1.9722222222222224e-06,1.5555555555555556e-06,1.5777777777777778e-06,4.65e-06,6.533333333333333e-06,1.2205555555555555e-05,1.2083333333333333e-05,7.972222222222223e-06,2.1055555555555554e-06,2.3e-06,4.111111111111111e-06,1.2927777777777777e-05,1.3688888888888888e-05,2.0238888888888888e-05,3.0611111111111112e-06,3.2166666666666666e-06,3.9055555555555555e-06,6.966666666666666e-06,6.255555555555556e-06,1.4266666666666667e-05,1.3405555555555555e-05,3.5333333333333335e-06,3.5555555555555555e-06,3.2444444444444446e-06,6.666666666666667e-06,3.15e-06,2.45e-06,0,4.022222222222222e-06,5.472222222222222e-06,4.455555555555555e-06,2.4944444444444446e-06,3.338888888888889e-06,,2.0238888888888888e-05,5.3922222222222235e-06,,,,,,,,,,,,,,,,,,,,,,,,,,,,,,,,,,,,,,,,,,,,,,,,,,,3.877273872630995e-06,4.085143406583587e-06,3.14617157091865e-05,1.0716716268446356e-05,9.225012386550587e-06,4.9243848948607145e-06,4.465533860456812e-06
37K,31,C,Off,Yes,13:46:00,13:51:00,0,0,0,0,0,0,2.238888888888889e-06,0,0,1.2166666666666667e-06,0,0,0,2.4166666666666667e-06,9.572222222222222e-06,6.15e-06,0,0,0,9.755555555555556e-06,1.2733333333333334e-05,1.7944444444444443e-05,2.3222222222222224e-06,2.327777777777778e-06,3.672222222222222e-06,6.538888888888889e-06,6.7666666666666665e-06,0,1.3e-05,3.022222222222222e-06,2.9555555555555557e-06,0,6.033333333333334e-06,2.4e-06,2.4833333333333334e-06,0,3.661111111111111e-06,0,0,2.3e-06,0,,1.7944444444444443e-05,2.9877777777777776e-06,,,,,,,,,,,,,,,,,,,,,,,,,,,,,,,,,,,,,,,,,,,,,,,,,,37,4.688821902725644e-06,2.9311620470869395e-06,4.2258420020242844e-05,1,3.246632286758931e-05,2.889410908837257e-06,4.199315455887357e-06
,,,,,,,,,,,,,,,,,,,,,,,,,,,,,,,,,,,,,,,,,,,,,,,,,,,,,,,,,,,,,,,,,,,,,,,,,,,,,,,,,,,,,,,,,,,,,,,,,,,,,1.042599291208917e-05,7.713282397357505e-06,5.706009849827567e-05,,4.4511454910188466e-05,1.0317996498570151e-05,1.0559943803371902e-05
,,,,,,,,,,,,,,,,,,,,,,,,,,,,,,,,,,,,,,,,,,,,,,,,,0.0004113388888888889,4.1121572580645164e-05,,,,,,,,,,,,,,,,,,,,,,,,,,,,,,,,,,,,,,,,,,,,,,,,,,38,1.780356139765167e-05,1.531859003882977e-05,6.329594298877013e-05,6.293169226649086e-05,4.787695097658715e-05,2.4600984149508844e-05,2.4172692187564507e-05
,,,,,,,,,,,,,,,,,,,,,,,,,,,,,,,,,,,,,,,,,,,,,,,,,,,,,,,,,,,,,,,,,,,,,,,,,,,,,,,,,,,,,,,,,,,,,,,,,,,,,4.351866082457056e-05,5.7496224775985036e-05,9.750405701122988e-05,6.859052995573136e-05,7.814156754193135e-05,5.122494177641708e-05,4.465323373836141e-05
,,,,,,,,,,,,,,,,,,,,,,,,,,,,,,,,,,,,,,,,,,,,,,,,,,,,,,,,,,,,,,,,,,,,,,,,,,,,,,,,,,,,,,,,,,,,,,,,,,,,39,8.637000304267301e-05,,6.383578016782283e-05,6.519002794892446e-05,,,7.04394536503332e-05
,,,,,,,,,,,,,,,,,,,,,,,,,,,,,,,,,,,,,,,,,,,,,,,,,,,,,,,,,,,,,,,,,,,,,,,,,,,,,,,,,,,,,,,,,,,,,,,,,,,,,0.00010994481177214179,,0.00010216051612847347,6.970256464366814e-05,,,8.278276857188901e-05
,,,,,,,,,,,,,,,,,,,,,,,,,,,,,,,,,,,,,,,,,,,,,,,,,,,,,,,,,,,,,,,,,,,,,,,,,,,,,,,,,,,,,,,,,,,,,,,,,,,,40,5.140677462074494e-05,4.3856135729759146e-05,4.5651790556893813e-05,,5.68920400310045e-05,5.6092962172639446e-05,4.848103968191452e-05
,,,,,,,,,,,,,,,,,,,,,,,,,,,,,,,,,,,,,,,,,,,,,,,,,,,,,,,,,,,,,,,,,,,,,,,,,,,,,,,,,,,,,,,,,,,,,,,,,,,,,5.590804019406988e-05,5.212904945542603e-05,5.178895018384692e-05,,6.694499700603254e-05,6.768851930884206e-05,5.440414550327066e-05
,,,,,,,,,,,,,,,,,,,,,,,,,,,,,,,,,,,,,,,,,,,,,,,,,,,,,,,,,,,,,,,,,,,,,,,,,,,,,,,,,,,,,,,,,,,,,,,,,,,,41,4.240717771909904e-05,,,,,,4.7476347165350806e-05
,,,,,,,,,,,,,,,,,,,,,,,,,,,,,,,,,,,,,,,,,,,,,,,,,,,,,,,,,,,,,,,,,,,,,,,,,,,,,,,,,,,,,,,,,,,,,,,,,,,,,4.3478007466086146e-05,,,,,,5.5001430612426966e-05

,,,,,,,,,,,,,,,,,,,,,,,,,,,,,,,,,,,,,,,,,,,,,,,,,,,,,,,,,,,,,,,,,,,,,,,,,,,,,,,,,,,,,,,,,,,,,,,,,,,,"767 - Inflight AFT - 37E - CNM Tests 13-15,19",,,,,,,
,,,,,,,,,,,,,,,,,,,,,,,,,,,,,,,,,,,,,,,,,,,,,,,,,,,,,,,,,,,,,,,,,,,,,,,,,,,,,,,,,,,,,,,,,,,,,,,,,,,,,A,B,D,E,F,K,L
,,,,,,,,,,,,,,,,,,,,,,,,,,,,,,,,,,,,,,,,,,,,,,,,,,,,,,,,,,,,,,,,,,,,,,,,,,,,,,,,,,,,,,,,,,,,,,,,,,,,34,,,1.2836105921075268e-06,,4.121141021080691e-07,,
,,,,,,,,,,,,,,,,,,,,,,,,,,,,,,,,,,,,,,,,,,,,,,,,,,,,,,,,,,,,,,,,,,,,,,,,,,,,,,,,,,,,,,,,,,,,,,,,,,,,,,,6.6941671856702505e-06,,4.910108120114153e-06,,
,,,,,,,,,,,,,,,,,,,,,,,,,,,,,,,,,,,,,,,,,,,,,,,,,,,,,,,,,,,,,,,,,,,,,,,,,,,,,,,,,,,,,,,,,,,,,,,,,,,,35,7.444577235714062e-07,0,7.091555458257306e-06,3.140483320273809e-06,2.367413633568886e-06,,0
,,,,,,,,,,,,,,,,,,,,,,,,,,,,,,,,,,,,,,,,,,,,,,,,,,,,,,,,,,,,,,,,,,,,,,,,,,,,,,,,,,,,,,,,,,,,,,,,,,,,,2.752764498650816e-06,2.455157965096084e-06,1.5586222319520472e-05,1.807340556861508e-05,1.5110364144208892e-05,,3.142931247062996e-06
,,,,,,,,,,,,,,,,,,,,,,,,,,,,,,,,,,,,,,,,,,,,,,,,,,,,,,,,,,,,,,,,,,,,,,,,,,,,,,,,,,,,,,,,,,,,,,,,,,,,36,2.2995915210308646e-06,1.7125002346960933e-06,2.5043640677365544e-05,1.2544700798834818e-05,7.752197905837581e-06,2.7217767206681177e-06,2.3680220835874662e-06
,,,,,,,,,,,,,,,,,,,,,,,,,,,,,,,,,,,,,,,,,,,,,,,,,,,,,,,,,,,,,,,,,,,,,,,,,,,,,,,,,,,,,,,,,,,,,,,,,,,,,7.717075145635802e-06,8.262499765303907e-06,3.9742470433745575e-05,3.909418809005407e-05,5.04255798719402e-05,2.0342112168220773e-05,1.7701422360856977e-05
,,,,,,,,,,,,,,,,,,,,,,,,,,,,,,,,,,,,,,,,,,,,,,,,,,,,,,,,,,,,,,,,,,,,,,,,,,,,,,,,,,,,,,,,,,,,,,,,,,,,37,1.1759675538687195e-05,6.4891756535065995e-06,4.145705250463432e-05,1,6.058326827552175e-05,6.291211804596263e-06,1.2696159431135257e-05
,,,,,,,,,,,,,,,,,,,,,,,,,,,,,,,,,,,,,,,,,,,,,,,,,,,,,,,,,,,,,,,,,,,,,,,,,,,,,,,,,,,,,,,,,,,,,,,,,,,,,1.9554213350201695e-05,1.502193545760451e-05,5.97901697175879e-05,,0.00011264450950225603,6.098378819540373e-05,6.295384056886474e-05
,,,,,,,,,,,,,,,,,,,,,,,,,,,,,,,,,,,,,,,,,,,,,,,,,,,,,,,,,,,,,,,,,,,,,,,,,,,,,,,,,,,,,,,,,,,,,,,,,,,,38,4.0627215733968195e-05,3.692020436193987e-05,5.009561136292424e-05,7.646683278641765e-05,8.018090378534209e-05,6.60381928979129e-05,7.950350255736641e-05
,,,,,,,,,,,,,,,,,,,,,,,,,,,,,,,,,,,,,,,,,,,,,,,,,,,,,,,,,,,,,,,,,,,,,,,,,,,,,,,,,,,,,,,,,,,,,,,,,,,,,5.367278426603181e-05,5.109090674917124e-05,7.640161085929799e-05,0.00010370816721358235,0.00010578020732576903,0.00012089236265764265,0.0001575826085537447
,,,,,,,,,,,,,,,,,,,,,,,,,,,,,,,,,,,,,,,,,,,,,,,,,,,,,,,,,,,,,,,,,,,,,,,,,,,,,,,,,,,,,,,,,,,,,,,,,,,,39,5.310796217748562e-05,,4.776329989383173e-05,5.904929722066402e-05,,,7.862522860238291e-05
,,,,,,,,,,,,,,,,,,,,,,,,,,,,,,,,,,,,,,,,,,,,,,,,,,,,,,,,,,,,,,,,,,,,,,,,,,,,,,,,,,,,,,,,,,,,,,,,,,,,,8.011148226695882e-05,,7.197558899505716e-05,6.606736944600264e-05,,,0.00011725254917539485
,,,,,,,,,,,,,,,,,,,,,,,,,,,,,,,,,,,,,,,,,,,,,,,,,,,,,,,,,,,,,,,,,,,,,,,,,,,,,,,,,,,,,,,,,,,,,,,,,,,,40,4.587876687325605e-05,4.394796214021181e-05,3.912542079867503e-05,,5.711673322611306e-05,5.831066513492095e-05,4.6194901788050936e-05
,,,,,,,,,,,,,,,,,,,,,,,,,,,,,,,,,,,,,,,,,,,,,,,,,,,,,,,,,,,,,,,,,,,,,,,,,,,,,,,,,,,,,,,,,,,,,,,,,,,,,5.1821233126743954e-05,4.5235371193121524e-05,4.6911616238362e-05,,7.074993344055361e-05,9.552822375396795e-05,7.030232043417128e-05
,,,,,,,,,,,,,,,,,,,,,,,,,,,,,,,,,,,,,,,,,,,,,,,,,,,,,,,,,,,,,,,,,,,,,,,,,,,,,,,,,,,,,,,,,,,,,,,,,,,,41,3.8902804797106624e-05,,,,,,4.5652198837469895e-05
,,,,,,,,,,,,,,,,,,,,,,,,,,,,,,,,,,,,,,,,,,,,,,,,,,,,,,,,,,,,,,,,,,,,,,,,,,,,,,,,,,,,,,,,,,,,,,,,,,,,,4.1644417425115594e-05,,,,,,6.382835671808567e-05

,,,,,,,,,,,,,,,,,,,,,,,,,,,,,,,,,,,,,,,,,,,,,,,,,,,,,,,,,,,,,,,,,,,,,,,,,,,,,,,,,,,,,,,,,,,,,,,,,,,,767 - Inflight AFT - 37E - CM Tests 16-18,,,,,,,
,,,,,,,,,,,,,,,,,,,,,,,,,,,,,,,,,,,,,,,,,,,,,,,,,,,,,,,,,,,,,,,,,,,,,,,,,,,,,,,,,,,,,,,,,,,,,,,,,,,,,A,B,D,E,F,K,L
,,,,,,,,,,,,,,,,,,,,,,,,,,,,,,,,,,,,,,,,,,,,,,,,,,,,,,,,,,,,,,,,,,,,,,,,,,,,,,,,,,,,,,,,,,,,,,,,,,,,34,,,0,,0,,
,,,,,,,,,,,,,,,,,,,,,,,,,,,,,,,,,,,,,,,,,,,,,,,,,,,,,,,,,,,,,,,,,,,,,,,,,,,,,,,,,,,,,,,,,,,,,,,,,,,,,,,0,,0,,
,,,,,,,,,,,,,,,,,,,,,,,,,,,,,,,,,,,,,,,,,,,,,,,,,,,,,,,,,,,,,,,,,,,,,,,,,,,,,,,,,,,,,,,,,,,,,,,,,,,,35,0,0,0,0,0,,0
,,,,,,,,,,,,,,,,,,,,,,,,,,,,,,,,,,,,,,,,,,,,,,,,,,,,,,,,,,,,,,,,,,,,,,,,,,,,,,,,,,,,,,,,,,,,,,,,,,,,,0,0,2.4823616332526032e-06,0,0,,0
,,,,,,,,,,,,,,,,,,,,,,,,,,,,,,,,,,,,,,,,,,,,,,,,,,,,,,,,,,,,,,,,,,,,,,,,,,,,,,,,,,,,,,,,,,,,,,,,,,,,36,0,0,1.2123869325407544e-08,0,0,0,0
,,,,,,,,,,,,,,,,,,,,,,,,,,,,,,,,,,,,,,,,,,,,,,,,,,,,,,,,,,,,,,,,,,,,,,,,,,,,,,,,,,,,,,,,,,,,,,,,,,,,,0,0,5.328616871415333e-06,2.7410727928774646e-06,2.6745983927300775e-06,0,0
,,,,,,,,,,,,,,,,,,,,,,,,,,,,,,,,,,,,,,,,,,,,,,,,,,,,,,,,,,,,,,,,,,,,,,,,,,,,,,,,,,,,,,,,,,,,,,,,,,,,37,0,0,3.4250727868633224e-06,1,2.4661542190355333e-06,0,0
,,,,,,,,,,,,,,,,,,,,,,,,,,,,,,,,,,,,,,,,,,,,,,,,,,,,,,,,,,,,,,,,,,,,,,,,,,,,,,,,,,,,,,,,,,,,,,,,,,,,,2.5873592651565367e-06,1.7969957951155207e-06,9.91566795387742e-06,,4.830142077260762e-06,2.5826590729799807e-06,0
,,,,,,,,,,,,,,,,,,,,,,,,,,,,,,,,,,,,,,,,,,,,,,,,,,,,,,,,,,,,,,,,,,,,,,,,,,,,,,,,,,,,,,,,,,,,,,,,,,,,38,2.587638701728998e-06,2.6459883623829255e-06,7.380303329437174e-06,3.433327221738414e-06,2.169076916541646e-06,0,0
,,,,,,,,,,,,,,,,,,,,,,,,,,,,,,,,,,,,,,,,,,,,,,,,,,,,,,,,,,,,,,,,,,,,,,,,,,,,,,,,,,,,,,,,,,,,,,,,,,,,,5.5271761130858166e-06,6.679937563543001e-06,1.4715992966859125e-05,1.3733339444928253e-05,1.4493886046421317e-05,1.0613290738922671e-05,1.05208190622535e-05
,,,,,,,,,,,,,,,,,,,,,,,,,,,,,,,,,,,,,,,,,,,,,,,,,,,,,,,,,,,,,,,,,,,,,,,,,,,,,,,,,,,,,,,,,,,,,,,,,,,,39,1.036167006326906e-05,,6.09413252245668e-06,7.3635229094875885e-06,,,4.349433541988701e-06
,,,,,,,,,,,,,,,,,,,,,,,,,,,,,,,,,,,,,,,,,,,,,,,,,,,,,,,,,,,,,,,,,,,,,,,,,,,,,,,,,,,,,,,,,,,,,,,,,,,,,1.458647808487909e-05,,1.3661423033098875e-05,1.1392032646067966e-05,,,1.5546862754307594e-05
,,,,,,,,,,,,,,,,,,,,,,,,,,,,,,,,,,,,,,,,,,,,,,,,,,,,,,,,,,,,,,,,,,,,,,,,,,,,,,,,,,,,,,,,,,,,,,,,,,,,40,5.979112209255025e-06,5.372701301499976e-06,6.099966763700286e-06,,5.836584652703559e-06,5.786730411891587e-06,3.903987451444332e-06
,,,,,,,,,,,,,,,,,,,,,,,,,,,,,,,,,,,,,,,,,,,,,,,,,,,,,,,,,,,,,,,,,,,,,,,,,,,,,,,,,,,,,,,,,,,,,,,,,,,,,8.998665568522753e-06,8.797669068870393e-06,7.688922125188604e-06,,1.0193044976926072e-05,1.0142899217738042e-05,9.399716252259371e-06
,,,,,,,,,,,,,,,,,,,,,,,,,,,,,,,,,,,,,,,,,,,,,,,,,,,,,,,,,,,,,,,,,,,,,,,,,,,,,,,,,,,,,,,,,,,,,,,,,,,,41,5.911241933487868e-06,,,,,,5.6781732187626e-06
,,,,,,,,,,,,,,,,,,,,,,,,,,,,,,,,,,,,,,,,,,,,,,,,,,,,,,,,,,,,,,,,,,,,,,,,,,,,,,,,,,,,,,,,,,,,,,,,,,,,,7.299869177623244e-06,,,,,,7.614419373829992e-06

