777,,,,,,,,,,,,,,,,,,,,,,,,,,,,
AFT,,,,,,,,,,,,,,,,,,,,,,,,,,,,,,,,,,,,,,,,,,,,,,,,,,,,       # Released Particles,,180000000
Release Location,Test,Breathing/Cough,Gaspers,Mask,Start Time,End Time,S769 45A,S756 45C,S751 45D,S757 45E,S806 45F,S359 45G,S768 45J,S754 45L,S711 46A,S755 46B,S733 46C,S760 46D,S725 46E,S763 46F,S776 46G,S743 46J,S708 46K,S784 46L,S737 47A,S799 47C,S798 47D,S717 47E,S800 47F,S794 47G,S771 47J,S752 47L,S237 48A,S234 48B,S236 48C,S258 48D,S247 48E,S229 48F,S243 48G,S248 48J,S722 48K,S759 48L,S250 49A,S238 49C,S230 49E,S242 49F,S240 49J,S249 49L,,,,,,,,,,S769 45A,S756 45C,S751 45D,S757 45E,S806 45F,S359 45G,S768 45J,S754 45L,S711 46A,S755 46B,S733 46C,S760 46D,S725 46E,S763 46F,S776 46G,S743 46J,S708 46K,S784 46L,S737 47A,S799 47C,S798 47D,S717 47E,S800 47F,S794 47G,S771 47J,S752 47L,S237 48A,S234 48B,S236 48C,S258 48D,S247 48E,S229 48F,S243 48G,S248 48J,S722 48K,S759 48L,S250 49A,S238 49C,S230 49E,S242 49F,S240 49J,S249 49L,,,777 - Inflight - AFT - 47B - BNM - Tests 1-3,,,,,,,,,,
,,,,,,,45A,45C,45D,45E,45F,45G,45J,45L,46A,46B,46C,46D,46E,46F,46G,46J,46K,46L,47A,47C,47D,47E,47F,47G,47J,47L,48A,48B,48C,48D,48E,48F,48G,48J,48K,48L,49A,49C,49E,49F,49J,49L,,,,,,,TEST,,,45A,45C,45D,45E,45F,45G,45J,45L,46A,46B,46C,46D,46E,46F,46G,46J,46K,46L,47A,47C,47D,47E,47F,47G,47J,47L,48A,48B,48C,48D,48E,48F,48G,48J,48K,48L,49A,49C,49E,49F,49J,49L,,,,A,B,C,D,E,F,G,J ,K,L
47B,1,B,Off,No,10:02:00,10:06:00,2047,648,244,338,0,0,840,1324,3795,3655,1004,351,474,392,260,1433,4306,3805,22580,41931,7091,7599,5997,1233,4154,9858,24208,22058,29822,25668,44926,16635,14423,11618,12737,15611,21295,27641,29346,14269,13783,15084,,,,,,,1-3,47B BNM,AVERAGE,1528,588,155,200.33333333333334,0,0,731,1304,3225,3456,1578.6666666666667,328.3333333333333,485.3333333333333,325.3333333333333,190.33333333333334,1302,4199.333333333333,3990.3333333333335,38722.666666666664,48642.666666666664,5582.333333333333,5548,3890.3333333333335,1273,4296,8870.666666666666,23664.333333333332,21353.333333333332,25202.666666666668,20439.666666666668,35383.666666666664,18941.333333333332,15440.333333333334,11831.333333333334,11843.666666666666,14716.333333333334,20478,26625.333333333332,28658.333333333332,17294.666666666668,17686,15654.666666666666,,,45,2.947232542359929e-06,,1.3923193359514858e-06,0,0,0,0,1.877061417444065e-07,,3.1941004884248486e-06,,,,,,,,,,,,,,,,,,,,,,,,,,,,,,,,,,,,,,,,,,,,,,,,,,,,,,,,,,,,,,,,,,,,,,,,,,,,,,,,,,,,,,,,,,,,,,,,,,,,,,,,,,,,,,,,,,,,,,,,,,,,,,,,,,,,,,,,,,,,,,,,,,,,,,,,,,,,,,,,,,,,,
47B,2,B,Off,No,10:09:00,10:13:00,1468,400,221,263,0,0,1007,1653,2550,2203,1080,382,626,348,311,1354,4661,4709,21107,30353,4320,5803,3096,788,5537,9921,19908,19833,17769,17127,23970,22202,20801,14294,12403,15731,17697,23506,27714,16381,20653,17512,,,,,,,,,STDEV.P,401.5146323610137,135.80378001611984,110.00303026129174,144.9283347804087,0,0,280.6433086083947,293.4632288152413,513.663313854513,952.2825211039001,759.5952138401669,55.4396568852618,110.51797239463916,65.67258856546533,136.18696299164944,133.35916416454728,427.206689502348,527.6598230762779,23878.31979478921,18299.59056615445,1144.587358929943,1787.8536479999325,1504.5739891706519,413.2997298168324,960.5633763578538,1441.0774518471317,2870.937167933534,1075.9926682938979,5307.796550568062,3740.722241611757,8656.977930484107,2370.785570696393,4026.4235025916264,1929.5715125960535,1036.201181667387,1350.9910765393267,2021.4471713766518,2249.980197443722,690.5381154497476,2915.921390496588,2881.700539611984,1345.4687741535372,,,,1.403054523541785e-05,,5.141013997381847e-06,2.3793596172746326e-06,3.1132462938718004e-06,0,0,7.934516080477817e-06,,1.1294788400464041e-05
47B,3,B,Off,No,10:14:00,10:18:00,1069,716,0,0,0,0,346,935,3330,4510,2652,252,356,236,0,1119,3631,3457,72481,73644,5336,3242,2578,1798,3197,6833,26877,22169,28017,18524,37255,17987,11097,9582,10391,12807,22442,28729,28915,21234,18622,14368,,,,,,,,,STANDARD ERROR,231.8145810772049,78.40634894927551,63.51027913303134,83.67441309867317,0,0,162.0294897713239,169.4310741537363,296.56365252673834,549.8005699039122,438.55250118577175,32.00810082648639,63.80758111233655,37.91608668665095,78.6275797433464,76.99494932930487,246.64789718378952,304.6445408936394,13786.154361317522,10565.273539429209,660.8278197892455,1032.2177849444156,868.666197663385,238.61871026574778,554.5815239139027,832.0064547470415,1657.5363467329278,621.2246566855457,3064.457767274238,2159.706993158168,4998.108538533648,1368.773687432443,2324.6566930927115,1114.038632217965,598.2510311702741,779.9950617127627,1167.0830685469175,1299.0266726654602,398.68236684060867,1683.5079997389932,1663.7505822688688,776.8067589437806,,,46,1.082714779543025e-05,6.056711931685921e-06,0,1.0589026415386798e-06,1.1709406211497175e-06,9.010022906704127e-07,1.0574074074074075e-06,5.3927262946444506e-06,1.7433374620841595e-05,1.4885821521488907e-05
47B,4,B,Off,Yes,10:24:00,10:28:00,714,342,0,0,0,0,303,765,871,1175,936,0,279,0,0,425,1794,1564,7227,7997,1589,2478,1816,1302,2301,3529,10704,11556,12303,10803,18878,23028,17147,7115,9038,9737,11988,16620,20966,15790,18422,12040,,,,,,,,,% STANDARD ERROR,0.15171111327042205,0.13334413086611482,0.4097437363421377,0.41767593892848504,#DIV/0!,#DIV/0!,0.22165456877062095,0.12993180533261986,0.09195772171371731,0.15908581305090053,0.2777993039605818,0.09748660150198901,0.13147166437981433,0.11654534842208285,,0.059135905782876245,0.05873501282357268,0.076345637179928,0.3560228555536169,0.2172017749731897,0.11837842356050257,0.1860522323259581,0.22328837228944862,0.18744596250255127,0.1290925334995118,0.09379300181275833,0.07004365275729697,0.02909263144015981,0.12159260001352652,0.10566253493166072,0.1412546807434781,0.07226385087810308,0.15055741627508332,0.09416002413517481,0.050512315823107216,0.05300199744361793,0.05699204358564887,0.048789123366172325,0.013911568485278582,0.09734261042357913,0.09407161496488006,0.04962141804001664,,,,2.5006185537903086e-05,3.2343288068314074e-05,1.925421155149468e-05,2.589245506609468e-06,4.2216519714428755e-06,2.713812524144402e-06,1.0574074074074075e-06,9.073940372022216e-06,2.9225884638417664e-05,2.945121551554813e-05
47B,5,B,Off,Yes,10:29:00,10:33:00,626,311,0,0,0,0,348,856,697,1052,729,0,229,207,0,375,1694,1704,6735,8994,1253,1309,1713,2430,1758,3470,10486,8790,10072,10190,18034,19388,20558,10389,9183,18928,14135,16941,21974,11674,19225,13286,,,,,,,,,95% LOW,2.947232542359929e-06,1.3923193359514858e-06,0,0,0,0,1.877061417444065e-07,3.1941004884248486e-06,1.082714779543025e-05,6.056711931685921e-06,0,1.0589026415386798e-06,1.1709406211497175e-06,9.010022906704127e-07,1.0574074074074075e-06,5.3927262946444506e-06,1.7433374620841595e-05,1.4885821521488907e-05,0,1.7668303480571003e-05,1.5215506804334498e-05,6.146482618800997e-06,8.470149154877128e-07,1.3679093873693745e-06,1.0609087236658203e-05,2.939190495494526e-05,9.184419129634191e-05,0.00010377890908675238,6.675724941158679e-05,6.192470819503927e-05,7.709336458531321e-05,7.250833420173072e-05,3.020741990530776e-05,3.909791721610795e-05,5.149662488633876e-05,6.311119212657398e-05,8.586689753357007e-05,0.00011686456422696587,0.00014968223949343438,5.583628746549878e-05,5.8482673580539205e-05,6.840037323850877e-05,,,47,0,1,1.7668303480571003e-05,1.5215506804334498e-05,6.146482618800997e-06,8.470149154877128e-07,1.3679093873693745e-06,1.0609087236658203e-05,,2.939190495494526e-05
47B,6,B,Off,Yes,10:35:00,10:39:00,790,610,0,0,0,0,842,1921,2139,2890,2058,386,968,622,395,1265,4187,3637,11740,49887,5797,7226,5456,3782,6270,5906,19036,16552,18624,14897,24601,21757,14620,9711,8441,9573,14169,18537,19918,16302,18293,14998,,,,,,,,,95% HIGH,1.403054523541785e-05,5.141013997381847e-06,2.3793596172746326e-06,3.1132462938718004e-06,0,0,7.934516080477817e-06,1.1294788400464041e-05,2.5006185537903086e-05,3.2343288068314074e-05,1.925421155149468e-05,2.589245506609468e-06,4.2216519714428755e-06,2.713812524144402e-06,1.0574074074074075e-06,9.073940372022216e-06,2.9225884638417664e-05,2.945121551554813e-05,0.0005446916049078665,0.000522805770593503,4.681041912159143e-05,5.549796182564345e-05,4.237891101043821e-05,1.277653505707507e-05,3.712424609667513e-05,6.917105800801769e-05,0.00017109284574069514,0.00013348035017250685,0.00021327238021804284,0.00016518269921236815,0.0003160584872665386,0.00013795092505752854,0.0001413518393539515,9.236134204315132e-05,8.009967140995753e-05,0.00010040362268824083,0.00014166643579976326,0.00017897247281007116,0.0001687436864324915,0.0001363266754974642,0.00013802843753057189,0.00010554036750223196,,,,0.0005446916049078665,,0.000522805770593503,4.681041912159143e-05,5.549796182564345e-05,4.237891101043821e-05,1.277653505707507e-05,3.712424609667513e-05,,6.917105800801769e-05
47E,7,B,Off,No,11:01:00,11:05:00,1049,1686,0,404,0,0,589,955,4589,6408,14773,1980,5252,3192,1150,1338,2946,2633,8915,18878,93363,14021,14706,5037,3556,4675,11694,10548,27659,21064,26408,16205,12309,9293,9042,9850,13411,17327,16246,13542,11340,9070,,,,,,,4-6,47B BM,AVERAGE,710,421,0,0,0,0,497.6666666666667,1180.6666666666667,1235.6666666666667,1705.6666666666667,1241,128.66666666666666,492,276.3333333333333,131.66666666666666,688.3333333333334,2558.3333333333335,2301.6666666666665,8567.333333333334,22292.666666666668,2879.6666666666665,3671,2995,2504.6666666666665,3443,4301.666666666667,13408.666666666666,12299.333333333334,13666.333333333334,11963.333333333334,20504.333333333332,21391,17441.666666666668,9071.666666666666,8887.333333333334,12746,13430.666666666666,17366,20952.666666666668,14588.666666666666,18646.666666666668,13441.333333333334,,,48,9.184419129634191e-05,0.00010377890908675238,6.675724941158679e-05,6.192470819503927e-05,7.709336458531321e-05,7.250833420173072e-05,3.020741990530776e-05,3.909791721610795e-05,5.149662488633876e-05,6.311119212657398e-05,,,,,,,,,,,,,,,,,,,,,,,,,,,,,,,,,,,,,,,,,,,,,,,,,,,,,,,,,,,,,,,,,,,,,,,,,,,,,,,,,,,,,,,,,,,,,,,,,,,,,,,,,,,,,,,,,,,,,,,,,,,,,,,,,,,,,,,,,,,,,,,,,,,,,,,,,,,,,,,,,,,,,
47E,8,B,Off,No,11:07:00,11:11:00,1116,1535,0,247,0,0,326,531,6818,9606,19509,1976,2108,1342,823,521,1716,1922,15353,21663,91888,8168,10180,4152,1325,2160,17565,19955,31551,19367,24307,18153,13355,6083,4905,5358,12627,15856,16341,12155,8830,5518,,,,,,,,,STDEV.P,67.01243665668834,134.24107667426787,0,0,0,0,244.17252552697695,524.811288835224,642.690870913502,838.9542432232059,583.8544339131116,181.96214502533823,337.20122577871314,258.61984112249047,186.2047857124575,408.27550610940267,1152.3646220802782,945.9514904170416,2252.3878193794444,19516.38501931703,2067.4217975267866,2558.6661889872753,1740.6977528182963,1013.8314565164281,2011.2448881227765,1134.6906577957222,3980.1207128539313,3212.1196878212504,3621.986962366866,2089.456441810219,2917.200979630227,1508.3914169295272,2433.116291690327,1410.987676141157,321.1088427447754,4371.846825618056,1020.2138120130613,838.3280980618507,839.4114340152602,2071.5529333221384,412.32053335023494,1212.5832846539747,,,,0.00017109284574069514,0.00013348035017250685,0.00021327238021804284,0.00016518269921236815,0.0003160584872665386,0.00013795092505752854,0.0001413518393539515,9.236134204315132e-05,8.009967140995753e-05,0.00010040362268824083
47E,9,B,Off,No,11:13:00,11:17:00,1172,2850,0,419,0,0,365,641,9584,10516,16248,2607,1718,1021,874,766,1648,1833,11443,17277,76400,5508,7290,4094,1668,1973,11459,10289,21307,17572,21305,13736,10152,4146,4489,4900,10960,14072,14090,10785,7174,5702,,,,,,,,,STANDARD ERROR,38.689648342791756,77.50412175419375,0,0,0,0,140.97307334171091,302.999938882771,371.0577473276254,484.37045816269676,337.08851458729157,105.05589341270075,194.6832184744118,149.31423488984814,107.50538315548393,235.71797335579436,665.31802476265,546.1453476326067,1300.4167138381565,11267.790144511067,1193.6265313305903,1477.2466129781974,1004.9923161674201,585.3358643326702,1161.1927775639438,655.1139567253138,2297.9237649734227,1854.5181664328957,2091.155147723825,1206.3482391391276,1684.2467708697516,870.8701906075836,1404.7603459770744,814.6341146433415,185.3922767978653,2524.0869416263954,589.0207189967152,484.0089530852365,484.63441738956027,1196.0116436940955,238.05337092216823,700.085285809813,,,49,8.586689753357007e-05,,0.00011686456422696587,,0.00014968223949343438,5.583628746549878e-05,,5.8482673580539205e-05,,6.840037323850877e-05
47E,10,B,Off,Yes,11:22:00,11:26:00,616,335,0,226,0,0,0,338,630,764,1885,418,527,370,206,361,571,638,3801,5322,74966,1378,1953,1102,584,739,8882,8545,13891,17280,25859,14156,10264,3389,2656,2680,10859,17317,17115,9719,6163,4373,,,,,,,,,% STANDARD ERROR,0.05449246245463628,0.184095301078845,#DIV/0!,#DIV/0!,#DIV/0!,#DIV/0!,0.2832680643169007,0.25663461791313186,0.300289517664655,0.28397720822514955,0.27162652263278936,0.8164965809277261,0.39569759852522723,0.5403410189017424,0.816496580927726,0.34244741891882957,0.26005916277367425,0.23728255509019844,0.15178780412086487,0.505448285438159,0.4145016314378714,0.4024098646086073,0.335556699888955,0.23369810926244486,0.3372619162253685,0.15229305464362194,0.1713760079282123,0.15078200713585252,0.15301508434770297,0.10083713339140102,0.08214101592523947,0.040711990585179915,0.08054048806366408,0.08979982891530497,0.02086028168905543,0.19802973023900797,0.04385640218877558,0.027871067205184643,0.023129963603179877,0.0819822449180251,0.012766537589676523,0.05208451188943157,,,,0.00014166643579976326,,0.00017897247281007116,,0.0001687436864324915,0.0001363266754974642,,0.00013802843753057189,,0.00010554036750223196
47E,11,B,Off,Yes,11:26:00,11:30:00,539,494,0,0,0,0,0,0,1160,1710,2415,338,379,277,0,262,423,574,5417,6805,74646,1260,1902,1705,413,776,10185,9544,18218,19427,17046,9546,7505,2817,2296,2603,12030,14925,14949,8686,7369,4054,,,,,,,,,95% LOW,3.0195469065609283e-06,4.861098005094684e-07,0,0,0,0,0,0,0,0,0,0,0,0,0,0,0,0,1.6509112298265258e-05,0,0,0,0,0,0,8.237285060431344e-06,1.955944836658905e-05,2.3996342573181023e-05,2.5933848514876197e-05,3.762453811287593e-05,7.365010821267106e-05,9.802025316564204e-05,6.331657165515177e-05,3.092386706309093e-05,4.4942168701511776e-05,1.0471410501009e-05,6.053394729346556e-05,8.490727486041238e-05,0.00010481824871466328,5.2456825354727624e-05,9.790179450882543e-05,5.7938146380520606e-05
47E,12,B,Off,Yes,11:30:00,11:34:00,367,480,0,0,0,0,0,307,891,1122,2029,0,253,231,246,205,425,546,6447,5617,47474,926,2207,988,297,506,10551,9820,14088,17520,21433,13731,6936,2089,1944,1800,12514,18225,16381,7497,7548,4815,,,,,,,,,95% HIGH,4.869341982327961e-06,4.191667977268309e-06,0,0,0,0,6.134854451422493e-06,1.380264113155128e-05,1.573515640787466e-05,2.1055070823004173e-05,1.4952732657050644e-05,3.2262343112306557e-06,7.387343828307744e-06,5.104624922579721e-06,3.3014573910261883e-06,9.45904318157398e-06,3.0117759966038982e-05,2.5842944986276517e-05,7.868348029432733e-05,0.0003932109314360988,4.4532453505456644e-05,5.570884542025102e-05,4.0663788535935604e-05,2.790759383827859e-05,4.68867362325425e-05,3.955901123586495e-05,0.00012942573681859614,0.00011266291668607824,0.00012591429963327194,9.530138781305e-05,0.00015417581771325485,0.00013965752461213572,0.00013047972464114456,6.987242923320536e-05,5.3805979446636376e-05,0.0001311508117212132,8.869568233616406e-05,0.00010804828069514317,0.00012798915869274415,0.00010963947094156866,0.00010928339067635977,9.141000176762754e-05
47K,13,B,Off,No,11:50:00,11:54:00,1658,2204,261,276,313,438,773,1041,5515,5138,8514,1518,1485,2936,2708,1215,7951,5774,15780,14718,9917,11472,21996,23624,7117,26029,14537,13935,17672,19095,24913,24418,36832,23490,21061,28061,13016,16317,17749,29622,21450,33635,,,,,,,7-9,47E BNM,AVERAGE,1112.3333333333333,2023.6666666666667,0,356.6666666666667,0,0,426.6666666666667,709,6997,8843.333333333334,16843.333333333332,2187.6666666666665,3026,1851.6666666666667,949,875,2103.3333333333335,2129.3333333333335,11903.666666666666,19272.666666666668,87217,9232.333333333334,10725.333333333334,4427.666666666667,2183,2936,13572.666666666666,13597.333333333334,26839,19334.333333333332,24006.666666666668,16031.333333333334,11938.666666666666,6507.333333333333,6145.333333333333,6702.666666666667,12332.666666666666,15751.666666666666,15559,12160.666666666666,9114.666666666666,6763.333333333333,,,777 - Inflight - AFT - 47B - BM - Tests 4-6,,,,,,,,,,,,,,,,,,,,,,,,,,,,,,,,,,,,,,,,,,,,,,,,,,,,,,,,,,,,,,,,,,,,,,,,,,,,,,,,,,,,,,,,,,,,,,,,,,,,,,,,,,,,,,,,,,,,,,,,,,,,,,,,,,,,,,,,,,,,,,,,,,,,,,,,,,,,,,,,,,,,,,,,,,,,,,,
47K,14,B,Off,No,11:59:00,12:03:00,1237,1893,264,,307,311,732,1739,3211,3920,5364,657,854,1329,2297,1019,13572,35906,12927,12840,5286,5841,11714,19418,4159,8334,12942,12311,14973,15915,21607,23758,35582,21092,19337,22438,12295,18228,16683,,19601,29422,,,,,,,,,STDEV.P,50.28143019268865,587.548768661424,0,77.78745971484663,0,0,115.88595926839263,179.65151451258814,2043.1245679106303,1761.6585619491902,1978.7606109773753,296.51794024795345,1582.0518322735195,956.775951946025,143.6453967240162,342.32830246222215,596.5016531596725,357.99472373517216,2648.4110120766545,1812.1939435085,7672.440854556434,3555.9711597380665,3052.0272315662946,431.51387257215987,980.9040048173249,1232.0262443092138,2824.635709058584,4496.792511211618,4222.099319848678,1425.7901513040254,2094.0872846076772,1807.4092569814459,1333.5822267695214,2122.568622107553,2055.2813811144097,2233.341492522409,1022.0320716863808,1330.8945195702859,1039.4636437445356,1125.5476691617976,1712.6325415051012,1632.7884805516671,,,,A,B,C,D,E,F,G,J ,K,L
47K,15,B,On,No,12:12:00,12:16:00,1732,1775,,1326,2984,4489,3672,3685,4295,3122,3175,5294,5445,8589,12055,5943,4994,5155,5239,4627,5353,6499,13013,29050,56829,24516,6724,7009,7049,9728,16248,17676,24889,40537,52928,56837,6896,8067,10745,26534,40655,39825,,,,,,,,,STANDARD ERROR,29.02999725698817,339.2214397487063,0,44.910610805943875,0,0,66.9067897789045,103.72185026416673,1179.5985192711403,1017.094044961574,1142.437971409616,171.1947126217093,913.3980512350572,552.394853410198,82.93370846646134,197.6433375777916,344.3903900237937,206.68835011696737,1529.0608107472258,1046.270661108442,4429.68579271964,2053.0409063053185,1762.0887437188685,249.1346504885944,566.3251912304645,711.3106838006082,1630.8041869876029,2596.224366837921,2437.63017885997,823.1803276632963,1209.021857474815,1043.5082210540593,769.9440576118837,1225.465565347249,1186.6172586468304,1289.4203119001736,590.0704917085629,768.3923091369022,600.134614528737,649.8352497763196,988.7888588608831,942.6908687762251,,,45,3.0195469065609283e-06,,4.861098005094684e-07,0,0,0,0,0,,0,,,,,,,,,,,,,,,,,,,,,,,,,,,,,,,,,,,,,,,,,,,,,,,,,,,,,,,,,,,,,,,,,,,,,,,,,,,,,,,,,,,,,,,,,,,,,,,,,,,,,,,,,,,,,,,,,,,,,,,,,,,,,,,,,,,,,,,,,,,,,,,,,,,,,,,,,,,,,,,,,,,,,
47K,16,B,On,No,12:19:00,12:23:00,1588,1618,,1453,1717,2979,2830,3181,4229,2926,2747,3919,4030,6448,8491,5528,5278,6198,5191,3968,4881,6403,14790,19953,56095,22201,6797,6500,6950,10604,18830,20035,25257,49087,68208,61173,7249,7941,10621,29516,43609,45030,,,,,,,,,% STANDARD ERROR,0.026098289412935127,0.16762713214398267,#DIV/0!,0.12591760039049685,#DIV/0!,#DIV/0!,0.1568127885443074,0.14629315975199822,0.16858632546393315,0.11501251921917534,0.06782730881117847,0.07825447780971019,0.30184998388468515,0.2983230531468216,0.08739063062851564,0.2258781000889047,0.16373552616028225,0.09706716505180057,0.12845292577193798,0.054287799358769345,0.05078924742561244,0.2223750846270699,0.16429221255459364,0.05626770695368389,0.2594251906690172,0.24227203126723712,0.12015355766400139,0.1909362889908257,0.09082418044114796,0.042576090598587815,0.05036192130553242,0.06509179238911668,0.06449162868091499,0.1883206995206304,0.19309241570516875,0.19237422596481601,0.04784613965959481,0.048781651199041515,0.03857154152122482,0.05343746914448109,0.10848327152511153,0.13938258286489283,,,,4.869341982327961e-06,,4.191667977268309e-06,0,0,0,0,6.134854451422493e-06,,1.380264113155128e-05
47K,17,B,On,No,12:30:00,12:34:00,3896,3086,,2713,2621,2982,6662,4534,4743,4710,5310,5412,6433,7584,7720,15705,16625,14129,7447,8255,10682,14170,20694,24824,88851,128727,8466,9685,10170,12091,18527,19288,25454,61476,72442,85010,9350,11607,12751,24196,20207,28368,,,,,,,,,95% LOW,5.4856514174250734e-06,3.1333156190443533e-06,0,9.078683798260566e-07,0,0,7.709263902668924e-07,1.459360435073836e-06,1.0673264286534908e-05,2.4815431432576007e-05,6.626345967976531e-05,8.061198990308063e-06,0,0,3.2896458470489824e-06,1.363373244597925e-07,3.45234158367194e-06,6.88862979322235e-06,2.957843332234086e-05,8.205868895509468e-05,0.0003786447890773744,2.2116572972308274e-06,1.746147482839469e-05,1.864244592007914e-05,0,0,3.641842361143895e-05,1.3476554904609788e-05,9.083265189091972e-05,8.773437990776761e-05,0.0001044680311886252,6.411731921187621e-05,4.791998548201517e-05,6.856416698022892e-06,5.773995940977902e-06,6.412728136445668e-06,5.440885189358178e-05,6.914041422472543e-05,7.209233752046024e-05,5.202458659377312e-05,2.6999490038823813e-05,1.503852513882909e-05,,,46,0,0,0,0,0,0,0,0,0,0,,,,,,,,,,,,,,,,,,,,,,,,,,,,,,,,,,,,,,,,,,,,,,,,,,,,,,,,,,,,,,,,,,,,,,,,,,,,,,,,,,,,,,,,,,,,,,,,,,,,,,,,,,,,,,,,,,,,,,,,,,,,,,,,,,,,,,,,,,,,,,,,,,,,,,,,,,,,,,,,,,,,,
47K,18,B,On,No,12:38:00,12:42:00,2593,3037,,2918,,,,,4276,3919,4700,5079,6412,8976,10885,23343,,21045,6219,6743,7994,10773,16052,21320,65977,101376,6578,7667,,9461,14906,16598,20879,50024,63912,76941,9350,,11261,20395,,26062,,,,,,,,,95% HIGH,6.873607841834185e-06,1.9351869566140832e-05,0,3.0550945831369065e-06,0,0,3.969814350473848e-06,6.418417342703943e-06,6.707118015790954e-05,7.344382782668326e-05,0.00012088468846838284,1.624620841709934e-05,3.864639896924695e-05,2.349234289383749e-05,7.254798597395461e-06,9.58588489776243e-06,1.991802878669843e-05,1.6770629466036912e-05,0.0001026845296406221,0.00013208205178564608,0.0005904329887004033,0.00010036982418425066,0.00010170889554197568,3.055385037621716e-05,2.566609609924827e-05,3.331538817996676e-05,0.00011438898379596845,0.0001376049265768717,0.00020737845922019142,0.0001270915460181583,0.00016227270955211553,0.00011400860671404974,8.473186636983668e-05,6.54472870056808e-05,6.250748554050359e-05,6.806134593762841e-05,8.262077773604785e-05,0.00010587810429379309,0.00010078544025731753,8.309393192474538e-05,7.427458403525026e-05,6.010962300931906e-05,,,,1.573515640787466e-05,2.1055070823004173e-05,1.4952732657050644e-05,3.2262343112306557e-06,7.387343828307744e-06,5.104624922579721e-06,3.3014573910261883e-06,9.45904318157398e-06,3.0117759966038982e-05,2.5842944986276517e-05
,,,,,,,,,,,,,,,,,,,,,,,,,,,,,,,,,,,,,,,,,,,,,,,,,,,,,,,10-12,47E BM,AVERAGE,507.3333333333333,436.3333333333333,0,75.33333333333333,0,0,0,215,893.6666666666666,1198.6666666666667,2109.6666666666665,252,386.3333333333333,292.6666666666667,150.66666666666666,276,473,586,5221.666666666667,5914.666666666667,65695.33333333333,1188,2020.6666666666667,1265,431.3333333333333,673.6666666666666,9872.666666666666,9303,15399,18075.666666666668,21446,12477.666666666666,8235,2765,2298.6666666666665,2361,11801,16822.333333333332,16148.333333333334,8634,7026.666666666667,4414,,,47,1.6509112298265258e-05,1,0,0,0,0,0,0,,8.237285060431344e-06
Release Location,Test,Breathing/Cough,Gaspers,Mask,Start Time,End Time,S769 45A,S756 45C,S751 45D,S757 45E,S806 45F,S359 45G,S768 45J,S754 45L,S711 46A,S755 46B,S733 46C,S760 46D,S725 46E,S763 46F,S776 46G,S743 46J,S708 46K,S784 46L,S737 47A,S799 47C,S798 47D,S717 47E,S800 47F,S794 47G,S771 47J,S752 47L,S237 48A,S234 48B,S236 48C,S258 48D,S247 48E,S229 48F,S243 48G,S248 48J,S722 48K,S759 48L,S250 49A,S238 49C,S230 49E,S242 49F,S240 49J,S249 49L,,MAX,AVG,BNM MAX,BNM AVG,,,,STDEV.P,104.09077235225459,71.88107462252417,0,106.53742169877316,0,0,0,152.55381564112602,216.37981010764895,389.98917363890445,223.76376431902958,181.15923014482775,111.98015697236522,57.817721235698045,107.78167232367889,64.45153217728807,69.30127463955239,38.505410875183074,1089.0195386472897,640.9765119634953,12885.090643409882,191.42274333700962,133.39248687821797,314.5886202646243,117.88223879033781,119.51661902104755,716.2654690980308,547.7024739765195,1994.955805692614,960.5471820212108,3597.9039268255437,2080.2497179158295,1453.403132880436,531.9949874450573,290.6788988251851,397.93047969044375,694.783899256932,1391.8863299693535,899.4403198038705,907.8726048662701,615.0611532378078,312.0267082585506,,,,7.868348029432733e-05,,0.0003932109314360988,0,5.570884542025102e-05,4.0663788535935604e-05,2.790759383827859e-05,4.68867362325425e-05,,3.955901123586495e-05
47B,1,B,Off,No,10:02:00,10:06:00,1.1372222222222222e-05,3.6e-06,1.3555555555555556e-06,1.8777777777777778e-06,0,0,4.666666666666666e-06,7.3555555555555555e-06,2.1083333333333332e-05,2.0305555555555555e-05,5.577777777777777e-06,1.95e-06,2.6333333333333332e-06,2.1777777777777777e-06,1.4444444444444445e-06,7.961111111111111e-06,2.392222222222222e-05,2.113888888888889e-05,0.00012544444444444444,0.00023295,3.9394444444444446e-05,4.2216666666666665e-05,3.3316666666666666e-05,6.85e-06,2.3077777777777777e-05,5.4766666666666665e-05,0.0001344888888888889,0.00012254444444444445,0.0001656777777777778,0.0001426,0.0002495888888888889,9.241666666666667e-05,8.012777777777778e-05,6.454444444444445e-05,7.076111111111111e-05,8.672777777777778e-05,0.00011830555555555555,0.00015356111111111112,0.00016303333333333333,7.927222222222223e-05,7.657222222222222e-05,8.38e-05,,0.0002495888888888889,6.14395502645503e-05,0.00071515,7.005027557319224e-05,,,,STANDARD ERROR,60.09683543773025,41.500557782953905,#DIV/0!,61.509409096555366,0,0,0,107.8718375357226,124.92694161285124,225.1603543814612,129.19006956447572,104.59233029030167,64.65177377189161,33.38107691936101,62.22777752978405,37.2111094522411,49.0034012424988,22.231109334044092,628.7457237907748,370.0679617263514,7439.210551505424,110.51797239463916,77.01418820701277,181.6278245937738,68.05934229827729,69.00295216443575,413.5360613949817,316.21617078616754,1410.6467783727196,554.5721741092825,2077.2508006711396,1201.0327346203474,839.1226900095652,307.1474492089354,167.82354048446462,229.74526956803462,401.1336712646076,984.2122625621862,519.2921107587678,524.1604928094278,434.91391229887216,180.14870400742703,,,48,1.955944836658905e-05,2.3996342573181023e-05,2.5933848514876197e-05,3.762453811287593e-05,7.365010821267106e-05,9.802025316564204e-05,6.331657165515177e-05,3.092386706309093e-05,4.4942168701511776e-05,1.0471410501009e-05
47B,2,B,Off,No,10:09:00,10:13:00,8.155555555555556e-06,2.222222222222222e-06,1.2277777777777777e-06,1.461111111111111e-06,0,0,5.594444444444444e-06,9.183333333333334e-06,1.4166666666666666e-05,1.2238888888888888e-05,6e-06,2.122222222222222e-06,3.477777777777778e-06,1.933333333333333e-06,1.7277777777777778e-06,7.5222222222222226e-06,2.5894444444444443e-05,2.616111111111111e-05,0.00011726111111111112,0.00016862777777777778,2.4e-05,3.223888888888889e-05,1.72e-05,4.377777777777778e-06,3.076111111111111e-05,5.511666666666667e-05,0.0001106,0.00011018333333333333,9.871666666666666e-05,9.515e-05,0.00013316666666666666,0.00012334444444444444,0.00011556111111111112,7.94111111111111e-05,6.890555555555556e-05,8.739444444444445e-05,9.831666666666667e-05,0.00013058888888888888,0.00015396666666666668,9.100555555555555e-05,0.00011473888888888888,9.72888888888889e-05,,0.00016862777777777778,5.445264550264549e-05,,,,,,% STANDARD ERROR,0.11845631163810168,0.09511204992273622,#DIV/0!,0.8164965809277261,#DIV/0!,#DIV/0!,#DIV/0!,0.5017294769103376,0.13979143037618566,0.18784234236495648,0.06123719524307587,0.41504892972341934,0.1673471279686582,0.11405834938278248,0.4130162225428145,0.13482286033420687,0.10360127112579028,0.037937046645126433,0.12041092699472228,0.06256784745147961,0.1132380364638598,0.09302859629178381,0.03811325711333525,0.14357930797926782,0.15778827426184844,0.1024289245389942,0.04188696685073081,0.033990774028395954,0.09160638862086626,0.030680593105424373,0.09685959156351485,0.09625459364360436,0.10189710868361447,0.11108406842999473,0.07300908083720908,0.09730845809743101,0.03399149828528155,0.05850628703284441,0.0321576289044546,0.06070888265108035,0.06189476930249604,0.040813027641012016,,,,0.00012942573681859614,0.00011266291668607824,0.00012591429963327194,9.530138781305e-05,0.00015417581771325485,0.00013965752461213572,0.00013047972464114456,6.987242923320536e-05,5.3805979446636376e-05,0.0001311508117212132
47B,3,B,Off,No,10:14:00,10:18:00,5.938888888888889e-06,3.9777777777777774e-06,0,0,0,0,1.9222222222222224e-06,5.194444444444445e-06,1.85e-05,2.5055555555555555e-05,1.4733333333333333e-05,1.4e-06,1.977777777777778e-06,1.311111111111111e-06,0,6.216666666666667e-06,2.017222222222222e-05,1.9205555555555556e-05,0.0004026722222222222,0.0004091333333333333,2.9644444444444446e-05,1.801111111111111e-05,1.4322222222222223e-05,9.98888888888889e-06,1.776111111111111e-05,3.7961111111111114e-05,0.00014931666666666667,0.0001231611111111111,0.00015565,0.00010291111111111111,0.00020697222222222221,9.992777777777778e-05,6.165e-05,5.323333333333333e-05,5.7727777777777775e-05,7.115e-05,0.00012467777777777777,0.00015960555555555555,0.00016063888888888888,0.00011796666666666667,0.00010345555555555556,7.982222222222223e-05,,0.0004091333333333333,6.888015873015873e-05,BM MAX,BM AVG,,,,95% LOW,1.381870280248778e-06,1.4319801844071259e-06,0,0,0,0,0,0,1.9783668717031536e-06,1.276675898684663e-06,8.632009985170708e-06,0,6.007597266271318e-07,8.279327371258683e-07,0,6.437810890389254e-07,1.4563242469640425e-06,2.724108536308935e-06,1.3978743428860904e-05,2.4012579040878762e-05,0.00018713561294558605,3.958006471032598e-06,9.384858971177171e-06,2.685863726516619e-06,7.692999079102565e-07,2.093038686128331e-06,4.4962338858244776e-05,4.4124010095039564e-05,5.1827705070345496e-05,8.71630144526357e-05,6.948661002617826e-05,4.060901560886284e-05,2.5690305916049118e-05,8.018580700299726e-06,8.758455399788975e-06,7.624478361381928e-06,5.597178784749107e-05,6.992926648626802e-05,7.729899655965753e-05,3.543631888578352e-05,2.864017834469233e-05,2.021566737031134e-05,,,49,6.053394729346556e-05,,8.490727486041238e-05,,0.00010481824871466328,5.2456825354727624e-05,,9.790179450882543e-05,,5.7938146380520606e-05
47B,4,B,Off,Yes,10:24:00,10:28:00,3.966666666666667e-06,1.9e-06,0,0,0,0,1.6833333333333332e-06,4.25e-06,4.838888888888889e-06,6.527777777777778e-06,5.2e-06,0,1.55e-06,0,0,2.361111111111111e-06,9.966666666666667e-06,8.688888888888889e-06,4.015e-05,4.442777777777778e-05,8.827777777777778e-06,1.3766666666666666e-05,1.0088888888888889e-05,7.233333333333333e-06,1.2783333333333333e-05,1.9605555555555555e-05,5.9466666666666664e-05,6.42e-05,6.835e-05,6.0016666666666664e-05,0.00010487777777777778,0.00012793333333333334,9.526111111111111e-05,3.952777777777778e-05,5.021111111111111e-05,5.4094444444444444e-05,6.66e-05,9.233333333333333e-05,0.00011647777777777777,8.772222222222222e-05,0.00010234444444444444,6.688888888888889e-05,,0.00012793333333333334,3.486005291005291e-05,0.0004164777777777778,3.712779982363316e-05,,,,95% HIGH,4.255166756788259e-06,3.416167963741022e-06,0,1.888935114865617e-06,0,0,0,3.7731806495345237e-06,7.951262757926476e-06,1.2041842619833856e-05,1.480873075557003e-05,3.900337762439823e-06,3.6918328659654605e-06,2.4239191147259838e-06,2.324626629874041e-06,2.4228855776277414e-06,3.799231308591513e-06,3.787002574802176e-06,4.4039775089657614e-05,4.170593947763976e-05,0.000542812535202562,9.241993528967401e-06,1.3066992880674682e-05,1.1369691829038938e-05,4.023292684682336e-06,5.3921464990568535e-06,6.473395743805151e-05,5.9242656571627104e-05,0.00011927229492965452,0.00011367772628810506,0.00016880227886271063,9.80317251318779e-05,6.580969408395088e-05,2.2703641521922494e-05,1.6782285340951763e-05,1.8608854971951403e-05,7.515043437473114e-05,0.00011698554832854677,0.0001021269293662684,6.049701444754982e-05,4.9433895729381745e-05,2.8828777074133104e-05,,,,8.869568233616406e-05,,0.00010804828069514317,,0.00012798915869274415,0.00010963947094156866,,0.00010928339067635977,,9.141000176762754e-05
47B,5,B,Off,Yes,10:29:00,10:33:00,3.477777777777778e-06,1.7277777777777778e-06,0,0,0,0,1.933333333333333e-06,4.755555555555556e-06,3.872222222222222e-06,5.844444444444444e-06,4.05e-06,0,1.2722222222222223e-06,1.15e-06,0,2.0833333333333334e-06,9.411111111111111e-06,9.466666666666667e-06,3.7416666666666664e-05,4.9966666666666664e-05,6.961111111111111e-06,7.2722222222222224e-06,9.516666666666666e-06,1.35e-05,9.766666666666667e-06,1.927777777777778e-05,5.8255555555555556e-05,4.883333333333333e-05,5.5955555555555554e-05,5.661111111111111e-05,0.00010018888888888888,0.00010771111111111112,0.00011421111111111111,5.771666666666667e-05,5.101666666666667e-05,0.00010515555555555556,7.852777777777777e-05,9.411666666666667e-05,0.0001220777777777778,6.485555555555555e-05,0.00010680555555555556,7.381111111111112e-05,,0.0001220777777777778,3.568029100529101e-05,,,,,,,,,,,,,,,,,,,,,,,,,,,,,,,,,,,,,,,,,,,,,,,,
47B,6,B,Off,Yes,10:35:00,10:39:00,4.388888888888889e-06,3.388888888888889e-06,0,0,0,0,4.6777777777777775e-06,1.0672222222222222e-05,1.1883333333333334e-05,1.6055555555555557e-05,1.1433333333333333e-05,2.1444444444444446e-06,5.377777777777778e-06,3.4555555555555556e-06,2.1944444444444445e-06,7.027777777777778e-06,2.3261111111111112e-05,2.0205555555555556e-05,6.522222222222222e-05,0.00027715,3.220555555555555e-05,4.0144444444444444e-05,3.031111111111111e-05,2.1011111111111112e-05,3.483333333333333e-05,3.281111111111111e-05,0.00010575555555555556,9.195555555555556e-05,0.00010346666666666667,8.27611111111111e-05,0.0001366722222222222,0.00012087222222222222,8.122222222222222e-05,5.395e-05,4.6894444444444445e-05,5.3183333333333336e-05,7.871666666666666e-05,0.00010298333333333333,0.00011065555555555556,9.056666666666667e-05,0.00010162777777777778,8.332222222222222e-05,,0.00027715,5.010621693121694e-05,,,,,,,,,,,,,,,,,,,,,,,,,,,,,,,,,,,,,,,,,,,,,,,,
47E,7,B,Off,No,11:01:00,11:05:00,5.8277777777777775e-06,9.366666666666666e-06,0,2.2444444444444445e-06,0,0,3.272222222222222e-06,5.305555555555556e-06,2.5494444444444443e-05,3.56e-05,8.207222222222223e-05,1.1e-05,2.917777777777778e-05,1.7733333333333332e-05,6.3888888888888885e-06,7.433333333333333e-06,1.6366666666666667e-05,1.4627777777777778e-05,4.952777777777778e-05,0.00010487777777777778,0.0005186833333333333,7.789444444444445e-05,8.17e-05,2.7983333333333334e-05,1.9755555555555555e-05,2.5972222222222223e-05,6.496666666666667e-05,5.86e-05,0.00015366111111111112,0.00011702222222222222,0.00014671111111111111,9.002777777777778e-05,6.838333333333333e-05,5.1627777777777776e-05,5.023333333333333e-05,5.472222222222222e-05,7.450555555555556e-05,9.626111111111111e-05,9.025555555555556e-05,7.523333333333334e-05,6.3e-05,5.0388888888888886e-05,,0.0005186833333333333,5.914060846560846e-05,,,,,,,,,,,,,,,,,,,,,,,,,,,,,,,,,,,,,,,,,,,,,,,,,,,777 - Inflight - AFT - 47E - BNM - Tests 7-9,,,,,,,,,,
47E,8,B,Off,No,11:07:00,11:11:00,6.2e-06,8.527777777777777e-06,0,1.3722222222222222e-06,0,0,1.8111111111111111e-06,2.95e-06,3.787777777777778e-05,5.3366666666666665e-05,0.00010838333333333333,1.0977777777777777e-05,1.1711111111111111e-05,7.455555555555555e-06,4.572222222222222e-06,2.8944444444444446e-06,9.533333333333334e-06,1.0677777777777779e-05,8.529444444444445e-05,0.00012035,0.0005104888888888888,4.537777777777778e-05,5.6555555555555555e-05,2.3066666666666667e-05,7.361111111111111e-06,1.2e-05,9.758333333333334e-05,0.00011086111111111111,0.00017528333333333333,0.00010759444444444445,0.00013503888888888888,0.00010085,7.419444444444444e-05,3.3794444444444445e-05,2.725e-05,2.9766666666666667e-05,7.015e-05,8.808888888888889e-05,9.078333333333334e-05,6.752777777777778e-05,4.9055555555555556e-05,3.0655555555555556e-05,,0.0005104888888888888,5.7792460317460335e-05,,,,,,,,,,,,,,,,,,,,,,,,,,,,,,,,,,,,,,,,,,,,,,,,,,,,A,B,C,D,E,F,G,J ,K,L
47E,9,B,Off,No,11:13:00,11:17:00,6.511111111111111e-06,1.5833333333333333e-05,0,2.327777777777778e-06,0,0,2.027777777777778e-06,3.561111111111111e-06,5.3244444444444444e-05,5.842222222222222e-05,9.026666666666666e-05,1.4483333333333334e-05,9.544444444444444e-06,5.6722222222222225e-06,4.855555555555556e-06,4.2555555555555556e-06,9.155555555555555e-06,1.0183333333333333e-05,6.357222222222223e-05,9.598333333333334e-05,0.00042444444444444447,3.06e-05,4.05e-05,2.2744444444444444e-05,9.266666666666667e-06,1.0961111111111111e-05,6.366111111111112e-05,5.716111111111111e-05,0.00011837222222222222,9.762222222222223e-05,0.00011836111111111112,7.631111111111111e-05,5.64e-05,2.3033333333333332e-05,2.493888888888889e-05,2.7222222222222223e-05,6.088888888888889e-05,7.817777777777778e-05,7.827777777777778e-05,5.991666666666667e-05,3.9855555555555556e-05,3.167777777777778e-05,,0.00042444444444444447,4.762605820105821e-05,,,,,,,,,,,,,,,,,,,,,,,,,,,,,,,,,,,,,,,,,,,,,,,,,,,45,5.4856514174250734e-06,,3.1333156190443533e-06,0,9.078683798260566e-07,0,0,7.709263902668924e-07,,1.459360435073836e-06
47E,10,B,Off,Yes,11:22:00,11:26:00,3.422222222222222e-06,1.861111111111111e-06,0,1.2555555555555555e-06,0,0,0,1.8777777777777778e-06,3.5e-06,4.244444444444444e-06,1.0472222222222222e-05,2.3222222222222224e-06,2.9277777777777777e-06,2.0555555555555555e-06,1.1444444444444444e-06,2.0055555555555555e-06,3.1722222222222223e-06,3.5444444444444443e-06,2.1116666666666667e-05,2.9566666666666666e-05,0.0004164777777777778,7.655555555555556e-06,1.085e-05,6.1222222222222224e-06,3.2444444444444446e-06,4.105555555555555e-06,4.9344444444444444e-05,4.747222222222222e-05,7.717222222222222e-05,9.6e-05,0.00014366111111111112,7.864444444444445e-05,5.702222222222222e-05,1.882777777777778e-05,1.4755555555555556e-05,1.4888888888888888e-05,6.032777777777778e-05,9.620555555555556e-05,9.508333333333333e-05,5.399444444444444e-05,3.4238888888888886e-05,2.4294444444444445e-05,,0.0004164777777777778,3.583042328042328e-05,,,,,,,,,,,,,,,,,,,,,,,,,,,,,,,,,,,,,,,,,,,,,,,,,,,,5.4856514174250734e-06,,1.9351869566140832e-05,0,3.0550945831369065e-06,0,0,3.969814350473848e-06,,6.418417342703943e-06
47E,11,B,Off,Yes,11:26:00,11:30:00,2.9944444444444445e-06,2.7444444444444443e-06,0,0,0,0,0,0,6.4444444444444445e-06,9.5e-06,1.3416666666666666e-05,1.8777777777777778e-06,2.1055555555555554e-06,1.5388888888888888e-06,0,1.4555555555555555e-06,2.35e-06,3.188888888888889e-06,3.0094444444444443e-05,3.7805555555555554e-05,0.0004147,7e-06,1.0566666666666667e-05,9.472222222222222e-06,2.2944444444444444e-06,4.3111111111111115e-06,5.658333333333333e-05,5.302222222222222e-05,0.0001012111111111111,0.00010792777777777778,9.47e-05,5.303333333333333e-05,4.169444444444445e-05,1.565e-05,1.2755555555555556e-05,1.4461111111111112e-05,6.683333333333334e-05,8.291666666666667e-05,8.305e-05,4.825555555555556e-05,4.0938888888888886e-05,2.2522222222222224e-05,,0.0004147,3.4748015873015874e-05,,,,,,,,,,,,,,,,,,,,,,,,,,,,,,,,,,,,,,,,,,,,,,,,,,,46,1.0673264286534908e-05,2.4815431432576007e-05,6.626345967976531e-05,8.061198990308063e-06,0,0,3.2896458470489824e-06,1.363373244597925e-07,0,6.88862979322235e-06
47E,12,B,Off,Yes,11:30:00,11:34:00,2.038888888888889e-06,2.666666666666667e-06,0,0,0,0,0,1.7055555555555556e-06,4.95e-06,6.2333333333333335e-06,1.1272222222222221e-05,0,1.4055555555555555e-06,1.2833333333333333e-06,1.3666666666666666e-06,1.1388888888888888e-06,2.361111111111111e-06,3.0333333333333332e-06,3.5816666666666665e-05,3.1205555555555556e-05,0.00026374444444444446,5.144444444444444e-06,1.226111111111111e-05,5.488888888888889e-06,1.65e-06,2.811111111111111e-06,5.8616666666666664e-05,5.4555555555555554e-05,7.826666666666667e-05,9.733333333333333e-05,0.00011907222222222222,7.628333333333334e-05,3.853333333333333e-05,1.1605555555555555e-05,1.08e-05,1e-05,6.952222222222222e-05,0.00010125,9.100555555555555e-05,4.165e-05,4.1933333333333334e-05,2.675e-05,,0.00026374444444444446,3.154179894179894e-05,,,,,,,,,,,,,,,,,,,,,,,,,,,,,,,,,,,,,,,,,,,,,,,,,,,,6.707118015790954e-05,7.344382782668326e-05,0.00012088468846838284,1.624620841709934e-05,3.864639896924695e-05,2.349234289383749e-05,7.254798597395461e-06,9.58588489776243e-06,0,1.6770629466036912e-05
47K,13,B,Off,No,11:50:00,11:54:00,9.211111111111111e-06,1.2244444444444445e-05,1.45e-06,1.5333333333333334e-06,1.738888888888889e-06,2.4333333333333335e-06,4.294444444444445e-06,5.783333333333334e-06,3.063888888888889e-05,2.8544444444444443e-05,4.73e-05,8.433333333333333e-06,8.25e-06,1.6311111111111113e-05,1.5044444444444445e-05,6.75e-06,4.417222222222222e-05,3.2077777777777775e-05,8.766666666666667e-05,8.176666666666667e-05,5.509444444444444e-05,6.373333333333333e-05,0.0001222,0.00013124444444444444,3.9538888888888886e-05,0.00014460555555555557,8.076111111111111e-05,7.741666666666666e-05,9.817777777777778e-05,0.00010608333333333333,0.00013840555555555555,0.00013565555555555557,0.0002046222222222222,0.0001305,0.00011700555555555556,0.00015589444444444445,7.231111111111111e-05,9.065e-05,9.860555555555556e-05,0.00016456666666666666,0.00011916666666666667,0.00018686111111111111,,0.0002046222222222222,7.092248677248678e-05,,,,,,,,,,,,,,,,,,,,,,,,,,,,,,,,,,,,,,,,,,,,,,,,,,,47,2.957843332234086e-05,,8.205868895509468e-05,0.0003786447890773744,1,1.746147482839469e-05,1.864244592007914e-05,0,,0
47K,14,B,Off,No,11:59:00,12:03:00,6.872222222222222e-06,1.0516666666666667e-05,1.4666666666666667e-06,0,1.7055555555555556e-06,1.7277777777777778e-06,4.066666666666667e-06,9.66111111111111e-06,1.7838888888888887e-05,2.177777777777778e-05,2.98e-05,3.65e-06,4.744444444444445e-06,7.3833333333333335e-06,1.2761111111111111e-05,5.661111111111111e-06,7.54e-05,0.00019947777777777777,7.181666666666667e-05,7.133333333333334e-05,2.9366666666666668e-05,3.245e-05,6.507777777777778e-05,0.00010787777777777778,2.3105555555555556e-05,4.63e-05,7.19e-05,6.839444444444445e-05,8.318333333333333e-05,8.841666666666667e-05,0.00012003888888888889,0.00013198888888888888,0.00019767777777777778,0.00011717777777777778,0.00010742777777777778,0.00012465555555555554,6.830555555555556e-05,0.00010126666666666667,9.268333333333333e-05,0,0.00010889444444444444,0.00016345555555555557,,0.00019947777777777777,5.9697751322751315e-05,,,,,,,,,,,,,,,,,,,,,,,,,,,,,,,,,,,,,,,,,,,,,,,,,,,,0.0001026845296406221,,0.00013208205178564608,0.0005904329887004033,,0.00010170889554197568,3.055385037621716e-05,2.566609609924827e-05,,3.331538817996676e-05
47K,15,B,On,No,12:12:00,12:16:00,9.622222222222222e-06,9.861111111111112e-06,0,7.366666666666667e-06,1.6577777777777778e-05,2.493888888888889e-05,2.04e-05,2.047222222222222e-05,2.386111111111111e-05,1.7344444444444445e-05,1.763888888888889e-05,2.9411111111111113e-05,3.025e-05,4.771666666666667e-05,6.697222222222223e-05,3.3016666666666665e-05,2.7744444444444444e-05,2.863888888888889e-05,2.9105555555555556e-05,2.5705555555555554e-05,2.973888888888889e-05,3.610555555555555e-05,7.229444444444445e-05,0.0001613888888888889,0.00031571666666666665,0.0001362,3.7355555555555556e-05,3.893888888888889e-05,3.916111111111111e-05,5.404444444444444e-05,9.026666666666666e-05,9.82e-05,0.00013827222222222223,0.00022520555555555555,0.00029404444444444444,0.0003157611111111111,3.831111111111111e-05,4.481666666666667e-05,5.9694444444444445e-05,0.0001474111111111111,0.00022586111111111111,0.00022125,,0.0003157611111111111,7.873055555555557e-05,,,,,,,,,,,,,,,,,,,,,,,,,,,,,,,,,,,,,,,,,,,,,,,,,,,48,3.641842361143895e-05,1.3476554904609788e-05,9.083265189091972e-05,8.773437990776761e-05,0.0001044680311886252,6.411731921187621e-05,4.791998548201517e-05,6.856416698022892e-06,0,6.412728136445668e-06
47K,16,B,On,No,12:19:00,12:23:00,8.822222222222223e-06,8.988888888888889e-06,0,8.072222222222222e-06,9.538888888888889e-06,1.655e-05,1.572222222222222e-05,1.767222222222222e-05,2.3494444444444446e-05,1.6255555555555555e-05,1.526111111111111e-05,2.1772222222222223e-05,2.238888888888889e-05,3.582222222222222e-05,4.717222222222222e-05,3.0711111111111114e-05,2.9322222222222223e-05,3.4433333333333335e-05,2.883888888888889e-05,2.2044444444444444e-05,2.7116666666666667e-05,3.557222222222222e-05,8.216666666666667e-05,0.00011085,0.0003116388888888889,0.0001233388888888889,3.776111111111111e-05,3.611111111111111e-05,3.861111111111111e-05,5.891111111111111e-05,0.00010461111111111111,0.00011130555555555556,0.00014031666666666667,0.00027270555555555554,0.00037893333333333335,0.00033985,4.027222222222222e-05,4.4116666666666664e-05,5.9005555555555554e-05,0.00016397777777777778,0.00024227222222222223,0.00025016666666666666,,0.00037893333333333335,8.148796296296296e-05,,,,,,,,,,,,,,,,,,,,,,,,,,,,,,,,,,,,,,,,,,,,,,,,,,,,0.00011438898379596845,0.0001376049265768717,0.00020737845922019142,0.0001270915460181583,0.00016227270955211553,0.00011400860671404974,8.473186636983668e-05,6.54472870056808e-05,0,6.806134593762841e-05
47K,17,B,On,No,12:30:00,12:34:00,2.1644444444444445e-05,1.7144444444444444e-05,0,1.5072222222222222e-05,1.456111111111111e-05,1.6566666666666665e-05,3.701111111111111e-05,2.518888888888889e-05,2.635e-05,2.6166666666666668e-05,2.95e-05,3.0066666666666668e-05,3.573888888888889e-05,4.213333333333333e-05,4.2888888888888886e-05,8.725e-05,9.236111111111111e-05,7.849444444444445e-05,4.137222222222222e-05,4.586111111111111e-05,5.934444444444444e-05,7.872222222222223e-05,0.00011496666666666666,0.00013791111111111112,0.0004936166666666666,0.00071515,4.7033333333333336e-05,5.3805555555555556e-05,5.65e-05,6.717222222222222e-05,0.00010292777777777778,0.00010715555555555555,0.00014141111111111112,0.00034153333333333336,0.0004024555555555556,0.0004722777777777778,5.1944444444444446e-05,6.448333333333333e-05,7.083888888888889e-05,0.0001344222222222222,0.00011226111111111112,0.0001576,,0.00071515,0.00011211679894179897,,,,,,,,,,,,,,,,,,,,,,,,,,,,,,,,,,,,,,,,,,,,,,,,,,,49,5.440885189358178e-05,,6.914041422472543e-05,,7.209233752046024e-05,5.202458659377312e-05,,2.6999490038823813e-05,,1.503852513882909e-05
47K,18,B,On,No,12:38:00,12:42:00,1.4405555555555556e-05,1.6872222222222222e-05,0,1.621111111111111e-05,0,0,0,0,2.3755555555555554e-05,2.1772222222222223e-05,2.611111111111111e-05,2.8216666666666667e-05,3.5622222222222224e-05,4.986666666666667e-05,6.0472222222222225e-05,0.00012968333333333333,0,0.00011691666666666667,3.455e-05,3.746111111111111e-05,4.441111111111111e-05,5.985e-05,8.917777777777777e-05,0.00011844444444444444,0.0003665388888888889,0.0005632,3.6544444444444444e-05,4.259444444444444e-05,0,5.256111111111111e-05,8.28111111111111e-05,9.221111111111112e-05,0.00011599444444444445,0.00027791111111111113,0.00035506666666666666,0.00042745,5.1944444444444446e-05,0,6.256111111111112e-05,0.00011330555555555555,0,0.0001447888888888889,,0.0005632,8.831626984126984e-05,,,,,,,,,,,,,,,,,,,,,,,,,,,,,,,,,,,,,,,,,,,,,,,,,,,,8.262077773604785e-05,,0.00010587810429379309,,0.00010078544025731753,8.309393192474538e-05,,7.427458403525026e-05,,6.010962300931906e-05

,,,,,,,,,,,,,,,,,,,,,,,,,,,,,,,,,,,,,,,,,,,,,,,,,,0.00071515,5.9076116990005894e-05
,,,,,,,,,,,,,,,,,,,,,,,,,,,,,,,,,,,,,,,,,,,,,,,,,,,,,,,,,,,,,,,,,,,,,,,,,,,,,,,,,,,,,,,,,,,,,,,,,,,,,,777 - Inflight - AFT - 47E - BNM - Tests 10-12,,,,,,,,,,
,,,,,,,,,,,,,,,,,,,,,,,,,,,,,,,,,,,,,,,,,,,,,,,,,,,,,,,,,,,,,,,,,,,,,,,,,,,,,,,,,,,,,,,,,,,,,,,,,,,,,,,A,B,C,D,E,F,G,J ,K,L
,,,,,,,,,,,,,,,,,,,,,,,,,,,,,,,,,,,,,,,,,,,,,,,,,,,,,,,,,,,,,,,,,,,,,,,,,,,,,,,,,,,,,,,,,,,,,,,,,,,,,,45,1.381870280248778e-06,,1.4319801844071259e-06,,,0,0,0,,0
,,,,,,,,,,,,,,,,,,,,,,,,,,,,,,,,,,,,,,,,,,,,,,,,,,,,,,,,,,,,,,,,,,,,,,,,,,,,,,,,,,,,,,,,,,,,,,,,,,,,,,,4.255166756788259e-06,,3.416167963741022e-06,,,0,0,0,,3.7731806495345237e-06
,,,,,,,,,,,,,,,,,,,,,,,,,,,,,,,,,,,,,,,,,,,,,,,,,,,,,,,,,,,,,,,,,,,,,,,,,,,,,,,,,,,,,,,,,,,,,,,,,,,,,,46,1.9783668717031536e-06,1.276675898684663e-06,8.632009985170708e-06,0,0,8.279327371258683e-07,0,6.437810890389254e-07,1.4563242469640425e-06,2.724108536308935e-06
,,,,,,,,,,,,,,,,,,,,,,,,,,,,,,,,,,,,,,,,,,,,,,,,,,,,,,,,,,,,,,,,,,,,,,,,,,,,,,,,,,,,,,,,,,,,,,,,,,,,,,,7.951262757926476e-06,1.2041842619833856e-05,1.480873075557003e-05,3.900337762439823e-06,3.6918328659654605e-06,2.4239191147259838e-06,2.324626629874041e-06,2.4228855776277414e-06,3.799231308591513e-06,3.787002574802176e-06
,,,,,,,,,,,,,,,,,,,,,,,,,,,,,,,,,,,,,,,,,,,,,,,,,,,,,,,,,,,,,,,,,,,,,,,,,,,,,,,,,,,,,,,,,,,,,,,,,,,,,,47,1.3978743428860904e-05,,2.4012579040878762e-05,0.00018713561294558605,1,9.384858971177171e-06,2.685863726516619e-06,7.692999079102565e-07,,2.093038686128331e-06
,,,,,,,,,,,,,,,,,,,,,,,,,,,,,,,,,,,,,,,,,,,,,,,,,,,,,,,,,,,,,,,,,,,,,,,,,,,,,,,,,,,,,,,,,,,,,,,,,,,,,,,4.4039775089657614e-05,,4.170593947763976e-05,0.000542812535202562,,1.3066992880674682e-05,1.1369691829038938e-05,4.023292684682336e-06,,5.3921464990568535e-06
,,,,,,,,,,,,,,,,,,,,,,,,,,,,,,,,,,,,,,,,,,,,,,,,,,,,,,,,,,,,,,,,,,,,,,,,,,,,,,,,,,,,,,,,,,,,,,,,,,,,,,48,4.4962338858244776e-05,4.4124010095039564e-05,5.1827705070345496e-05,8.71630144526357e-05,6.948661002617826e-05,4.060901560886284e-05,2.5690305916049118e-05,8.018580700299726e-06,8.758455399788975e-06,7.624478361381928e-06
,,,,,,,,,,,,,,,,,,,,,,,,,,,,,,,,,,,,,,,,,,,,,,,,,,,,,,,,,,,,,,,,,,,,,,,,,,,,,,,,,,,,,,,,,,,,,,,,,,,,,,,6.473395743805151e-05,5.9242656571627104e-05,0.00011927229492965452,0.00011367772628810506,0.00016880227886271063,9.80317251318779e-05,6.580969408395088e-05,2.2703641521922494e-05,1.6782285340951763e-05,1.8608854971951403e-05
,,,,,,,,,,,,,,,,,,,,,,,,,,,,,,,,,,,,,,,,,,,,,,,,,,,,,,,,,,,,,,,,,,,,,,,,,,,,,,,,,,,,,,,,,,,,,,,,,,,,,,49,5.597178784749107e-05,,6.992926648626802e-05,,7.729899655965753e-05,3.543631888578352e-05,,2.864017834469233e-05,,2.021566737031134e-05
,,,,,,,,,,,,,,,,,,,,,,,,,,,,,,,,,,,,,,,,,,,,,,,,,,,,,,,,,,,,,,,,,,,,,,,,,,,,,,,,,,,,,,,,,,,,,,,,,,,,,,,7.515043437473114e-05,,0.00011698554832854677,,0.0001021269293662684,6.049701444754982e-05,,4.9433895729381745e-05,,2.8828777074133104e-05
