767-300,2020-08-31 00:00:00,,,,,,,,,,,,,,,,,,,,,,,,,,,,,,,,,,,,,,,,,,,,,,,
FWD,,,,,,,,,,,,,,,,,,,,,,,,,,,,,,,,,,,,,,,,,,,,,,,,,,,,# PARTICLES RELEASED,,180000000
Release Location,Test,Breathing/Cough,Gaspers,Mask,Start Time,End Time,S784 Front Galley,S250 1A,S230 1F,S242 1L,S237 2A,S238 2D,S248 2L,S234 3A,S258 3F,S240 3L,S236 4A,S243 4D,S229 4L,S247 5F,S249 5L,S755 7A,S725 7F,S768 7L,S737 8A,S717 8D,S776 8L,S799 9A,S794 9F,S759 9L,S798 10A,S722 10D,S771 10L,S769 16A,S756 16B,S751 16D,S757 16E,S760 16F,S743 16K,S754 16L,S800 17B,S806 17K,S359 18L,,,,,,,,,,,,S784 Front Galley,S250 1A,S230 1F,S242 1L,S237 2A,S238 2D,S248 2L,S234 3A,S258 3F,S240 3L,S236 4A,S243 4D,S229 4L,S247 5F,S249 5L,S755 7A,S725 7F,S768 7L,S737 8A,S717 8D,S776 8L,S799 9A,S794 9F,S759 9L,S798 10A,S722 10D,S771 10L,S769 16A,S756 16B,S751 16D,S757 16E,S760 16F,S743 16K,S754 16L,S800 17B,S806 17K,S359 18L,,,,767 - FLIGHT BNM 6A Tests 32-34,,,,,,,
,,,,,,,Galley,1A,1F,1L,2A,2D,2L,3A,3F,3L,4A,4D,4L,5F,5L,7A,7F,7L,8A,8D,8L,9A,9F,9L,10A,10D,10L,16A,16B,16D,16E,16F,16K,16L,17B,17K,18L,,,,,,,,,,,,Galley,1A,1F,1L,2A,2D,2L,3A,3F,3L,4A,4D,4L,5F,5L,7A,7F,7L,8A,8D,8L,9A,9F,9L,10A,10D,10L,16A,16B,16D,16E,16F,16K,16L,17B,17K,18L,,,,,A,B,D,E,F,K,L
6A,32,B,Off,No,11:48:00,11:53:00,5102,6794,3478,7882,9531,8386,7855,17664,6850,13271,11857,21242,14313,8188,9888,4501,2512,2149,2076,1087,1093,746,584,587,532,536,427,266,0,259,217,0,240,0,0,0,0,,,,,,,,,6A,BNM,AVERAGE,5591.333333333333,6750.666666666667,4184.666666666667,8129,9452.666666666666,8434.666666666666,8103,17280.333333333332,7114.333333333333,13163.333333333334,12791,20582.333333333332,14137,8253.666666666666,9591.666666666666,4567.666666666667,2623.3333333333335,2406.3333333333335,2291,1113.3333333333333,1249.6666666666667,780.6666666666666,653.6666666666666,634.6666666666666,566.6666666666666,570.6666666666666,494,257.6666666666667,78.33333333333333,294.6666666666667,269,0,222,73,0,0,0,,,,1,3.700170811821649e-05,,,,1.634852151750257e-05,,4.189543761172145e-05
6A,33,B,Off,No,11:55:00,12:00:00,5528,6705,4556,8057,9329,8427,8170,16674,7158,13620,13101,22242,14339,8567,10004,5185,2059,2601,2828,1415,1485,937,755,730,699,695,535,287,235,317,319,0,214,219,0,0,0,,,,,,,,,,,STDEV.P,427.74551104859324,36.37153954521157,499.90487984104425,236.61079152622492,88.47724126701861,43.2075096353503,181.43318329346482,433.75133685352745,200.3935017797622,423.7171488413258,672.7634552104229,1690.065153247715,267.4970404820709,233.68687501773726,503.3357615835466,479.15852166990504,512.312621572241,189.77413475556205,382.2207041313522,236.29407290257808,169.42517194587376,116.11010100570732,73.31363371767142,67.41084647311753,97.04409078122971,90.73894178110936,47.77028364998475,27.980151695244416,110.78006238589245,25.48637980482037,41.66533331199932,0,12.754084313139327,103.23759005323593,0,0,0,,,,,3.800569928919092e-05,,,,3.014777477879373e-05,,4.842678461050078e-05
6A,34,B,Off,No,12:02:00,12:07:00,6144,6753,4520,8448,9498,8491,8284,17503,7335,12599,13415,18263,13759,8006,8883,4017,3299,2469,1969,838,1171,659,622,587,469,481,520,220,0,308,271,0,212,0,0,0,0,,,,,,,,,,,STANDARD ERROR,246.95898594855936,20.99911814726902,288.62021694543444,136.6073041808364,51.082359062668665,24.945867318982845,104.75049721441263,250.42645109374413,115.69724219639747,244.6332099438002,388.4201619666804,975.7595711755745,154.43948832975184,134.91918019757304,290.601037443026,276.64230147062284,295.78382997397625,109.56614778635206,220.6752264200845,136.42444659821652,97.81766863044885,67.03619807127976,42.32764616216722,38.91967035755494,56.02843193580546,52.388152463305275,27.580186124583474,16.154348113215928,63.958898839338545,14.714568240982084,24.05549140355829,0,7.363574011458174,59.604250407724,0,0,0,,,,2,5.1293662642333344e-05,,4.626291444218379e-05,,,,4.2512547836035456e-05
6A,35,B,Off,Yes,12:09:00,12:14:00,4208,4873,3255,5501,6413,5667,5322,13089,4599,8117,17772,13737,7969,5806,6598,6253,2776,1848,2994,1545,1278,1082,838,762,679,810,569,383,260,373,335,0,344,272,0,0,0,,,,,,,,,,,% STANDARD ERROR,0.04416817442742805,0.003110673239275482,0.06897089778845812,0.01680493347039444,0.005404015698850624,0.002957540387169955,0.012927372234285158,0.014491991923019086,0.0162625557133108,0.018584442386209182,0.03036667672321792,0.04740762650050567,0.01092448810424785,0.016346574879557336,0.03029724108876031,0.0605653436774333,0.1127511423026593,0.04553240661574403,0.09632266539506089,0.12253692808223042,0.07827500823988971,0.08587045013400482,0.06475417566879228,0.0613230100171559,0.09887370341612728,0.0918016690361658,0.05583033628458193,0.06269475335012649,0.8164965809277261,0.049936317559893945,0.08942561860058844,#DIV/0!,0.03316925230386565,0.816496580927726,#DIV/0!,#DIV/0!,#DIV/0!,,,,,5.373596698729627e-05,,4.745560407633472e-05,,,,4.7520785497297875e-05
6A,36,B,Off,Yes,12:16:00,12:21:00,4335,5431,3282,6094,6905,6236,5687,13282,4996,8899,14863,14876,8997,6989,7544,7327,3296,2852,3366,1800,1460,1296,977,861,734,800,744,266,223,280,282,0,244,244,0,0,0,,,,,,,,,,,95% LOW,2.515927120442601e-05,3.700170811821649e-05,1.634852151750257e-05,4.189543761172145e-05,5.1293662642333344e-05,4.626291444218379e-05,4.2512547836035456e-05,9.001526841264973e-05,3.675826722312353e-05,6.728153683858423e-05,6.177571135031873e-05,9.102022165869352e-05,7.484692712065043e-05,4.262838574598061e-05,4.6340057791940694e-05,1.8762638019103205e-05,7.503197294196187e-06,1.074927888560367e-05,7.452413892857647e-06,2.9238829978955973e-06,4.6042068808324744e-06,2.7344994798108326e-06,2.619615584615895e-06,2.595529583989487e-06,1.8087573558160876e-06,1.9180024812059113e-06,2.0851247728106514e-06,1.0453028151972142e-06,0,1.2852771084762267e-06,9.193845582804927e-07,0,1.0573030057149748e-06,0,0,0,0,,,,3,9.001526841264973e-05,,,,3.675826722312353e-05,,6.728153683858423e-05
6A,37,B,Off,Yes,12:23:00,12:28:00,4555,5134,3450,6455,7135,6713,6096,14009,5468,10013,17275,13228,9811,7932,9214,5816,3984,3959,2513,1168,1671,866,924,766,674,627,569,309,215,387,320,0,200,0,0,0,0,,,,,,,,,,,95% HIGH,3.696665472149991e-05,3.800569928919092e-05,3.014777477879373e-05,4.842678461050078e-05,5.373596698729627e-05,4.745560407633472e-05,4.7520785497297875e-05,0.00010198843529105395,4.228988092502462e-05,7.897772242067502e-05,8.034651087190348e-05,0.00013767237093389905,8.223085065712734e-05,4.90790216614268e-05,6.023401628213337e-05,3.198921383274865e-05,2.1644950853951963e-05,1.5987758151433368e-05,1.8003141662697906e-05,9.446487372474773e-06,9.280978304352712e-06,5.9395745942632416e-06,4.643347378347068e-06,4.456322267862365e-06,4.487538940480208e-06,4.422738259534829e-06,3.4037641160782372e-06,1.8176601477657488e-06,1.9641581946611502e-06,1.9887969655978475e-06,2.0695043306083963e-06,0,1.4093636609516918e-06,1.8304282750246466e-06,0,0,0,,,,,0.00010198843529105395,,,,4.228988092502462e-05,,7.897772242067502e-05
6A,38,C,Off,No,12:33:00,12:38:00,7493,8667,5386,10896,12162,11113,10929,26198,9181,17743,21251,24419,18991,9956,10796,4766,3495,2468,2673,1234,1323,970,1036,830,781,824,573,370,227,370,304,292,259,0,0,0,0,,,,,,,,,6A,BM,AVERAGE,4366,5146,3329,6016.666666666667,6817.666666666667,6205.333333333333,5701.666666666667,13460,5021,9009.666666666666,16636.666666666668,13947,8925.666666666666,6909,7785.333333333333,6465.333333333333,3352,2886.3333333333335,2957.6666666666665,1504.3333333333333,1469.6666666666667,1081.3333333333333,913,796.3333333333334,695.6666666666666,745.6666666666666,627.3333333333334,319.3333333333333,232.66666666666666,346.6666666666667,312.3333333333333,0,262.6666666666667,172,0,0,0,,,,4,6.177571135031873e-05,,9.102022165869352e-05,,,,7.484692712065043e-05
6A,39,C,Off,No,12:40:00,12:45:00,7860,9418,6079,10445,12604,12100,9939,27087,8091,14553,39573,27331,13171,8725,8589,8327,3489,2252,3851,2214,1484,1300,1116,993,819,978,755,236,217,294,235,229,234,0,0,0,0,,,,,,,,,,,STDEV.P,143.34806125883486,227.96052289815447,86.2670273047588,393.2889805502084,301.1548143766296,427.5779331173311,316.15432237367173,396.11698608702284,355.20792033211575,777.9842900441856,1270.4782126777652,688.9852441574251,753.683104641614,869.7773661499054,1081.5252604025895,634.8723406236004,494.7511158821844,862.1540207848917,349.18221922403524,259.61039184816076,160.5871172361663,175.54739784140605,57.27710420985567,45.75538826800135,27.182510717166817,84.00925874899478,82.49579113843055,48.32068800098865,19.601587237318874,47.48567035315905,22.305953365762146,0,60.25132548104002,122.15836715782781,0,0,0,,,,,8.034651087190348e-05,,0.00013767237093389905,,,,8.223085065712734e-05
6A,40,C,Off,No,12:47:00,12:52:00,7753,8873,5938,10444,12149,10192,10004,25916,8777,14838,30023,24922,14920,10134,11505,7249,4226,3502,3507,1808,1717,1356,1236,940,855,955,724,474,286,398,324,267,279,202,0,0,230,,,,,,,,,,,STANDARD ERROR,82.76204175559927,131.61306925985733,49.806291436591295,227.06549878997632,173.87181314809888,246.86223478483492,182.5317831279031,228.69824854792589,205.07938842203419,449.16943928231046,733.5109380890624,397.78581618196944,435.13914334850875,502.16619648169166,624.4189002288152,366.5437167600835,285.6446899364469,497.76485598307545,201.60044826522767,149.88612961795985,92.71501536468661,101.35233739927412,33.06895153396242,26.416885733406424,15.69382987980615,48.50276815315306,47.62896722078402,27.89796222479872,11.316981668009985,27.415864561046213,12.878348180254015,0,34.786118985510214,70.52816616233703,0,0,0,,,,5,,,,,4.262838574598061e-05,,4.6340057791940694e-05
6A,41,C,Off,Yes,12:54:00,12:59:00,1200,796,1321,980,911,1144,813,1437,1183,1080,1528,1427,1037,1211,930,788,781,516,538,379,350,365,363,249,296,389,2725,382,0,216,305,298,295,0,0,0,0,,,,,,,,,,,% STANDARD ERROR,0.0189560333842417,0.025575800478013472,0.014961337169297475,0.03773941808143651,0.025503126164586935,0.0397822681754676,0.032013759098726065,0.016990954572654225,0.04084433149213985,0.04985416840604282,0.04409001831831671,0.028521245872371797,0.04875144452498511,0.07268290584479543,0.08020451706997969,0.05669370747990568,0.08521619628175624,0.17245577641173648,0.06816199084815543,0.09963624836115213,0.06308574418100699,0.09372904198453218,0.03622010025625676,0.03317315077447437,0.022559410464503334,0.06504617991035279,0.07592290205225932,0.08736313849101897,0.048640322355343775,0.07908422469532561,0.04123270495278767,#DIV/0!,0.13243446314280538,0.410047477688006,#DIV/0!,#DIV/0!,#DIV/0!,,,,,,,,,4.90790216614268e-05,,6.023401628213337e-05
6A,42,C,Off,Yes,13:01:00,13:06:00,422,325,300,422,505,451,409,964,351,554,1172,964,539,475,521,523,277,0,253,0,0,0,0,0,0,0,0,0,0,0,0,0,0,0,0,0,0,,,,,,,,,,,95% LOW,2.227708296847587e-05,2.544260534986019e-05,1.730379737749082e-05,2.7997799029852215e-05,3.371942363716888e-05,2.8572695205856604e-05,2.7312402243707224e-05,6.931061909165709e-05,2.299190773122215e-05,3.931605871908269e-05,7.489093944483018e-05,6.797404240538325e-05,3.9184794071322405e-05,2.637877142521823e-05,2.8324771142493006e-05,2.7156087333970522e-05,1.179372721779705e-05,4.135839766878665e-06,1.1612110765452176e-05,4.774296208818067e-06,5.948410864180113e-06,3.5845234750236486e-06,4.28169056416311e-06,3.792563744569364e-06,3.489645092743671e-06,2.983106973909161e-06,2.3465882632349987e-06,1.107157788222358e-06,1.022053858606776e-06,1.2705344525582491e-06,1.4273211172983349e-06,0,6.27677759288979e-07,0,0,0,0,,,,6,1,,,,,,
6A,43,C,Off,Yes,13:08:00,13:13:00,455,308,225,405,478,412,450,819,376,608,1297,815,558,580,859,575,340,302,304,0,0,0,0,0,0,0,0,0,0,0,0,0,0,0,0,0,0,,,,,,,,,,,95% HIGH,2.6234028142635242e-05,3.1735172427917586e-05,1.968509151139807e-05,3.8854052821999634e-05,4.2032428214682985e-05,4.037545294229154e-05,3.603944960814464e-05,8.024493646389846e-05,3.279698115766674e-05,6.0791348688324716e-05,0.00010996091240702169,8.699262426128342e-05,5.998928000275167e-05,5.038789524144844e-05,5.817893256121069e-05,4.468094970306651e-05,2.54507172266474e-05,2.7934530603491704e-05,2.1250852197510786e-05,1.1940518605996748e-05,1.038121876544952e-05,8.430291339791166e-06,5.862753880281335e-06,5.055584403578784e-06,4.239984536885958e-06,5.302078211276023e-06,4.623782107135372e-06,2.44099035992579e-06,1.563131326578409e-06,2.581317399293603e-06,2.043049253072035e-06,0,2.2908407592295395e-06,2.6415705499807566e-06,0,0,0,,,,,,,,,,,
6D,44,B,Off,No,13:19:00,13:24:00,2934,3197,1905,4234,4566,3657,4215,8076,3800,7335,18244,9092,7387,9072,11864,28276,7708,10372,10321,4481,4078,3042,1984,1713,1608,1922,1119,388,267,529,288,429,350,336,0,0,0,,,,,,,,,6A,CNM,AVERAGE,7702,8986,5801,10595,12305,11135,10290.666666666666,26400.333333333332,8683,15711.333333333334,30282.333333333332,25557.333333333332,15694,9605,10296.666666666666,6780.666666666667,3736.6666666666665,2740.6666666666665,3343.6666666666665,1752,1508,1208.6666666666667,1129.3333333333333,921,818.3333333333334,919,684,360,243.33333333333334,354,287.6666666666667,262.6666666666667,257.3333333333333,67.33333333333333,0,0,76.66666666666667,,,,7,1.8762638019103205e-05,,,,7.503197294196187e-06,,1.074927888560367e-05
6D,45,B,Off,No,13:26:00,13:31:00,4073,4360,3001,5522,6401,5280,5528,10875,5046,8286,20531,11096,8183,10221,13301,15512,7833,6998,5336,2227,2457,1212,1721,1070,783,956,743,202,0,359,258,344,233,0,0,0,0,,,,,,,,,,,STDEV.P,154.10602410894478,316.83539364576467,299.04180309782777,212.8395326687847,211.49152859314876,779.0930624771344,452.1491887517757,499.00857262732023,449.9274015512577,1441.3092042383626,7482.17264940843,1270.871704338754,2438.2243539100336,626.4827744373079,1241.7096636850697,1491.013600057208,346.01958839862743,545.5183060376821,494.5902905997605,402.0381408108771,161.74259385414427,170.304302809869,82.19218670625301,67.88716128007317,30.214051182999093,67.82821438506743,79.50262050188451,97.42005269279352,30.444849956747838,43.93935214209088,38.12552367582058,25.901522906749882,18.408935028645434,95.22371319978839,0,0,108.42303978193728,,,,,3.198921383274865e-05,,,,2.1644950853951963e-05,,1.5987758151433368e-05
6D,46,B,Off,No,13:33:00,13:38:00,3450,3718,2656,4548,4888,4494,4640,8745,4493,7431,17618,9826,7610,9392,12297,25602,8966,12176,9416,4275,3846,2664,2260,1898,1408,1737,1056,330,271,681,468,583,349,292,0,0,0,,,,,,,,,,,STANDARD ERROR,88.97315450304224,182.9249998101833,172.65186551748192,122.882961480517,122.10469096457987,449.8095893449435,261.0484558397086,288.10273373431426,259.7657064014075,832.140257052504,4319.834393259212,733.7381206054581,1407.7094870746594,361.6999984640433,716.9014085839347,860.837103358422,199.77450250683106,314.95514083872445,285.551837416347,232.11682882165658,93.3821301011185,98.32523507142942,47.45368112013916,39.19467083956979,17.444090583813658,39.160637833870325,45.90085934804368,56.245493646651866,17.57734231796613,25.368396787253932,22.011781357230465,14.954251222633303,10.628403594282773,54.97743644913355,0,0,62.598071204458996,,,,8,7.452413892857647e-06,,2.9238829978955973e-06,,,,4.6042068808324744e-06
6D,47,B,Off,Yes,13:42:00,13:47:00,2497,2655,1788,3646,3950,3099,3284,6799,3011,5667,16274,8111,5464,6706,8353,18222,5693,5948,6381,3487,2523,2108,1558,1398,1196,1436,874,478,333,384,302,498,380,312,0,0,0,,,,,,,,,,,% STANDARD ERROR,0.011551954622571052,0.020356665903648263,0.029762431566537136,0.011598203065645777,0.009923176835804947,0.040396011616070364,0.02536749700437697,0.010912844549979707,0.029916584867143558,0.052964330868534644,0.14265196627051677,0.02870949449364011,0.08969730387884921,0.037657469907760886,0.06962461073977999,0.12695464114026478,0.053463292374709474,0.11491917082415147,0.08540080871787868,0.1324867744415848,0.06192448945697514,0.08135016690962169,0.042019198158328656,0.04255664586272507,0.021316607638061494,0.042612228328476956,0.06710651951468374,0.15623748235181073,0.07223565336150464,0.0716621378171015,0.07651835929512328,0.05693242851256333,0.04130208650628021,0.816496580927726,#DIV/0!,#DIV/0!,0.816496580927726,,,,,1.8003141662697906e-05,,9.446487372474773e-06,,,,9.280978304352712e-06
6D,48,B,Off,Yes,13:49:00,13:54:00,4128,3993,2765,5285,5528,5046,5038,9151,4712,7919,22412,10556,8339,10098,12377,13581,9120,11776,5058,2094,3452,1398,1916,1286,835,1034,855,240,211,360,327,410,275,216,0,0,0,,,,,,,,,,,95% LOW,4.066193620096339e-05,4.554929847675989e-05,2.810043901487931e-05,5.592352564860742e-05,6.54421306376634e-05,5.1108162983603934e-05,5.0929862006602227e-05,0.00013978126261152544,4.202904536308191e-05,6.739241004020228e-05,6.496714410632746e-05,0.00012444476777982247,5.3536811539543e-05,4.471447170338456e-05,4.006577725294442e-05,1.7091581171752094e-05,1.5983538790998737e-05,7.696748309097974e-06,1.1749650612578475e-05,4.184451586557843e-06,6.145426078749373e-06,4.3642954453017e-06,5.1396674637409695e-06,4.179696285429618e-06,4.129285619728796e-06,4.169398752226978e-06,2.7027144568076005e-06,6.554202268803167e-07,9.31655718550695e-07,1.3602210479135908e-06,1.0719442860361334e-06,1.1017695758648643e-06,1.1755517370396364e-06,0,0,0,0,,,,9,2.7344994798108326e-06,,,,2.619615584615895e-06,,2.595529583989487e-06
6D,49,B,Off,Yes,13:56:00,14:01:00,3260,3134,2382,4039,4458,3913,3805,7611,3821,6329,16691,8903,6171,7791,9509,20932,6305,6719,7166,3903,2693,2255,1683,1560,1302,1551,993,255,246,543,430,578,230,250,0,0,0,,,,,,,,,,,95% HIGH,4.4915841576814394e-05,5.429514596768455e-05,3.635511654067625e-05,6.179869657361481e-05,7.128009158455882e-05,7.261405923861829e-05,6.341087873413852e-05,0.00015355577442551158,5.4448732414695866e-05,0.00010717796033016811,0.00027150322626404285,0.0001595256025905479,0.00012084096623823478,6.200775051883766e-05,7.434163015446298e-05,5.824915956898864e-05,2.553497972751978e-05,2.2755103542753878e-05,2.540220123927338e-05,1.5282215080108824e-05,1.0610129476806184e-05,9.065334184327931e-06,7.408480684407177e-06,6.0536370479037166e-06,4.963306972863797e-06,6.041712358884134e-06,4.8972855431924e-06,3.344579773119683e-06,1.772047985153009e-06,2.5731122854197425e-06,2.1243520102601633e-06,1.8167489426536543e-06,1.6837075222196226e-06,1.6883402354108611e-06,0,0,1.9223675947747433e-06,,,,,5.9395745942632416e-06,,,,4.643347378347068e-06,,4.456322267862365e-06
6L,50,B,Off,No,14:08:00,14:13:00,4954,5239,3558,7055,6903,5751,6909,11437,7265,12064,16060,12211,12714,21939,20343,7977,16190,6941,5714,3237,3829,2926,3902,2337,1905,2033,1714,1376,452,633,981,836,773,633,358,546,0,,,,,,,,,6A,CM,AVERAGE,692.3333333333334,476.3333333333333,615.3333333333334,602.3333333333334,631.3333333333334,669,557.3333333333334,1073.3333333333333,636.6666666666666,747.3333333333334,1332.3333333333333,1068.6666666666667,711.3333333333334,755.3333333333334,770,628.6666666666666,466,272.6666666666667,365,126.33333333333333,116.66666666666667,121.66666666666667,121,83,98.66666666666667,129.66666666666666,908.3333333333334,127.33333333333333,0,72,101.66666666666667,99.33333333333333,98.33333333333333,0,0,0,0,,,,10,1.8087573558160876e-06,,1.9180024812059113e-06,,,,2.0851247728106514e-06
6L,51,B,Off,No,14:15:00,14:20:00,5995,6672,4710,8500,8808,7514,8335,13756,8273,12559,12627,13779,14434,19533,14598,5226,12738,4069,3740,2161,2109,1763,2309,1049,1035,1279,1000,435,301,460,466,613,460,384,228,378,0,,,,,,,,,,,STDEV.P,359.2272570702594,226.1449879072175,499.9202158567127,267.14082844489013,198.06115778269654,336.2528810285497,181.55684754062264,263.8766546871642,386.4508018134032,236.26162522838015,147.46826400581546,260.57926923597654,230.41170880742052,325.04392865512125,178.43953224178398,114.64825433569507,224.21864329265753,211.67480299322878,124.08867796862049,178.66231337980102,164.9915822768611,172.06265008872657,171.1198410471445,117.37972567696688,139.53573815414538,183.37635858771134,1284.5773191555613,180.0765269421741,0,101.82337649086284,143.77837884126467,140.47854719572743,139.06433363335435,0,0,0,0,,,,,4.487538940480208e-06,,4.422738259534829e-06,,,,3.4037641160782372e-06
6L,52,B,Off,No,14:22:00,14:27:00,5585,5941,4681,8372,8492,7404,8064,13532,7924,12333,13625,14467,13959,17549,19044,5354,9569,5949,3421,1817,2580,1428,2052,1229,1198,1164,923,355,327,619,389,473,339,304,237,256,236,,,,,,,,,,,STANDARD ERROR,207.39995356976516,130.5648696441167,288.6290711982089,154.23382921419696,114.3506627618488,194.1356913776204,104.82189480079833,152.3492576164922,223.11747445551507,136.40571292478376,85.14084192068435,150.44551123862703,133.0282621044059,187.66419970748777,103.0221119738649,66.19220050283423,129.4526940623485,122.21050448880165,71.64263162856783,103.1507347238694,95.25793444156804,99.34041734620668,98.79608629225486,67.76921621700126,80.56099598486897,105.87238999362849,741.6510610093512,103.96723130479712,0,58.787753826796276,83.01048572765215,81.10532703882079,80.28883045789307,0,0,0,0,,,,16,1.0453028151972142e-06,0,1.2852771084762267e-06,9.193845582804927e-07,0,1.0573030057149748e-06,0
6L,53,B,Off,Yes,14:31:00,14:36:00,3507,3671,2682,4999,5202,3967,4805,7314,5469,8199,11081,8125,8933,14261,13558,6528,10337,4449,4797,2291,2283,1786,2004,1319,1137,1340,945,393,256,339,320,457,409,384,0,284,0,,,,,,,,,,,% STANDARD ERROR,0.299566615652044,0.27410399505412886,0.4690613291411846,0.25606059083707294,0.18112565379384707,0.29018787948822183,0.1880775624416238,0.14194030212716666,0.3504462949563064,0.18252325547473294,0.06390355910984565,0.14077870671112946,0.18701255216177026,0.24845216201344364,0.13379495061540894,0.10528982052412655,0.2777954808204904,0.4482047841887591,0.19628118254402144,0.8164965809277261,0.816496580927726,0.816496580927726,0.816496580927726,0.816496580927726,0.8164965809277259,0.8164965809277261,0.816496580927726,0.8164965809277261,#DIV/0!,0.816496580927726,0.816496580927726,0.8164965809277261,0.8164965809277261,#DIV/0!,#DIV/0!,#DIV/0!,#DIV/0!,,,,,1.8176601477657488e-06,1.9641581946611502e-06,1.9887969655978475e-06,2.0695043306083963e-06,0,1.4093636609516918e-06,1.8304282750246466e-06
6L,54,B,Off,Yes,14:38:00,14:43:00,3775,3889,2970,5392,5626,4434,5003,7648,5595,8395,9044,8501,9796,13167,12917,4753,8976,5453,2939,1353,1961,1093,1434,938,547,696,634,0,204,311,0,256,211,0,0,0,0,,,,,,,,,,,95% LOW,0,0,0,0,7.737912859394334e-07,0,5.904706666972117e-07,2.320969321164263e-06,0,8.909975034332717e-07,5.366512725270158e-06,2.3405535100380815e-06,7.717373416559703e-07,0,1.8149769565358858e-06,1.910231266127616e-06,0,0,3.151208672348481e-07,0,0,0,0,0,0,0,0,0,0,0,0,0,0,0,0,0,0,,,,17,,0,,,,0,
6L,55,B,Off,Yes,14:45:00,14:50:00,3500,4039,3065,5695,5605,4633,5279,8514,4907,7803,10725,9877,8280,13983,12572,4595,7464,7224,2954,1870,2822,1226,1673,1037,859,970,753,306,232,443,369,407,269,286,0,0,0,,,,,,,,,,,95% HIGH,8.804307408577959e-06,5.767522041177597e-06,1.0318356814995704e-05,7.033341669122349e-06,6.241023528875381e-06,8.357588222210559e-06,5.6021219258953815e-06,9.604956604761663e-06,8.8707842180486e-06,7.412706200270431e-06,9.437190978433544e-06,9.533520564035995e-06,7.131966362047734e-06,8.682513248192518e-06,6.74057859901967e-06,5.0749539190575685e-06,5.683527458612699e-06,4.436324819344334e-06,3.7404346883207077e-06,3.1677274713896855e-06,2.925341992048522e-06,3.0507137917077443e-06,3.033997551753181e-06,2.0811718743430915e-06,2.474003513275321e-06,3.2513086711625002e-06,2.2775876938092066e-05,3.192801831321529e-06,0,1.805353915092802e-06,2.5492265930708546e-06,2.4907197532298844e-06,2.4656453932980395e-06,0,0,0,0,,,,,,0,,,,0,
6L,56,C,Off,No,15:01:00,15:06:00,,5737,4089,7510,7778,6224,7089,12831,6509,11208,15386,15108,12226,19609,12614,3845,4253,1492,1923,994,959,730,629,487,432,562,314,446,0,281,333,236,208,222,0,0,0,,,,,,,,,6D,BNM,AVERAGE,3485.6666666666665,3758.3333333333335,2520.6666666666665,4768,5285,4477,4794.333333333333,9232,4446.333333333333,7684,18797.666666666668,10004.666666666666,7726.666666666667,9561.666666666666,12487.333333333334,23130,8169,9848.666666666666,8357.666666666666,3661,3460.3333333333335,2306,1988.3333333333333,1560.3333333333333,1266.3333333333333,1538.3333333333333,972.6666666666666,306.6666666666667,179.33333333333334,523,338,452,310.6666666666667,209.33333333333334,0,0,0,,,,18,,,,,,,0
6L,57,C,Off,Yes,15:08:00,15:13:00,,728,1036,1036,892,1012,855,1132,1171,1295,1066,1256,1210,1673,1322,616,1161,463,433,384,257,349,330,240,250,338,207,506,0,0,286,0,292,0,0,0,0,,,,,,,,,,,STDEV.P,465.6782389399597,475.64856307525577,457.5589822331349,548.3526845622866,800.0054166483291,662.6960087400557,547.0261013476007,1193.447946078923,509.74656012135637,427.4786544378561,1252.0123357574753,827.8266055696017,335.27335447694355,484.17650592411945,601.8927553052029,5496.2418675552,565.8698319107201,2146.055192414419,2168.349346597289,1017.4726859560735,715.7580286350657,788.8168355201352,220.0671614656661,354.8486375281094,351.3861440384669,418.64092277538066,164.4228964861308,77.70599862444483,126.8183302558778,131.52439570918648,92.73618495495704,98.91747402085572,54.92014404771916,149.10697129540554,0,0,0,,,,,,,,,,,0
6L,58,C,Off,No,15:14:00,15:19:00,,7426,4632,9031,9698,8619,8325,19597,7324,12484,10941,15913,12018,32502,12762,4008,10458,2236,2123,1751,1418,1002,2956,903,705,922,764,661,364,607,1080,737,635,477,0,614,387,,,,,,,,,,,STANDARD ERROR,268.8594566077366,274.61582593115764,264.17180156243165,316.59157004289017,461.88334265507154,382.6077190369618,315.8256668667888,689.0374929324722,294.3023137045509,246.80491621251525,722.8496590783105,477.94591356794376,193.5701614593722,279.5394360305828,347.50294429874447,3173.2567217642863,326.70509977994254,1239.0255430362588,1251.897078955094,587.4381291298306,413.24309050709104,455.42361232885884,127.05583491199916,204.8719563984259,202.8728848501135,241.70244945815938,94.9296035472056,44.863579223471916,73.2185971114099,75.93564526770167,53.541261347363374,57.11003025349887,31.708159949883683,86.0869500154522,0,0,0
6L,59,C,Off,Yes,15:20:00,15:25:00,,1130,1753,1375,1237,1699,1003,1404,1814,1119,1308,1443,1047,2072,1173,616,681,586,410,398,344,448,320,288,243,430,338,455,0,211,333,255,313,247,0,238,0,,,,,,,,,,,% STANDARD ERROR,0.07713286504955626,0.07306851244288008,0.10480235449448493,0.06639923868349207,0.08739514525166917,0.08546073688562916,0.06587478277135274,0.07463577696408928,0.06618988988032481,0.03211932798184738,0.03845422263818083,0.04777229761790602,0.02505222106894377,0.029235429949163273,0.02782843502472461,0.13719224910351432,0.039993279444233386,0.1258064248666072,0.14979026190983458,0.16045837998629625,0.1194229141240028,0.19749506172110098,0.06390067137233822,0.13130012159694035,0.1602049630298343,0.15711968545492486,0.09759726204304894,0.14629428007653886,0.40828214002644925,0.1451924383703665,0.15840609866083838,0.1263496244546435,0.10206489254254404,0.41124339179356145,#DIV/0!,#DIV/0!,#DIV/0!,,,,767 - FLIGHT BM 6A Tests 35-37,,,,,,,
6L,60,C,Off,No,15:27:00,15:32:00,,6741,4323,8114,9052,4445,7833,13543,6954,12134,21857,9106,12121,44079,14520,7791,8338,4598,3960,1929,2308,1054,1054,865,483,667,443,0,0,293,306,283,234,0,0,0,0,,,,,,,,,,,95% LOW,1.293758013824209e-05,1.4314785746397569e-05,7.688530025241797e-06,1.892059152280802e-05,1.8319533203084596e-05,1.5725772138799743e-05,1.9085197160030785e-05,3.481706482173095e-05,1.766639154145917e-05,3.6788880252986374e-05,8.715135879807054e-05,4.4155918892132245e-05,3.8298523677261045e-05,4.64378248523726e-05,6.106682313342132e-05,5.264153514582376e-05,3.7573266420260596e-05,2.509522086100914e-05,1.650418631068276e-05,6.295854057524107e-06,9.345268416007338e-06,1.9239566452717797e-06,8.008955976150006e-06,3.7709405830605918e-06,2.1853961656849716e-06,2.7682649628604076e-06,3.1343587922391157e-06,6.312149181559279e-07,0,1.0902717689615537e-06,5.978441801238635e-07,1.1458641101066355e-06,9.6792474667954e-07,0,0,0,0,,,,,A,B,D,E,F,K,L
6L,61,C,Off,Yes,15:33:00,15:38:00,,,1261,1362,1042,,,,1852,404,707,,,,1822,919,447,744,562,549,469,543,,,368,,,,220,221,311,310,297,0,0,0,0,,,,,,,,,,,95% HIGH,2.579204949138754e-05,2.7444473512861693e-05,2.031887738216561e-05,3.4057186254969756e-05,4.040268901913763e-05,3.401867230564471e-05,3.4185173210339584e-05,6.776071295604682e-05,3.173731216224453e-05,4.85888975247914e-05,0.00012171160416489245,6.700704407083072e-05,4.7553328174590805e-05,5.980291588836813e-05,7.768132501472685e-05,0.00020435846485417625,5.319340024640608e-05,8.433440876862048e-05,7.63587766522802e-05,3.438192372025367e-05,2.9102879732140814e-05,2.369826557695044e-05,1.4083636616442587e-05,1.3566096453976444e-05,1.1884974204685398e-05,1.4324327629732186e-05,7.67304861516829e-06,2.77619248925148e-06,2.7466275372429455e-06,4.720839342149557e-06,3.157711375431692e-06,3.8763581121155865e-06,2.483927105172312e-06,3.22091932916569e-06,0,0,0,,,,1,2.544260534986019e-05,,,,1.730379737749082e-05,,2.7997799029852215e-05
,,,,,,,,,,,,,,,,,,,,,,,,,,,,,,,,,,,,,,,,,,,,,,,,,,,,6D,BM,AVERAGE,3295,3260.6666666666665,2311.6666666666665,4323.333333333333,4645.333333333333,4019.3333333333335,4042.3333333333335,7853.666666666667,3848,6638.333333333333,18459,9190,6658,8198.333333333334,10079.666666666666,17578.333333333332,7039.333333333333,8147.666666666667,6201.666666666667,3161.3333333333335,2889.3333333333335,1920.3333333333333,1719,1414.6666666666667,1111,1340.3333333333333,907.3333333333334,324.3333333333333,263.3333333333333,429,353,495.3333333333333,295,259.3333333333333,0,0,0,,,,,3.1735172427917586e-05,,,,1.968509151139807e-05,,3.8854052821999634e-05
Release Location,Test,Breathing/Cough,Gaspers,Mask,Start Time,End Time,S784 Front Galley,S250 1A,S230 1F,S242 1L,S237 2A,S238 2D,S248 2L,S234 3A,S258 3F,S240 3L,S236 4A,S243 4D,S229 4L,S247 5F,S249 5L,S755 7A,S725 7F,S768 7L,S737 8A,S717 8D,S776 8L,S799 9A,S794 9F,S759 9L,S798 10A,S722 10D,S771 10L,S769 16A,S756 16B,S751 16D,S757 16E,S760 16F,S743 16K,S754 16L,S800 17B,S806 17K,S359 18L,,MAX,AVG,BNM MAX,BNM AVG,,,,,,STDEV.P,666.3127393849428,553.5306876969173,401.94720493561783,698.6722328022553,657.6936132340718,798.4077209602177,735.4700688826312,975.4114801229045,694.6927378345048,945.0366248046804,2800.372475225394,1018.5882386911799,1223.1879114292565,1414.4153876739638,1691.6243344457093,3035.3506478750614,1492.3172882764875,2584.854906738266,869.8798128988216,773.5909053814482,403.8731924200411,374.18919753990167,148.3531821925862,112.47913386737807,199.9016424811629,221.6398480017125,61.070087240444934,108.8311638374883,51.29219130519663,81.20344820264715,55.395547354157145,68.61162842809924,62.849025449882674,39.74362282877035,0,0,0,,,,2,3.371942363716888e-05,,2.8572695205856604e-05,,,,2.7312402243707224e-05
6A,32,B,Off,No,11:48:00,11:53:00,2.8344444444444445e-05,3.7744444444444446e-05,1.932222222222222e-05,4.378888888888889e-05,5.295e-05,4.658888888888889e-05,4.363888888888889e-05,9.813333333333334e-05,3.805555555555555e-05,7.372777777777778e-05,6.587222222222223e-05,0.00011801111111111111,7.951666666666667e-05,4.548888888888889e-05,5.493333333333333e-05,2.5005555555555554e-05,1.3955555555555555e-05,1.193888888888889e-05,1.1533333333333334e-05,6.0388888888888885e-06,6.072222222222222e-06,4.1444444444444445e-06,3.2444444444444446e-06,3.261111111111111e-06,2.9555555555555557e-06,2.9777777777777777e-06,2.3722222222222223e-06,1.4777777777777779e-06,0,1.438888888888889e-06,1.2055555555555555e-06,0,1.3333333333333334e-06,0,0,0,0,,0.00011801111111111111,2.546466049382717e-05,0.0002448833333333333,2.9778899176954738e-05,,,,,,STANDARD ERROR,384.6958394483737,319.5810915465339,232.06432696959664,403.378601683699,379.71958464498897,460.96091261945736,424.62384225029973,563.1540806196102,401.08103919282945,545.6171497250376,1616.7958024025997,588.0821938017395,706.2078699331773,816.6131048195119,976.6597648599519,1752.4605136355717,861.5897881027624,1492.366676221463,502.225344139756,446.6329174646255,233.17629636218427,216.0382339275123,85.65174967402724,64.93985821654668,115.41326709794774,127.96382590693645,35.25883130770482,62.833701737794144,29.61356045738106,46.88283267892417,31.98263417682929,39.61294214250168,36.28590176179541,22.94599133876152,0,0,0,,,,,4.2032428214682985e-05,,4.037545294229154e-05,,,,3.603944960814464e-05
6A,33,B,Off,No,11:55:00,12:00:00,3.0711111111111114e-05,3.725e-05,2.531111111111111e-05,4.476111111111111e-05,5.182777777777778e-05,4.681666666666667e-05,4.5388888888888886e-05,9.263333333333334e-05,3.9766666666666667e-05,7.566666666666667e-05,7.278333333333333e-05,0.00012356666666666667,7.966111111111111e-05,4.759444444444444e-05,5.557777777777778e-05,2.8805555555555555e-05,1.143888888888889e-05,1.445e-05,1.571111111111111e-05,7.86111111111111e-06,8.25e-06,5.205555555555556e-06,4.194444444444445e-06,4.055555555555556e-06,3.883333333333333e-06,3.861111111111111e-06,2.972222222222222e-06,1.5944444444444445e-06,1.3055555555555556e-06,1.7611111111111112e-06,1.7722222222222221e-06,0,1.188888888888889e-06,1.2166666666666667e-06,0,0,0,,0.00012356666666666667,2.661481481481482e-05,,,,,,,,% STANDARD ERROR,0.11675139285231372,0.09801096653441033,0.10038831736247872,0.09330268350432515,0.08174216087363426,0.11468591290913684,0.10504424233123602,0.07170588013491917,0.10423103929127585,0.08219188798268205,0.08758848271318055,0.06399153360193031,0.10606907028134234,0.09960720937013766,0.09689405385693495,0.09969434987971396,0.12239650366077694,0.18316491546309327,0.08098231832406708,0.14127991906304055,0.08070245605520913,0.11250038218756066,0.04982649777430322,0.04590470656212065,0.10388232862101507,0.09547164330286231,0.038859843469182385,0.19373186558415462,0.11245655869891542,0.10928399225856449,0.09060236310716513,0.07997229234690784,0.12300305681964545,0.08848068639625266,#DIV/0!,#DIV/0!,#DIV/0!,,,,3,6.931061909165709e-05,,,,2.299190773122215e-05,,3.931605871908269e-05
6A,34,B,Off,No,12:02:00,12:07:00,3.4133333333333334e-05,3.7516666666666666e-05,2.511111111111111e-05,4.6933333333333333e-05,5.2766666666666664e-05,4.717222222222222e-05,4.602222222222222e-05,9.723888888888889e-05,4.075e-05,6.999444444444444e-05,7.452777777777778e-05,0.00010146111111111111,7.643888888888889e-05,4.447777777777778e-05,4.935e-05,2.2316666666666666e-05,1.8327777777777776e-05,1.3716666666666667e-05,1.0938888888888889e-05,4.655555555555556e-06,6.505555555555555e-06,3.661111111111111e-06,3.4555555555555556e-06,3.261111111111111e-06,2.6055555555555557e-06,2.6722222222222224e-06,2.888888888888889e-06,1.2222222222222221e-06,0,1.711111111111111e-06,1.5055555555555556e-06,0,1.1777777777777778e-06,0,0,0,0,,0.00010146111111111111,2.5288425925925923e-05,BM MAX,BM AVG,,,,,,95% LOW,9.109187793631378e-06,1.0475051276344062e-05,7.29496593175829e-06,1.4375528946046533e-05,1.6729999781144143e-05,1.1310102924065604e-05,1.230653855627941e-05,3.016897032089158e-05,1.178971271307364e-05,2.3836348544813867e-05,6.389959812367563e-05,3.699712400039508e-05,2.0106597420430767e-05,2.6024706351638747e-05,3.2650553880412734e-05,5.5763865239774815e-05,1.851062486181748e-05,9.588960327142843e-06,2.244772783796276e-05,6.8859549415724974e-06,1.047764294492697e-05,5.504004515240266e-06,7.5024473397370045e-06,6.306835870893701e-06,3.41320395376406e-06,4.387249946976587e-06,4.197858790090442e-06,2.9977730419780603e-07,7.550343482512368e-07,1.2625731721254965e-06,1.1965484729839088e-06,1.80488246274527e-06,7.714542484388576e-07,8.922040700146806e-07,0,0,0,,,,,8.024493646389846e-05,,,,3.279698115766674e-05,,6.0791348688324716e-05
6A,35,B,Off,Yes,12:09:00,12:14:00,2.3377777777777777e-05,2.7072222222222223e-05,1.8083333333333334e-05,3.056111111111111e-05,3.562777777777778e-05,3.148333333333333e-05,2.9566666666666666e-05,7.271666666666667e-05,2.555e-05,4.509444444444444e-05,9.873333333333334e-05,7.631666666666666e-05,4.4272222222222224e-05,3.2255555555555554e-05,3.665555555555555e-05,3.473888888888889e-05,1.542222222222222e-05,1.0266666666666666e-05,1.6633333333333332e-05,8.583333333333333e-06,7.1e-06,6.011111111111111e-06,4.655555555555556e-06,4.233333333333333e-06,3.772222222222222e-06,4.5e-06,3.161111111111111e-06,2.1277777777777778e-06,1.4444444444444445e-06,2.0722222222222222e-06,1.861111111111111e-06,0,1.9111111111111112e-06,1.511111111111111e-06,0,0,0,,9.873333333333334e-05,2.038873456790124e-05,0.00012451111111111112,1.4343281893004116e-05,,,,,,95% HIGH,2.750192331747973e-05,2.575457835328557e-05,1.8390219253426892e-05,3.36615080909905e-05,3.488481503367067e-05,3.334915633519366e-05,3.260827625853541e-05,5.709399264207139e-05,3.096584284248192e-05,4.9922910714445386e-05,0.00014120040187632436,6.511398711071603e-05,5.387118035734702e-05,6.506788624095387e-05,7.934574241588355e-05,0.00013955094957504,5.970418995299734e-05,8.094066930248679e-05,4.6459679569444646e-05,2.8239970984353426e-05,2.162606075877674e-05,1.583303252179677e-05,1.1597552660262996e-05,9.411682647624816e-06,8.931240490680384e-06,1.0505342645616004e-05,5.8836226913910405e-06,3.3039263995058976e-06,2.170891577674689e-06,3.5040934945411706e-06,2.7256737492383135e-06,3.698821240958434e-06,2.50632352933892e-06,1.9892774114668008e-06,0,0,0,,,,4,7.489093944483018e-05,,6.797404240538325e-05,,,,3.9184794071322405e-05
6A,36,B,Off,Yes,12:16:00,12:21:00,2.4083333333333334e-05,3.0172222222222223e-05,1.8233333333333334e-05,3.385555555555555e-05,3.836111111111111e-05,3.4644444444444446e-05,3.1594444444444446e-05,7.378888888888889e-05,2.7755555555555557e-05,4.943888888888889e-05,8.257222222222223e-05,8.264444444444444e-05,4.998333333333333e-05,3.882777777777778e-05,4.191111111111111e-05,4.0705555555555556e-05,1.831111111111111e-05,1.5844444444444446e-05,1.87e-05,1e-05,8.111111111111112e-06,7.2e-06,5.427777777777778e-06,4.783333333333333e-06,4.077777777777778e-06,4.444444444444444e-06,4.133333333333333e-06,1.4777777777777779e-06,1.238888888888889e-06,1.5555555555555556e-06,1.5666666666666668e-06,0,1.3555555555555556e-06,1.3555555555555556e-06,0,0,0,,8.264444444444444e-05,2.1779783950617282e-05,,,,,,6L,BNM,AVERAGE,5511.333333333333,5950.666666666667,4316.333333333333,7975.666666666667,8067.666666666667,6889.666666666667,7769.333333333333,12908.333333333334,7820.666666666667,12318.666666666666,14104,13485.666666666666,13702.333333333334,19673.666666666668,17995,6185.666666666667,12832.333333333334,5653,4291.666666666667,2405,2839.3333333333335,2039,2754.3333333333335,1538.3333333333333,1379.3333333333333,1492,1212.3333333333333,722,360,570.6666666666666,612,640.6666666666666,524,440.3333333333333,274.3333333333333,393.3333333333333,78.66666666666667,,,,,0.00010996091240702169,,8.699262426128342e-05,,,,5.998928000275167e-05
6A,37,B,Off,Yes,12:23:00,12:28:00,2.5305555555555555e-05,2.852222222222222e-05,1.9166666666666667e-05,3.586111111111111e-05,3.963888888888889e-05,3.729444444444444e-05,3.3866666666666665e-05,7.782777777777778e-05,3.0377777777777778e-05,5.562777777777778e-05,9.597222222222223e-05,7.348888888888888e-05,5.450555555555555e-05,4.406666666666667e-05,5.118888888888889e-05,3.231111111111111e-05,2.2133333333333334e-05,2.1994444444444443e-05,1.3961111111111111e-05,6.488888888888889e-06,9.283333333333333e-06,4.811111111111111e-06,5.133333333333333e-06,4.2555555555555556e-06,3.7444444444444445e-06,3.483333333333333e-06,3.161111111111111e-06,1.7166666666666666e-06,1.1944444444444443e-06,2.15e-06,1.7777777777777777e-06,0,1.111111111111111e-06,0,0,0,0,,9.597222222222223e-05,2.266990740740741e-05,,,,,,,,STDEV.P,428.1668937329098,585.0597310436679,536.3533246740332,653.1035310134391,833.5867614645094,806.4102898373479,618.3258759658122,1044.401051108029,417.95082113675636,202.33690276917415,1441.8629153517566,944.0753265615102,725.2624046202558,1794.968028189422,2459.8857697055773,1267.7413861755174,2703.8348486712143,1191.0242091018413,1014.138167224872,604.8426792701277,725.7365607130149,641.9413264985101,818.2771874832852,569.5034874539596,377.6120878479513,385.4149279240059,356.1220140469961,463.59968363520983,65.91408549518583,78.46159711745754,262.8091829953182,149.47983884866287,182.86789402917796,140.09599883254657,59.27525247146195,118.88743508976137,111.25146690668348,,,,5,,,,,2.637877142521823e-05,,2.8324771142493006e-05
6A,38,C,Off,No,12:33:00,12:38:00,4.162777777777778e-05,4.815e-05,2.992222222222222e-05,6.053333333333333e-05,6.756666666666666e-05,6.173888888888888e-05,6.071666666666667e-05,0.00014554444444444444,5.1005555555555556e-05,9.857222222222222e-05,0.00011806111111111111,0.00013566111111111112,0.00010550555555555555,5.531111111111111e-05,5.9977777777777776e-05,2.6477777777777778e-05,1.9416666666666667e-05,1.371111111111111e-05,1.485e-05,6.855555555555555e-06,7.35e-06,5.388888888888889e-06,5.755555555555556e-06,4.611111111111111e-06,4.338888888888889e-06,4.577777777777778e-06,3.1833333333333335e-06,2.0555555555555555e-06,1.261111111111111e-06,2.0555555555555555e-06,1.6888888888888888e-06,1.6222222222222223e-06,1.438888888888889e-06,0,0,0,0,,0.00014554444444444444,3.402515432098766e-05,,,,,,,,STANDARD ERROR,247.20227135478137,337.7843932100717,309.6637363813038,377.0694994393042,481.27154112444293,465.581197914877,356.99061093577285,602.9852279991486,241.30401909133144,116.81926528077783,832.4599423128752,545.0621439255718,418.73044454062,1036.3252742619347,1420.215711315245,731.9308305712643,1561.0597777246167,687.6381477363092,585.5129438427535,349.20608369398275,419.0041986884124,370.62499765786026,472.4325544652046,328.80299178597426,218.01444056827128,222.51941238662502,205.6071406743849,267.6594021430138,38.055515004033545,45.29982421681208,151.7329525478526,86.3022251976974,105.57882784388586,80.88446263836026,34.222582970681586,68.63969265233789,64.23106436631446,,,,,,,,,5.038789524144844e-05,,5.817893256121069e-05
6A,39,C,Off,No,12:40:00,12:45:00,4.3666666666666666e-05,5.232222222222222e-05,3.377222222222222e-05,5.8027777777777776e-05,7.002222222222222e-05,6.722222222222222e-05,5.521666666666667e-05,0.00015048333333333332,4.495e-05,8.085e-05,0.00021985,0.00015183888888888888,7.317222222222223e-05,4.8472222222222224e-05,4.771666666666667e-05,4.626111111111111e-05,1.9383333333333335e-05,1.2511111111111112e-05,2.1394444444444445e-05,1.23e-05,8.244444444444444e-06,7.222222222222222e-06,6.2e-06,5.516666666666667e-06,4.55e-06,5.4333333333333335e-06,4.194444444444445e-06,1.311111111111111e-06,1.2055555555555555e-06,1.6333333333333333e-06,1.3055555555555556e-06,1.2722222222222223e-06,1.3e-06,0,0,0,0,,0.00021985,3.6532098765432114e-05,,,,,,,,% STANDARD ERROR,0.044853442244123874,0.0567641261276168,0.07174231285380427,0.04727748979470525,0.05965436612706395,0.06757673780756838,0.045948679972855615,0.0467128646610057,0.03085466103801868,0.009483109531397702,0.059022968116341126,0.040417886441820094,0.030559061318555476,0.05267575647287921,0.07892279584969408,0.11832691123100678,0.12165050090068966,0.1216412785664796,0.13643020050704935,0.14520003479999283,0.1475713308364918,0.18176802239228065,0.17152337690858208,0.2137397563072422,0.15805783511474478,0.14914169731007038,0.1695962117193167,0.3707193935498806,0.10570976390009318,0.07938053309020808,0.24792966102590291,0.13470690717642675,0.2014863126791715,0.18368916571921332,0.12474817607781867,0.17450769318390988,0.816496580927726,,,,6,1,,,,,,
6A,40,C,Off,No,12:47:00,12:52:00,4.307222222222222e-05,4.929444444444444e-05,3.298888888888889e-05,5.802222222222222e-05,6.749444444444445e-05,5.662222222222222e-05,5.557777777777778e-05,0.00014397777777777778,4.876111111111111e-05,8.243333333333334e-05,0.00016679444444444444,0.00013845555555555555,8.288888888888888e-05,5.63e-05,6.391666666666667e-05,4.027222222222222e-05,2.3477777777777776e-05,1.9455555555555555e-05,1.9483333333333334e-05,1.0044444444444444e-05,9.538888888888889e-06,7.533333333333333e-06,6.8666666666666664e-06,5.2222222222222226e-06,4.75e-06,5.305555555555556e-06,4.022222222222222e-06,2.6333333333333332e-06,1.588888888888889e-06,2.2111111111111113e-06,1.8e-06,1.4833333333333332e-06,1.55e-06,1.1222222222222222e-06,0,0,1.2777777777777779e-06,,0.00016679444444444444,3.536574074074074e-05,,,,,,,,95% LOW,2.4709010887187273e-05,2.498433568157627e-05,1.657694597602546e-05,3.529520339210745e-05,3.331530680671216e-05,2.7145948733549728e-05,3.4628904080426125e-05,5.729826609584999e-05,3.7679641513981486e-05,6.564440760090822e-05,5.8455138156820547e-05,6.189035700752739e-05,6.611409016930582e-05,8.452421673065312e-05,6.602117663450277e-05,1.6867601681769535e-05,3.397273949880172e-05,1.4967183612725899e-05,9.84558038506277e-06,5.013145677026624e-06,5.757545924317194e-06,2.4677813059901508e-06,4.008089174830878e-06,6.860781093238116e-07,2.4512066420447882e-06,2.9694387138908483e-06,1.82003226117475e-06,0,1.090261771875798e-06,2.0874529058984683e-06,0,1.4961566202276375e-06,3.871905765986617e-07,5.127082811137172e-07,7.059642156138359e-07,5.443151991684634e-07,0,,,,,,,,,,,
6A,41,C,Off,Yes,12:54:00,12:59:00,6.666666666666667e-06,4.422222222222223e-06,7.338888888888889e-06,5.444444444444445e-06,5.061111111111111e-06,6.355555555555556e-06,4.516666666666667e-06,7.983333333333334e-06,6.572222222222222e-06,6e-06,8.488888888888889e-06,7.927777777777778e-06,5.761111111111111e-06,6.727777777777777e-06,5.166666666666667e-06,4.377777777777778e-06,4.338888888888889e-06,2.8666666666666666e-06,2.988888888888889e-06,2.1055555555555554e-06,1.9444444444444444e-06,2.027777777777778e-06,2.0166666666666667e-06,1.3833333333333334e-06,1.6444444444444445e-06,2.161111111111111e-06,1.513888888888889e-05,2.122222222222222e-06,0,1.2e-06,1.6944444444444444e-06,1.6555555555555555e-06,1.6388888888888889e-06,0,0,0,0,,1.513888888888889e-05,3.863117283950617e-06,,,,,,,,95% HIGH,3.652802614984976e-05,4.113418283694225e-05,3.13823132832338e-05,5.3323315126411074e-05,5.632543393402859e-05,4.9405903118302126e-05,5.16970218454998e-05,8.612765983007595e-05,4.921665478231481e-05,7.122966647316585e-05,9.825597295429057e-05,8.795038373321335e-05,8.613405797884235e-05,0.0001340720795656432,0.00013392326780994166,5.186202794786009e-05,0.00010860874198267978,4.7843927498385206e-05,3.783960480012242e-05,2.1709076545195595e-05,2.579060222383096e-05,2.0187774249565402e-05,2.659561452887283e-05,1.640651448326878e-05,1.2874719283881137e-05,1.360833906388693e-05,1.1650338109195618e-05,1.0409657819007712e-05,2.9097382281242017e-06,4.253287834842273e-06,7.027260526741165e-06,5.622361898290881e-06,5.43503164562356e-06,4.379884311478875e-06,2.342183932534312e-06,3.826055171201906e-06,1.972516314638432e-06,,,,7,2.7156087333970522e-05,,,,1.179372721779705e-05,,4.135839766878665e-06
6A,42,C,Off,Yes,13:01:00,13:06:00,2.3444444444444444e-06,1.8055555555555555e-06,1.6666666666666667e-06,2.3444444444444444e-06,2.8055555555555555e-06,2.5055555555555554e-06,2.272222222222222e-06,5.355555555555555e-06,1.95e-06,3.0777777777777776e-06,6.511111111111111e-06,5.355555555555555e-06,2.9944444444444445e-06,2.638888888888889e-06,2.8944444444444446e-06,2.9055555555555554e-06,1.5388888888888888e-06,0,1.4055555555555555e-06,0,0,0,0,0,0,0,0,0,0,0,0,0,0,0,0,0,0,,6.511111111111111e-06,1.3896604938271604e-06,,,,,,6L,BM,AVERAGE,3594,3866.3333333333335,2905.6666666666665,5362,5477.666666666667,4344.666666666667,5029,7825.333333333333,5323.666666666667,8132.333333333333,10283.333333333334,8834.333333333334,9003,13803.666666666666,13015.666666666666,5292,8925.666666666666,5708.666666666667,3563.3333333333335,1838,2355.3333333333335,1368.3333333333333,1703.6666666666667,1098,847.6666666666666,1002,777.3333333333334,233,230.66666666666666,364.3333333333333,229.66666666666666,373.3333333333333,296.3333333333333,223.33333333333334,0,94.66666666666667,0,,,,,4.468094970306651e-05,,,,2.54507172266474e-05,,2.7934530603491704e-05
6A,43,C,Off,Yes,13:08:00,13:13:00,2.5277777777777778e-06,1.711111111111111e-06,1.25e-06,2.25e-06,2.6555555555555556e-06,2.288888888888889e-06,2.5e-06,4.55e-06,2.088888888888889e-06,3.3777777777777777e-06,7.205555555555555e-06,4.527777777777778e-06,3.1e-06,3.2222222222222222e-06,4.772222222222222e-06,3.1944444444444443e-06,1.8888888888888888e-06,1.6777777777777779e-06,1.6888888888888888e-06,0,0,0,0,0,0,0,0,0,0,0,0,0,0,0,0,0,0,,7.205555555555555e-06,1.498611111111111e-06,,,,,,,,STDEV.P,128.01822786879478,151.08790671511588,162.84211849382072,284.93157073234266,195.1142115673678,279.1347742976898,194.38106903708498,505.6911661830327,299.0845291143551,246.23746442994596,888.3108815174012,753.0866852863325,620.880557488046,464.27673739795415,408.5342362914303,876.3610367118489,1173.4372113108093,1147.2228302392793,872.3555595181487,383.60483139119435,355.20354102339064,300.2846797438872,233.70969646598365,161.41251500425858,240.99976947891236,263.8838128166763,128.1258062305257,168.54079624826744,21.24983660067897,56.78810517079161,163.6262679265024,85.4413379004696,83.11170528605194,162.90965458055442,0,133.878883904653,0,,,,8,1.1612110765452176e-05,,4.774296208818067e-06,,,,5.948410864180113e-06
6D,44,B,Off,No,13:19:00,13:24:00,1.63e-05,1.776111111111111e-05,1.0583333333333333e-05,2.352222222222222e-05,2.5366666666666665e-05,2.0316666666666668e-05,2.3416666666666666e-05,4.486666666666667e-05,2.111111111111111e-05,4.075e-05,0.00010135555555555556,5.0511111111111114e-05,4.103888888888889e-05,5.04e-05,6.591111111111112e-05,0.0001570888888888889,4.282222222222222e-05,5.762222222222222e-05,5.733888888888889e-05,2.4894444444444446e-05,2.2655555555555555e-05,1.69e-05,1.1022222222222222e-05,9.516666666666666e-06,8.933333333333333e-06,1.0677777777777779e-05,6.216666666666667e-06,2.1555555555555558e-06,1.4833333333333332e-06,2.938888888888889e-06,1.6e-06,2.3833333333333335e-06,1.9444444444444444e-06,1.8666666666666667e-06,0,0,0,,0.0001570888888888889,2.7138117283950628e-05,,,,,,,,STANDARD ERROR,73.91135832122752,87.23064361326922,94.01694094781634,164.50531906294094,112.64924257114139,161.15853708095662,112.22596253392825,291.96093092258974,172.6765333946254,142.1652663732002,512.8665265681453,434.794800473187,358.46555700032826,268.05029931519005,235.86735129603548,505.9672804528855,677.4842898274195,662.3494098591323,503.65471711686973,221.47435266614707,205.0768600269629,173.36944068365383,134.9323561668614,93.1915589882832,139.1412817832878,152.3533903644929,73.97346871733185,97.30707408337108,12.268598881637567,32.78662780712531,94.46966983386,49.3295794367579,47.98456541971093,94.05593292567205,0,77.29500966115808,0,,,,,2.1250852197510786e-05,,1.1940518605996748e-05,,,,1.038121876544952e-05
6D,45,B,Off,No,13:26:00,13:31:00,2.262777777777778e-05,2.422222222222222e-05,1.6672222222222224e-05,3.0677777777777775e-05,3.556111111111111e-05,2.9333333333333333e-05,3.0711111111111114e-05,6.041666666666667e-05,2.8033333333333335e-05,4.603333333333333e-05,0.00011406111111111111,6.164444444444444e-05,4.546111111111111e-05,5.6783333333333336e-05,7.389444444444444e-05,8.617777777777778e-05,4.351666666666667e-05,3.887777777777778e-05,2.9644444444444446e-05,1.2372222222222223e-05,1.365e-05,6.733333333333333e-06,9.561111111111111e-06,5.944444444444444e-06,4.35e-06,5.311111111111111e-06,4.127777777777778e-06,1.1222222222222222e-06,0,1.9944444444444443e-06,1.4333333333333333e-06,1.9111111111111112e-06,1.2944444444444445e-06,0,0,0,0,,0.00011406111111111111,2.55979938271605e-05,,,,,,,,% STANDARD ERROR,0.02056520821403103,0.022561594175343362,0.03235640964132718,0.030679843167277312,0.020565187592857307,0.03709341807909083,0.022315761092449444,0.03730971173827608,0.032435639608282274,0.017481485392449918,0.049873568223806675,0.04921648120663929,0.03981623425528471,0.019418775155045042,0.018121803311089365,0.09560984135542054,0.07590293421526903,0.11602523820958757,0.14134369984570713,0.12049747152673942,0.08706914521382517,0.12670117467745715,0.07920114820985799,0.08487391528987541,0.16414622310258098,0.15204929178093105,0.0951631244219535,0.4176269273964424,0.053187567405943215,0.08999074420985906,0.4113338309166618,0.1321328020627444,0.16192766733310776,0.4211459683239047,#DIV/0!,0.8164965809277261,#DIV/0!,,,,9,3.5845234750236486e-06,,,,4.28169056416311e-06,,3.792563744569364e-06
6D,46,B,Off,No,13:33:00,13:38:00,1.9166666666666667e-05,2.0655555555555557e-05,1.4755555555555556e-05,2.5266666666666666e-05,2.7155555555555556e-05,2.4966666666666666e-05,2.5777777777777778e-05,4.858333333333333e-05,2.496111111111111e-05,4.128333333333333e-05,9.787777777777778e-05,5.4588888888888886e-05,4.227777777777778e-05,5.2177777777777776e-05,6.831666666666667e-05,0.00014223333333333334,4.981111111111111e-05,6.764444444444444e-05,5.231111111111111e-05,2.375e-05,2.1366666666666667e-05,1.48e-05,1.2555555555555555e-05,1.0544444444444444e-05,7.822222222222222e-06,9.65e-06,5.866666666666667e-06,1.8333333333333333e-06,1.5055555555555556e-06,3.7833333333333333e-06,2.6e-06,3.238888888888889e-06,1.9388888888888888e-06,1.6222222222222223e-06,0,0,0,,0.00014223333333333334,2.7875617283950615e-05,,,,,,,,95% LOW,1.819977458413199e-05,1.9394332632585756e-05,1.3895065387601183e-05,2.5856297844845363e-05,2.7738538754905808e-05,2.028445267559617e-05,2.525606490675837e-05,3.6494585819852385e-05,2.5447997463719967e-05,4.1781089956274734e-05,4.4869270386170024e-05,3.8685618371651166e-05,4.144734837904215e-05,7.027914571507446e-05,6.667071918911015e-05,1.7304571067840188e-05,3.339139870855156e-05,1.5880984200237896e-05,7.756150475441349e-06,4.916643669319829e-06,8.182708914651734e-06,3.4573590559531716e-06,6.2391818782259e-06,3.8722040092967635e-06,1.3830096175176623e-06,1.9245742292310394e-06,2.5501416524591912e-06,0,9.88193809327668e-07,1.2402915215515172e-06,0,8.948230723164669e-07,4.991986018462066e-07,0,0,0,0,,,,,8.430291339791166e-06,,,,5.862753880281335e-06,,5.055584403578784e-06
6D,47,B,Off,Yes,13:42:00,13:47:00,1.3872222222222222e-05,1.475e-05,9.933333333333334e-06,2.0255555555555554e-05,2.1944444444444445e-05,1.7216666666666667e-05,1.8244444444444443e-05,3.777222222222222e-05,1.6727777777777778e-05,3.148333333333333e-05,9.041111111111111e-05,4.506111111111111e-05,3.0355555555555556e-05,3.7255555555555554e-05,4.640555555555555e-05,0.00010123333333333333,3.162777777777778e-05,3.304444444444445e-05,3.545e-05,1.9372222222222222e-05,1.4016666666666667e-05,1.1711111111111111e-05,8.655555555555555e-06,7.766666666666666e-06,6.644444444444444e-06,7.977777777777777e-06,4.855555555555556e-06,2.6555555555555556e-06,1.85e-06,2.1333333333333334e-06,1.6777777777777779e-06,2.7666666666666667e-06,2.111111111111111e-06,1.7333333333333334e-06,0,0,0,,0.00010123333333333333,2.0419444444444442e-05,,,,,,,,95% HIGH,2.1733558749201343e-05,2.3564926626673507e-05,1.8390119797584e-05,3.372147993293242e-05,3.312442420805715e-05,2.7989621398477907e-05,3.062171287101941e-05,5.0453562328295764e-05,3.370385438813189e-05,4.8578169302984516e-05,6.938998887308923e-05,5.94736408876081e-05,5.858598495429118e-05,8.30949283589996e-05,7.794779932940837e-05,4.149542893215981e-05,6.578267536552251e-05,4.7548645429391735e-05,3.1836442117151244e-05,1.5505578552902395e-05,1.7987661455718637e-05,1.1746344647750532e-05,1.269044775140373e-05,8.327795990703237e-06,8.035508901000855e-06,9.208759104102294e-06,6.086895384577846e-06,3.6206241098930326e-06,1.574769153635295e-06,2.8078566265966304e-06,3.5342758664542567e-06,3.2533250758316807e-06,2.7933939907463858e-06,3.4892000706250006e-06,0,2.373706073547944e-06,0,,,,10,3.489645092743671e-06,,2.983106973909161e-06,,,,2.3465882632349987e-06
6D,48,B,Off,Yes,13:49:00,13:54:00,2.2933333333333333e-05,2.2183333333333335e-05,1.536111111111111e-05,2.936111111111111e-05,3.0711111111111114e-05,2.8033333333333335e-05,2.798888888888889e-05,5.083888888888889e-05,2.6177777777777777e-05,4.399444444444444e-05,0.00012451111111111112,5.8644444444444446e-05,4.6327777777777776e-05,5.61e-05,6.876111111111112e-05,7.545e-05,5.066666666666667e-05,6.542222222222222e-05,2.81e-05,1.1633333333333333e-05,1.9177777777777777e-05,7.766666666666666e-06,1.0644444444444445e-05,7.1444444444444446e-06,4.638888888888889e-06,5.744444444444444e-06,4.75e-06,1.3333333333333334e-06,1.1722222222222222e-06,2e-06,1.8166666666666667e-06,2.2777777777777776e-06,1.5277777777777778e-06,1.2e-06,0,0,0,,0.00012451111111111112,2.587391975308642e-05,,,,,,,,,,,,,,,,,,,,,,,,,,,,,,,,,,,,,,,,,,,,,,,,,,4.239984536885958e-06,,5.302078211276023e-06,,,,4.623782107135372e-06
6D,49,B,Off,Yes,13:56:00,14:01:00,1.8111111111111112e-05,1.7411111111111112e-05,1.3233333333333333e-05,2.2438888888888887e-05,2.4766666666666668e-05,2.1738888888888887e-05,2.113888888888889e-05,4.2283333333333336e-05,2.122777777777778e-05,3.5161111111111113e-05,9.272777777777778e-05,4.946111111111111e-05,3.428333333333333e-05,4.328333333333333e-05,5.282777777777778e-05,0.0001162888888888889,3.502777777777778e-05,3.732777777777778e-05,3.981111111111111e-05,2.1683333333333333e-05,1.496111111111111e-05,1.2527777777777778e-05,9.35e-06,8.666666666666666e-06,7.233333333333333e-06,8.616666666666667e-06,5.516666666666667e-06,1.4166666666666667e-06,1.3666666666666666e-06,3.016666666666667e-06,2.3888888888888887e-06,3.211111111111111e-06,1.2777777777777779e-06,1.388888888888889e-06,0,0,0,,0.0001162888888888889,2.2862808641975316e-05,,,,,,,,,,,,,,,,,,,,,,,,,,,,,,,,,,,,,,,,,,,,,,,,,16,1.107157788222358e-06,1.022053858606776e-06,1.2705344525582491e-06,1.4273211172983349e-06,0,6.27677759288979e-07,0
6L,50,B,Off,No,14:08:00,14:13:00,2.7522222222222223e-05,2.9105555555555556e-05,1.9766666666666668e-05,3.919444444444445e-05,3.835e-05,3.195e-05,3.8383333333333336e-05,6.353888888888889e-05,4.036111111111111e-05,6.702222222222223e-05,8.922222222222223e-05,6.783888888888888e-05,7.063333333333333e-05,0.00012188333333333333,0.00011301666666666667,4.431666666666667e-05,8.994444444444444e-05,3.856111111111111e-05,3.174444444444444e-05,1.7983333333333335e-05,2.1272222222222224e-05,1.6255555555555555e-05,2.1677777777777777e-05,1.2983333333333333e-05,1.0583333333333333e-05,1.1294444444444444e-05,9.522222222222223e-06,7.644444444444445e-06,2.511111111111111e-06,3.5166666666666667e-06,5.45e-06,4.644444444444445e-06,4.294444444444445e-06,3.5166666666666667e-06,1.9888888888888887e-06,3.0333333333333332e-06,0,,0.00012188333333333333,3.313904320987654e-05,,,,,,,,,,,,,,,,,,,,,,,,,,,,,,,,,,,,,,,,,,,,,,,,,,2.44099035992579e-06,1.563131326578409e-06,2.581317399293603e-06,2.043049253072035e-06,0,2.2908407592295395e-06,2.6415705499807566e-06
6L,51,B,Off,No,14:15:00,14:20:00,3.330555555555555e-05,3.706666666666667e-05,2.6166666666666668e-05,4.722222222222222e-05,4.8933333333333335e-05,4.174444444444444e-05,4.630555555555556e-05,7.642222222222223e-05,4.596111111111111e-05,6.977222222222223e-05,7.015e-05,7.655e-05,8.018888888888888e-05,0.00010851666666666667,8.11e-05,2.9033333333333332e-05,7.076666666666666e-05,2.2605555555555557e-05,2.077777777777778e-05,1.2005555555555555e-05,1.1716666666666667e-05,9.794444444444445e-06,1.2827777777777778e-05,5.8277777777777775e-06,5.75e-06,7.105555555555555e-06,5.555555555555556e-06,2.4166666666666667e-06,1.6722222222222223e-06,2.5555555555555557e-06,2.588888888888889e-06,3.4055555555555557e-06,2.5555555555555557e-06,2.1333333333333334e-06,1.2666666666666667e-06,2.1e-06,0,,0.00010851666666666667,3.0293364197530863e-05,,,,,,,,,,,,,,,,,,,,,,,,,,,,,,,,,,,,,,,,,,,,,,,,,17,,0,,,,0,
6L,52,B,Off,No,14:22:00,14:27:00,3.102777777777778e-05,3.300555555555555e-05,2.6005555555555555e-05,4.651111111111111e-05,4.7177777777777776e-05,4.1133333333333335e-05,4.48e-05,7.517777777777777e-05,4.4022222222222225e-05,6.851666666666666e-05,7.569444444444445e-05,8.037222222222223e-05,7.755e-05,9.749444444444445e-05,0.0001058,2.9744444444444445e-05,5.316111111111111e-05,3.305e-05,1.9005555555555554e-05,1.0094444444444445e-05,1.4333333333333334e-05,7.933333333333334e-06,1.14e-05,6.827777777777778e-06,6.6555555555555555e-06,6.466666666666667e-06,5.1277777777777774e-06,1.9722222222222224e-06,1.8166666666666667e-06,3.438888888888889e-06,2.161111111111111e-06,2.6277777777777777e-06,1.8833333333333332e-06,1.6888888888888888e-06,1.3166666666666666e-06,1.4222222222222223e-06,1.311111111111111e-06,,0.0001058,3.01861111111111e-05,,,,,,,,,,,,,,,,,,,,,,,,,,,,,,,,,,,,,,,,,,,,,,,,,,,0,,,,0,
6L,53,B,Off,Yes,14:31:00,14:36:00,1.9483333333333334e-05,2.0394444444444445e-05,1.49e-05,2.7772222222222223e-05,2.89e-05,2.2038888888888888e-05,2.6694444444444445e-05,4.0633333333333336e-05,3.0383333333333334e-05,4.555e-05,6.15611111111111e-05,4.513888888888889e-05,4.9627777777777775e-05,7.922777777777778e-05,7.532222222222223e-05,3.626666666666667e-05,5.7427777777777775e-05,2.4716666666666667e-05,2.665e-05,1.2727777777777778e-05,1.2683333333333333e-05,9.922222222222222e-06,1.1133333333333334e-05,7.3277777777777775e-06,6.316666666666667e-06,7.444444444444444e-06,5.25e-06,2.1833333333333333e-06,1.4222222222222223e-06,1.8833333333333332e-06,1.7777777777777777e-06,2.538888888888889e-06,2.272222222222222e-06,2.1333333333333334e-06,0,1.5777777777777778e-06,0,,7.922777777777778e-05,2.2272222222222228e-05,,,,,,,,,,,,,,,,,,,,,,,,,,,,,,,,,,,,,,,,,,,,,,,,,18,,,,,,,0
6L,54,B,Off,Yes,14:38:00,14:43:00,2.0972222222222223e-05,2.1605555555555556e-05,1.65e-05,2.9955555555555556e-05,3.125555555555556e-05,2.4633333333333334e-05,2.7794444444444445e-05,4.248888888888889e-05,3.1083333333333334e-05,4.663888888888889e-05,5.0244444444444445e-05,4.722777777777778e-05,5.442222222222222e-05,7.315e-05,7.176111111111111e-05,2.6405555555555554e-05,4.986666666666667e-05,3.0294444444444445e-05,1.632777777777778e-05,7.516666666666667e-06,1.0894444444444444e-05,6.072222222222222e-06,7.966666666666666e-06,5.211111111111111e-06,3.038888888888889e-06,3.866666666666666e-06,3.5222222222222223e-06,0,1.1333333333333334e-06,1.7277777777777778e-06,0,1.4222222222222223e-06,1.1722222222222222e-06,0,0,0,0,,7.315e-05,2.07e-05,,,,,,,,,,,,,,,,,,,,,,,,,,,,,,,,,,,,,,,,,,,,,,,,,,,,,,,,0
6L,55,B,Off,Yes,14:45:00,14:50:00,1.9444444444444445e-05,2.2438888888888887e-05,1.702777777777778e-05,3.163888888888889e-05,3.113888888888889e-05,2.573888888888889e-05,2.9327777777777776e-05,4.73e-05,2.726111111111111e-05,4.335e-05,5.9583333333333336e-05,5.4872222222222224e-05,4.6e-05,7.768333333333333e-05,6.984444444444444e-05,2.552777777777778e-05,4.146666666666667e-05,4.013333333333333e-05,1.6411111111111112e-05,1.038888888888889e-05,1.5677777777777776e-05,6.811111111111111e-06,9.294444444444444e-06,5.761111111111111e-06,4.772222222222222e-06,5.388888888888889e-06,4.183333333333334e-06,1.7e-06,1.2888888888888889e-06,2.461111111111111e-06,2.05e-06,2.2611111111111112e-06,1.4944444444444444e-06,1.588888888888889e-06,0,0,0,,7.768333333333333e-05,2.1718518518518518e-05
6L,56,C,Off,No,15:01:00,15:06:00,,3.187222222222222e-05,2.2716666666666665e-05,4.172222222222222e-05,4.321111111111111e-05,3.4577777777777775e-05,3.938333333333333e-05,7.128333333333334e-05,3.616111111111111e-05,6.226666666666667e-05,8.547777777777778e-05,8.393333333333333e-05,6.792222222222222e-05,0.00010893888888888889,7.007777777777778e-05,2.136111111111111e-05,2.3627777777777776e-05,8.288888888888889e-06,1.0683333333333333e-05,5.522222222222222e-06,5.327777777777778e-06,4.055555555555556e-06,3.4944444444444444e-06,2.7055555555555556e-06,2.4e-06,3.1222222222222224e-06,1.7444444444444444e-06,2.477777777777778e-06,0,1.5611111111111112e-06,1.85e-06,1.311111111111111e-06,1.1555555555555556e-06,1.2333333333333333e-06,0,0,0,,0.00010893888888888889,2.504074074074074e-05,,,,,,,,,,,,,,,,,,,,,,,,,,,,,,,,,,,,,,,,,,,,,,,,,767 - FLIGHT CNM 6A Tests 38-40,,,,,,,
6L,57,C,Off,Yes,15:08:00,15:13:00,,4.044444444444445e-06,5.755555555555556e-06,5.755555555555556e-06,4.955555555555556e-06,5.622222222222222e-06,4.75e-06,6.288888888888889e-06,6.505555555555555e-06,7.194444444444444e-06,5.922222222222222e-06,6.9777777777777775e-06,6.722222222222223e-06,9.294444444444444e-06,7.344444444444444e-06,3.422222222222222e-06,6.45e-06,2.572222222222222e-06,2.4055555555555555e-06,2.1333333333333334e-06,1.4277777777777777e-06,1.9388888888888888e-06,1.8333333333333333e-06,1.3333333333333334e-06,1.388888888888889e-06,1.8777777777777778e-06,1.15e-06,2.811111111111111e-06,0,0,1.588888888888889e-06,0,1.6222222222222223e-06,0,0,0,0,,9.294444444444444e-06,3.36358024691358e-06,,,,,,,,,,,,,,,,,,,,,,,,,,,,,,,,,,,,,,,,,,,,,,,,,,A,B,D,E,F,K,L
6L,58,C,Off,No,15:14:00,15:19:00,,4.1255555555555556e-05,2.5733333333333333e-05,5.0172222222222225e-05,5.3877777777777777e-05,4.7883333333333336e-05,4.625e-05,0.00010887222222222223,4.068888888888889e-05,6.935555555555555e-05,6.078333333333333e-05,8.840555555555556e-05,6.676666666666667e-05,0.00018056666666666667,7.09e-05,2.2266666666666668e-05,5.81e-05,1.2422222222222222e-05,1.1794444444444444e-05,9.727777777777777e-06,7.877777777777778e-06,5.566666666666667e-06,1.642222222222222e-05,5.016666666666666e-06,3.916666666666667e-06,5.122222222222222e-06,4.244444444444444e-06,3.672222222222222e-06,2.0222222222222223e-06,3.372222222222222e-06,6e-06,4.094444444444444e-06,3.527777777777778e-06,2.65e-06,0,3.4111111111111113e-06,2.15e-06,,0.00018056666666666667,3.1802469135802456e-05,,,,,,,,,,,,,,,,,,,,,,,,,,,,,,,,,,,,,,,,,,,,,,,,,1,4.554929847675989e-05,,,,2.810043901487931e-05,,5.592352564860742e-05
6L,59,C,Off,Yes,15:20:00,15:25:00,,6.2777777777777774e-06,9.738888888888889e-06,7.638888888888888e-06,6.872222222222222e-06,9.438888888888888e-06,5.572222222222223e-06,7.8e-06,1.0077777777777777e-05,6.216666666666667e-06,7.266666666666667e-06,8.016666666666667e-06,5.816666666666666e-06,1.1511111111111111e-05,6.516666666666666e-06,3.422222222222222e-06,3.7833333333333333e-06,3.2555555555555554e-06,2.2777777777777776e-06,2.2111111111111113e-06,1.9111111111111112e-06,2.488888888888889e-06,1.7777777777777777e-06,1.6e-06,1.35e-06,2.3888888888888887e-06,1.8777777777777778e-06,2.5277777777777778e-06,0,1.1722222222222222e-06,1.85e-06,1.4166666666666667e-06,1.738888888888889e-06,1.3722222222222222e-06,0,1.3222222222222222e-06,0,,1.1511111111111111e-05,4.125154320987655e-06,,,,,,,,,,,,,,,,,,,,,,,,,,,,,,,,,,,,,,,,,,,,,,,,,,5.429514596768455e-05,,,,3.635511654067625e-05,,6.179869657361481e-05
6L,60,C,Off,No,15:27:00,15:32:00,,3.745e-05,2.4016666666666667e-05,4.507777777777778e-05,5.028888888888889e-05,2.4694444444444444e-05,4.351666666666667e-05,7.523888888888889e-05,3.8633333333333335e-05,6.741111111111111e-05,0.00012142777777777777,5.058888888888889e-05,6.733888888888888e-05,0.0002448833333333333,8.066666666666667e-05,4.328333333333333e-05,4.632222222222222e-05,2.5544444444444445e-05,2.2e-05,1.0716666666666667e-05,1.2822222222222222e-05,5.8555555555555555e-06,5.8555555555555555e-06,4.805555555555555e-06,2.683333333333333e-06,3.7055555555555557e-06,2.461111111111111e-06,0,0,1.6277777777777777e-06,1.7e-06,1.5722222222222222e-06,1.3e-06,0,0,0,0,,0.0002448833333333333,3.2319135802469144e-05,,,,,,,,,,,,,,,,,,,,,,,,,,,,,,,,,,,,,,,,,,,,,,,,,2,6.54421306376634e-05,,5.1108162983603934e-05,,,,5.0929862006602227e-05
6L,61,C,Off,Yes,15:33:00,15:38:00,,0,7.0055555555555555e-06,7.5666666666666665e-06,5.788888888888889e-06,0,0,0,1.0288888888888888e-05,2.2444444444444445e-06,3.927777777777778e-06,0,0,0,1.0122222222222222e-05,5.105555555555556e-06,2.4833333333333334e-06,4.133333333333333e-06,3.1222222222222224e-06,3.05e-06,2.6055555555555557e-06,3.016666666666667e-06,0,0,2.0444444444444443e-06,0,0,0,1.2222222222222221e-06,1.2277777777777777e-06,1.7277777777777778e-06,1.7222222222222222e-06,1.65e-06,0,0,0,0,,1.0288888888888888e-05,2.223765432098766e-06,,,,,,,,,,,,,,,,,,,,,,,,,,,,,,,,,,,,,,,,,,,,,,,,,,7.128009158455882e-05,,7.261405923861829e-05,,,,6.341087873413852e-05
,,,,,,,,,,,,,,,,,,,,,,,,,,,,,,,,,,,,,,,,,,,,,,,,,,,,,,,,,,,,,,,,,,,,,,,,,,,,,,,,,,,,,,,,,,,,,,,3,0.00013978126261152544,,,,4.202904536308191e-05,,6.739241004020228e-05
,,,,,,,2.3776157407407408e-05,,,,,,,,,,,,,,,,,,,,,,,,,,,,,,,,,,,,,,0.0002448833333333333,2.2061090534979424e-05,,,,,,,,,,,,,,,,,,,,,,,,,,,,,,,,,,,,,,,,,,,,,,,,,,0.00015355577442551158,,,,5.4448732414695866e-05,,0.00010717796033016811
,,,,,,,,,,,,,,,,,,,,,,,,,,,,,,,,,,,,,,,,,,,,,,,,,,,,,,,,,,,,,,,,,,,,,,,,,,,,,,,,,,,,,,,,,,,,,,,4,6.496714410632746e-05,,0.00012444476777982247,,,,5.3536811539543e-05
,,,,,,,,,,,,,,,,,,,,,,,,,,,,,,,,,,,,,,,,,,,,,,,,,,,,,,,,,,,,,,,,,,,,,,,,,,,,,,,,,,,,,,,,,,,,,,,,0.00027150322626404285,,0.0001595256025905479,,,,0.00012084096623823478
,,,,,,,,,,,,,,,,,,,,,,,,,,,,,,,,,,,,,,,,,,,,,,,,,,,,,,,,,,,,,,,,,,,,,,,,,,,,,,,,,,,,,,,,,,,,,,,5,,,,,4.471447170338456e-05,,4.006577725294442e-05
,,,,,,,,,,,,,,,,,,,,,,,,,,,,,,,,,,,,,,,,,,,,,,,,,,,,,,,,,,,,,,,,,,,,,,,,,,,,,,,,,,,,,,,,,,,,,,,,,,,,6.200775051883766e-05,,7.434163015446298e-05
,,,,,,,,,,,,,,,,,,,,,,,,,,,,,,,,,,,,,,,,,,,,,,,,,,,,,,,,,,,,,,,,,,,,,,,,,,,,,,,,,,,,,,,,,,,,,,,6,1,,,,,,
,,,,,,,,,,,,,,,,,,,,,,,,,,,,,,,,,,,,,,,,,,,,,,,,,,,,,,,,,,,,,,,,,,,,,,,,,,,,,,,,,,,,,,,,,,,,,,,,,,,,,,
,,,,,,,,,,,,,,,,,,,,,,,,,,,,,,,,,,,,,,,,,,,,,,,,,,,,,,,,,,,,,,,,,,,,,,,,,,,,,,,,,,,,,,,,,,,,,,,7,1.7091581171752094e-05,,,,1.5983538790998737e-05,,7.696748309097974e-06
,,,,,,,,,,,,,,,,,,,,,,,,,,,,,,,,,,,,,,,,,,,,,,,,,,,,,,,,,,,,,,,,,,,,,,,,,,,,,,,,,,,,,,,,,,,,,,,,5.824915956898864e-05,,,,2.553497972751978e-05,,2.2755103542753878e-05
,,,,,,,,,,,,,,,,,,,,,,,,,,,,,,,,,,,,,,,,,,,,,,,,,,,,,,,,,,,,,,,,,,,,,,,,,,,,,,,,,,,,,,,,,,,,,,,8,1.1749650612578475e-05,,4.184451586557843e-06,,,,6.145426078749373e-06
,,,,,,,,,,,,,,,,,,,,,,,,,,,,,,,,,,,,,,,,,,,,,,,,,,,,,,,,,,,,,,,,,,,,,,,,,,,,,,,,,,,,,,,,,,,,,,,,2.540220123927338e-05,,1.5282215080108824e-05,,,,1.0610129476806184e-05
,,,,,,,,,,,,,,,,,,,,,,,,,,,,,,,,,,,,,,,,,,,,,,,,,,,,,,,,,,,,,,,,,,,,,,,,,,,,,,,,,,,,,,,,,,,,,,,9,4.3642954453017e-06,,,,5.1396674637409695e-06,,4.179696285429618e-06
,,,,,,,,,,,,,,,,,,,,,,,,,,,,,,,,,,,,,,,,,,,,,,,,,,,,,,,,,,,,,,,,,,,,,,,,,,,,,,,,,,,,,,,,,,,,,,,,9.065334184327931e-06,,,,7.408480684407177e-06,,6.0536370479037166e-06
,,,,,,,,,,,,,,,,,,,,,,,,,,,,,,,,,,,,,,,,,,,,,,,,,,,,,,,,,,,,,,,,,,,,,,,,,,,,,,,,,,,,,,,,,,,,,,,10,4.129285619728796e-06,,4.169398752226978e-06,,,,2.7027144568076005e-06
,,,,,,,,,,,,,,,,,,,,,,,,,,,,,,,,,,,,,,,,,,,,,,,,,,,,,,,,,,,,,,,,,,,,,,,,,,,,,,,,,,,,,,,,,,,,,,,,4.963306972863797e-06,,6.041712358884134e-06,,,,4.8972855431924e-06
,,,,,,,,,,,,,,,,,,,,,,,,,,,,,,,,,,,,,,,,,,,,,,,,,,,,,,,,,,,,,,,,,,,,,,,,,,,,,,,,,,,,,,,,,,,,,,,16,6.554202268803167e-07,9.31655718550695e-07,1.3602210479135908e-06,1.0719442860361334e-06,1.1017695758648643e-06,1.1755517370396364e-06,0
,,,,,,,,,,,,,,,,,,,,,,,,,,,,,,,,,,,,,,,,,,,,,,,,,,,,,,,,,,,,,,,,,,,,,,,,,,,,,,,,,,,,,,,,,,,,,,,,3.344579773119683e-06,1.772047985153009e-06,2.5731122854197425e-06,2.1243520102601633e-06,1.8167489426536543e-06,1.6837075222196226e-06,1.6883402354108611e-06
,,,,,,,,,,,,,,,,,,,,,,,,,,,,,,,,,,,,,,,,,,,,,,,,,,,,,,,,,,,,,,,,,,,,,,,,,,,,,,,,,,,,,,,,,,,,,,,17,,0,,,,0,
,,,,,,,,,,,,,,,,,,,,,,,,,,,,,,,,,,,,,,,,,,,,,,,,,,,,,,,,,,,,,,,,,,,,,,,,,,,,,,,,,,,,,,,,,,,,,,,,,0,,,,0,
,,,,,,,,,,,,,,,,,,,,,,,,,,,,,,,,,,,,,,,,,,,,,,,,,,,,,,,,,,,,,,,,,,,,,,,,,,,,,,,,,,,,,,,,,,,,,,,18,,,,,,,0
,,,,,,,,,,,,,,,,,,,,,,,,,,,,,,,,,,,,,,,,,,,,,,,,,,,,,,,,,,,,,,,,,,,,,,,,,,,,,,,,,,,,,,,,,,,,,,,,,,,,,,1.9223675947747433e-06

,,,,,,,,,,,,,,,,,,,,,,,,,,,,,,,,,,,,,,,,,,,,,,,,,,,,,,,,,,,,,,,,,,,,,,,,,,,,,,,,,,,,,,,,,,,,,,,767 - FLIGHT CM 6A Tests 41-43,,,,,,,
,,,,,,,,,,,,,,,,,,,,,,,,,,,,,,,,,,,,,,,,,,,,,,,,,,,,,,,,,,,,,,,,,,,,,,,,,,,,,,,,,,,,,,,,,,,,,,,,A,B,D,E,F,K,L
,,,,,,,,,,,,,,,,,,,,,,,,,,,,,,,,,,,,,,,,,,,,,,,,,,,,,,,,,,,,,,,,,,,,,,,,,,,,,,,,,,,,,,,,,,,,,,,1,0,,,,0,,0
,,,,,,,,,,,,,,,,,,,,,,,,,,,,,,,,,,,,,,,,,,,,,,,,,,,,,,,,,,,,,,,,,,,,,,,,,,,,,,,,,,,,,,,,,,,,,,,,5.767522041177597e-06,,,,1.0318356814995704e-05,,7.033341669122349e-06
,,,,,,,,,,,,,,,,,,,,,,,,,,,,,,,,,,,,,,,,,,,,,,,,,,,,,,,,,,,,,,,,,,,,,,,,,,,,,,,,,,,,,,,,,,,,,,,2,7.737912859394334e-07,,0,,,,5.904706666972117e-07
,,,,,,,,,,,,,,,,,,,,,,,,,,,,,,,,,,,,,,,,,,,,,,,,,,,,,,,,,,,,,,,,,,,,,,,,,,,,,,,,,,,,,,,,,,,,,,,,6.241023528875381e-06,,8.357588222210559e-06,,,,5.6021219258953815e-06
,,,,,,,,,,,,,,,,,,,,,,,,,,,,,,,,,,,,,,,,,,,,,,,,,,,,,,,,,,,,,,,,,,,,,,,,,,,,,,,,,,,,,,,,,,,,,,,3,2.320969321164263e-06,,,,0,,8.909975034332717e-07
,,,,,,,,,,,,,,,,,,,,,,,,,,,,,,,,,,,,,,,,,,,,,,,,,,,,,,,,,,,,,,,,,,,,,,,,,,,,,,,,,,,,,,,,,,,,,,,,9.604956604761663e-06,,,,8.8707842180486e-06,,7.412706200270431e-06
,,,,,,,,,,,,,,,,,,,,,,,,,,,,,,,,,,,,,,,,,,,,,,,,,,,,,,,,,,,,,,,,,,,,,,,,,,,,,,,,,,,,,,,,,,,,,,,4,5.366512725270158e-06,,2.3405535100380815e-06,,,,7.717373416559703e-07
,,,,,,,,,,,,,,,,,,,,,,,,,,,,,,,,,,,,,,,,,,,,,,,,,,,,,,,,,,,,,,,,,,,,,,,,,,,,,,,,,,,,,,,,,,,,,,,,9.437190978433544e-06,,9.533520564035995e-06,,,,7.131966362047734e-06
,,,,,,,,,,,,,,,,,,,,,,,,,,,,,,,,,,,,,,,,,,,,,,,,,,,,,,,,,,,,,,,,,,,,,,,,,,,,,,,,,,,,,,,,,,,,,,,5,,,,,0,,1.8149769565358858e-06
,,,,,,,,,,,,,,,,,,,,,,,,,,,,,,,,,,,,,,,,,,,,,,,,,,,,,,,,,,,,,,,,,,,,,,,,,,,,,,,,,,,,,,,,,,,,,,,,,,,,8.682513248192518e-06,,6.74057859901967e-06
,,,,,,,,,,,,,,,,,,,,,,,,,,,,,,,,,,,,,,,,,,,,,,,,,,,,,,,,,,,,,,,,,,,,,,,,,,,,,,,,,,,,,,,,,,,,,,,6,1,,,,,,
,,,,,,,,,,,,,,,,,,,,,,,,,,,,,,,,,,,,,,,,,,,,,,,,,,,,,,,,,,,,,,,,,,,,,,,,,,,,,,,,,,,,,,,,,,,,,,,,,,,,,,
,,,,,,,,,,,,,,,,,,,,,,,,,,,,,,,,,,,,,,,,,,,,,,,,,,,,,,,,,,,,,,,,,,,,,,,,,,,,,,,,,,,,,,,,,,,,,,,7,1.910231266127616e-06,,,,0,,0
,,,,,,,,,,,,,,,,,,,,,,,,,,,,,,,,,,,,,,,,,,,,,,,,,,,,,,,,,,,,,,,,,,,,,,,,,,,,,,,,,,,,,,,,,,,,,,,,5.0749539190575685e-06,,,,5.683527458612699e-06,,4.436324819344334e-06
,,,,,,,,,,,,,,,,,,,,,,,,,,,,,,,,,,,,,,,,,,,,,,,,,,,,,,,,,,,,,,,,,,,,,,,,,,,,,,,,,,,,,,,,,,,,,,,8,3.151208672348481e-07,,0,,,,0
,,,,,,,,,,,,,,,,,,,,,,,,,,,,,,,,,,,,,,,,,,,,,,,,,,,,,,,,,,,,,,,,,,,,,,,,,,,,,,,,,,,,,,,,,,,,,,,,3.7404346883207077e-06,,3.1677274713896855e-06,,,,2.925341992048522e-06
,,,,,,,,,,,,,,,,,,,,,,,,,,,,,,,,,,,,,,,,,,,,,,,,,,,,,,,,,,,,,,,,,,,,,,,,,,,,,,,,,,,,,,,,,,,,,,,9,0,,,,0,,0
,,,,,,,,,,,,,,,,,,,,,,,,,,,,,,,,,,,,,,,,,,,,,,,,,,,,,,,,,,,,,,,,,,,,,,,,,,,,,,,,,,,,,,,,,,,,,,,,3.0507137917077443e-06,,,,3.033997551753181e-06,,2.0811718743430915e-06
,,,,,,,,,,,,,,,,,,,,,,,,,,,,,,,,,,,,,,,,,,,,,,,,,,,,,,,,,,,,,,,,,,,,,,,,,,,,,,,,,,,,,,,,,,,,,,,10,0,,0,,,,0
,,,,,,,,,,,,,,,,,,,,,,,,,,,,,,,,,,,,,,,,,,,,,,,,,,,,,,,,,,,,,,,,,,,,,,,,,,,,,,,,,,,,,,,,,,,,,,,,2.474003513275321e-06,,3.2513086711625002e-06,,,,2.2775876938092066e-05
,,,,,,,,,,,,,,,,,,,,,,,,,,,,,,,,,,,,,,,,,,,,,,,,,,,,,,,,,,,,,,,,,,,,,,,,,,,,,,,,,,,,,,,,,,,,,,,16,0,0,0,0,0,0,0
,,,,,,,,,,,,,,,,,,,,,,,,,,,,,,,,,,,,,,,,,,,,,,,,,,,,,,,,,,,,,,,,,,,,,,,,,,,,,,,,,,,,,,,,,,,,,,,,3.192801831321529e-06,0,1.805353915092802e-06,2.5492265930708546e-06,2.4907197532298844e-06,2.4656453932980395e-06,0
,,,,,,,,,,,,,,,,,,,,,,,,,,,,,,,,,,,,,,,,,,,,,,,,,,,,,,,,,,,,,,,,,,,,,,,,,,,,,,,,,,,,,,,,,,,,,,,17,,0,,,,0,
,,,,,,,,,,,,,,,,,,,,,,,,,,,,,,,,,,,,,,,,,,,,,,,,,,,,,,,,,,,,,,,,,,,,,,,,,,,,,,,,,,,,,,,,,,,,,,,,,0,,,,0,
,,,,,,,,,,,,,,,,,,,,,,,,,,,,,,,,,,,,,,,,,,,,,,,,,,,,,,,,,,,,,,,,,,,,,,,,,,,,,,,,,,,,,,,,,,,,,,,18,,,,,,,0
,,,,,,,,,,,,,,,,,,,,,,,,,,,,,,,,,,,,,,,,,,,,,,,,,,,,,,,,,,,,,,,,,,,,,,,,,,,,,,,,,,,,,,,,,,,,,,,,,,,,,,0


,,,,,,,,,,,,,,,,,,,,,,,,,,,,,,,,,,,,,,,,,,,,,,,,,,,,,,,,,,,,,,,,,,,,,,,,,,,,,,,,,,,,,,,,,,,,,,,767 - FLIGHT BNM 6D Tests 44-46,,,,,,,
,,,,,,,,,,,,,,,,,,,,,,,,,,,,,,,,,,,,,,,,,,,,,,,,,,,,,,,,,,,,,,,,,,,,,,,,,,,,,,,,,,,,,,,,,,,,,,,,A,B,D,E,F,K,L
,,,,,,,,,,,,,,,,,,,,,,,,,,,,,,,,,,,,,,,,,,,,,,,,,,,,,,,,,,,,,,,,,,,,,,,,,,,,,,,,,,,,,,,,,,,,,,,1,1.4314785746397569e-05,,,,7.688530025241797e-06,,1.892059152280802e-05
,,,,,,,,,,,,,,,,,,,,,,,,,,,,,,,,,,,,,,,,,,,,,,,,,,,,,,,,,,,,,,,,,,,,,,,,,,,,,,,,,,,,,,,,,,,,,,,,2.7444473512861693e-05,,,,2.031887738216561e-05,,3.4057186254969756e-05
,,,,,,,,,,,,,,,,,,,,,,,,,,,,,,,,,,,,,,,,,,,,,,,,,,,,,,,,,,,,,,,,,,,,,,,,,,,,,,,,,,,,,,,,,,,,,,,2,1.8319533203084596e-05,,1.5725772138799743e-05,,,,1.9085197160030785e-05
,,,,,,,,,,,,,,,,,,,,,,,,,,,,,,,,,,,,,,,,,,,,,,,,,,,,,,,,,,,,,,,,,,,,,,,,,,,,,,,,,,,,,,,,,,,,,,,,4.040268901913763e-05,,3.401867230564471e-05,,,,3.4185173210339584e-05
,,,,,,,,,,,,,,,,,,,,,,,,,,,,,,,,,,,,,,,,,,,,,,,,,,,,,,,,,,,,,,,,,,,,,,,,,,,,,,,,,,,,,,,,,,,,,,,3,3.481706482173095e-05,,,,1.766639154145917e-05,,3.6788880252986374e-05
,,,,,,,,,,,,,,,,,,,,,,,,,,,,,,,,,,,,,,,,,,,,,,,,,,,,,,,,,,,,,,,,,,,,,,,,,,,,,,,,,,,,,,,,,,,,,,,,6.776071295604682e-05,,,,3.173731216224453e-05,,4.85888975247914e-05
,,,,,,,,,,,,,,,,,,,,,,,,,,,,,,,,,,,,,,,,,,,,,,,,,,,,,,,,,,,,,,,,,,,,,,,,,,,,,,,,,,,,,,,,,,,,,,,4,8.715135879807054e-05,,4.4155918892132245e-05,,,,3.8298523677261045e-05
,,,,,,,,,,,,,,,,,,,,,,,,,,,,,,,,,,,,,,,,,,,,,,,,,,,,,,,,,,,,,,,,,,,,,,,,,,,,,,,,,,,,,,,,,,,,,,,,0.00012171160416489245,,6.700704407083072e-05,,,,4.7553328174590805e-05
,,,,,,,,,,,,,,,,,,,,,,,,,,,,,,,,,,,,,,,,,,,,,,,,,,,,,,,,,,,,,,,,,,,,,,,,,,,,,,,,,,,,,,,,,,,,,,,5,,,,,4.64378248523726e-05,,6.106682313342132e-05
,,,,,,,,,,,,,,,,,,,,,,,,,,,,,,,,,,,,,,,,,,,,,,,,,,,,,,,,,,,,,,,,,,,,,,,,,,,,,,,,,,,,,,,,,,,,,,,,,,,,5.980291588836813e-05,,7.768132501472685e-05
,,,,,,,,,,,,,,,,,,,,,,,,,,,,,,,,,,,,,,,,,,,,,,,,,,,,,,,,,,,,,,,,,,,,,,,,,,,,,,,,,,,,,,,,,,,,,,,6,,,1,,,,
,,,,,,,,,,,,,,,,,,,,,,,,,,,,,,,,,,,,,,,,,,,,,,,,,,,,,,,,,,,,,,,,,,,,,,,,,,,,,,,,,,,,,,,,,,,,,,,,,,,,,,
,,,,,,,,,,,,,,,,,,,,,,,,,,,,,,,,,,,,,,,,,,,,,,,,,,,,,,,,,,,,,,,,,,,,,,,,,,,,,,,,,,,,,,,,,,,,,,,7,5.264153514582376e-05,,,,3.7573266420260596e-05,,2.509522086100914e-05
,,,,,,,,,,,,,,,,,,,,,,,,,,,,,,,,,,,,,,,,,,,,,,,,,,,,,,,,,,,,,,,,,,,,,,,,,,,,,,,,,,,,,,,,,,,,,,,,0.00020435846485417625,,,,5.319340024640608e-05,,8.433440876862048e-05
,,,,,,,,,,,,,,,,,,,,,,,,,,,,,,,,,,,,,,,,,,,,,,,,,,,,,,,,,,,,,,,,,,,,,,,,,,,,,,,,,,,,,,,,,,,,,,,8,1.650418631068276e-05,,6.295854057524107e-06,,,,9.345268416007338e-06
,,,,,,,,,,,,,,,,,,,,,,,,,,,,,,,,,,,,,,,,,,,,,,,,,,,,,,,,,,,,,,,,,,,,,,,,,,,,,,,,,,,,,,,,,,,,,,,,7.63587766522802e-05,,3.438192372025367e-05,,,,2.9102879732140814e-05
,,,,,,,,,,,,,,,,,,,,,,,,,,,,,,,,,,,,,,,,,,,,,,,,,,,,,,,,,,,,,,,,,,,,,,,,,,,,,,,,,,,,,,,,,,,,,,,9,1.9239566452717797e-06,,,,8.008955976150006e-06,,3.7709405830605918e-06
,,,,,,,,,,,,,,,,,,,,,,,,,,,,,,,,,,,,,,,,,,,,,,,,,,,,,,,,,,,,,,,,,,,,,,,,,,,,,,,,,,,,,,,,,,,,,,,,2.369826557695044e-05,,,,1.4083636616442587e-05,,1.3566096453976444e-05
,,,,,,,,,,,,,,,,,,,,,,,,,,,,,,,,,,,,,,,,,,,,,,,,,,,,,,,,,,,,,,,,,,,,,,,,,,,,,,,,,,,,,,,,,,,,,,,10,2.1853961656849716e-06,,2.7682649628604076e-06,,,,3.1343587922391157e-06
,,,,,,,,,,,,,,,,,,,,,,,,,,,,,,,,,,,,,,,,,,,,,,,,,,,,,,,,,,,,,,,,,,,,,,,,,,,,,,,,,,,,,,,,,,,,,,,,1.1884974204685398e-05,,1.4324327629732186e-05,,,,7.67304861516829e-06
,,,,,,,,,,,,,,,,,,,,,,,,,,,,,,,,,,,,,,,,,,,,,,,,,,,,,,,,,,,,,,,,,,,,,,,,,,,,,,,,,,,,,,,,,,,,,,,16,6.312149181559279e-07,0,1.0902717689615537e-06,5.978441801238635e-07,1.1458641101066355e-06,9.6792474667954e-07,0
,,,,,,,,,,,,,,,,,,,,,,,,,,,,,,,,,,,,,,,,,,,,,,,,,,,,,,,,,,,,,,,,,,,,,,,,,,,,,,,,,,,,,,,,,,,,,,,,2.77619248925148e-06,2.7466275372429455e-06,4.720839342149557e-06,3.157711375431692e-06,3.8763581121155865e-06,2.483927105172312e-06,3.22091932916569e-06
,,,,,,,,,,,,,,,,,,,,,,,,,,,,,,,,,,,,,,,,,,,,,,,,,,,,,,,,,,,,,,,,,,,,,,,,,,,,,,,,,,,,,,,,,,,,,,,17,,0,,,,0,
,,,,,,,,,,,,,,,,,,,,,,,,,,,,,,,,,,,,,,,,,,,,,,,,,,,,,,,,,,,,,,,,,,,,,,,,,,,,,,,,,,,,,,,,,,,,,,,,,0,,,,0,
,,,,,,,,,,,,,,,,,,,,,,,,,,,,,,,,,,,,,,,,,,,,,,,,,,,,,,,,,,,,,,,,,,,,,,,,,,,,,,,,,,,,,,,,,,,,,,,18,,,,,,,0
,,,,,,,,,,,,,,,,,,,,,,,,,,,,,,,,,,,,,,,,,,,,,,,,,,,,,,,,,,,,,,,,,,,,,,,,,,,,,,,,,,,,,,,,,,,,,,,,,,,,,,0


,,,,,,,,,,,,,,,,,,,,,,,,,,,,,,,,,,,,,,,,,,,,,,,,,,,,,,,,,,,,,,,,,,,,,,,,,,,,,,,,,,,,,,,,,,,,,,,767 - FLIGHT BM 6D Tests 47-49,,,,,,,
,,,,,,,,,,,,,,,,,,,,,,,,,,,,,,,,,,,,,,,,,,,,,,,,,,,,,,,,,,,,,,,,,,,,,,,,,,,,,,,,,,,,,,,,,,,,,,,,A,B,D,E,F,K,L
,,,,,,,,,,,,,,,,,,,,,,,,,,,,,,,,,,,,,,,,,,,,,,,,,,,,,,,,,,,,,,,,,,,,,,,,,,,,,,,,,,,,,,,,,,,,,,,1,1.0475051276344062e-05,,,,7.29496593175829e-06,,1.4375528946046533e-05
,,,,,,,,,,,,,,,,,,,,,,,,,,,,,,,,,,,,,,,,,,,,,,,,,,,,,,,,,,,,,,,,,,,,,,,,,,,,,,,,,,,,,,,,,,,,,,,,2.575457835328557e-05,,,,1.8390219253426892e-05,,3.36615080909905e-05
,,,,,,,,,,,,,,,,,,,,,,,,,,,,,,,,,,,,,,,,,,,,,,,,,,,,,,,,,,,,,,,,,,,,,,,,,,,,,,,,,,,,,,,,,,,,,,,2,1.6729999781144143e-05,,1.1310102924065604e-05,,,,1.230653855627941e-05
,,,,,,,,,,,,,,,,,,,,,,,,,,,,,,,,,,,,,,,,,,,,,,,,,,,,,,,,,,,,,,,,,,,,,,,,,,,,,,,,,,,,,,,,,,,,,,,,3.488481503367067e-05,,3.334915633519366e-05,,,,3.260827625853541e-05
,,,,,,,,,,,,,,,,,,,,,,,,,,,,,,,,,,,,,,,,,,,,,,,,,,,,,,,,,,,,,,,,,,,,,,,,,,,,,,,,,,,,,,,,,,,,,,,3,3.016897032089158e-05,,,,1.178971271307364e-05,,2.3836348544813867e-05
,,,,,,,,,,,,,,,,,,,,,,,,,,,,,,,,,,,,,,,,,,,,,,,,,,,,,,,,,,,,,,,,,,,,,,,,,,,,,,,,,,,,,,,,,,,,,,,,5.709399264207139e-05,,,,3.096584284248192e-05,,4.9922910714445386e-05
,,,,,,,,,,,,,,,,,,,,,,,,,,,,,,,,,,,,,,,,,,,,,,,,,,,,,,,,,,,,,,,,,,,,,,,,,,,,,,,,,,,,,,,,,,,,,,,4,6.389959812367563e-05,,3.699712400039508e-05,,,,2.0106597420430767e-05
,,,,,,,,,,,,,,,,,,,,,,,,,,,,,,,,,,,,,,,,,,,,,,,,,,,,,,,,,,,,,,,,,,,,,,,,,,,,,,,,,,,,,,,,,,,,,,,,0.00014120040187632436,,6.511398711071603e-05,,,,5.387118035734702e-05
,,,,,,,,,,,,,,,,,,,,,,,,,,,,,,,,,,,,,,,,,,,,,,,,,,,,,,,,,,,,,,,,,,,,,,,,,,,,,,,,,,,,,,,,,,,,,,,5,,,,,2.6024706351638747e-05,,3.2650553880412734e-05
,,,,,,,,,,,,,,,,,,,,,,,,,,,,,,,,,,,,,,,,,,,,,,,,,,,,,,,,,,,,,,,,,,,,,,,,,,,,,,,,,,,,,,,,,,,,,,,,,,,,6.506788624095387e-05,,7.934574241588355e-05
,,,,,,,,,,,,,,,,,,,,,,,,,,,,,,,,,,,,,,,,,,,,,,,,,,,,,,,,,,,,,,,,,,,,,,,,,,,,,,,,,,,,,,,,,,,,,,,6,,,1,,,,
,,,,,,,,,,,,,,,,,,,,,,,,,,,,,,,,,,,,,,,,,,,,,,,,,,,,,,,,,,,,,,,,,,,,,,,,,,,,,,,,,,,,,,,,,,,,,,,,,,,,,,
,,,,,,,,,,,,,,,,,,,,,,,,,,,,,,,,,,,,,,,,,,,,,,,,,,,,,,,,,,,,,,,,,,,,,,,,,,,,,,,,,,,,,,,,,,,,,,,7,5.5763865239774815e-05,,,,1.851062486181748e-05,,9.588960327142843e-06
,,,,,,,,,,,,,,,,,,,,,,,,,,,,,,,,,,,,,,,,,,,,,,,,,,,,,,,,,,,,,,,,,,,,,,,,,,,,,,,,,,,,,,,,,,,,,,,,0.00013955094957504,,,,5.970418995299734e-05,,8.094066930248679e-05
,,,,,,,,,,,,,,,,,,,,,,,,,,,,,,,,,,,,,,,,,,,,,,,,,,,,,,,,,,,,,,,,,,,,,,,,,,,,,,,,,,,,,,,,,,,,,,,8,2.244772783796276e-05,,6.8859549415724974e-06,,,,1.047764294492697e-05
,,,,,,,,,,,,,,,,,,,,,,,,,,,,,,,,,,,,,,,,,,,,,,,,,,,,,,,,,,,,,,,,,,,,,,,,,,,,,,,,,,,,,,,,,,,,,,,,4.6459679569444646e-05,,2.8239970984353426e-05,,,,2.162606075877674e-05
,,,,,,,,,,,,,,,,,,,,,,,,,,,,,,,,,,,,,,,,,,,,,,,,,,,,,,,,,,,,,,,,,,,,,,,,,,,,,,,,,,,,,,,,,,,,,,,9,5.504004515240266e-06,,,,7.5024473397370045e-06,,6.306835870893701e-06
,,,,,,,,,,,,,,,,,,,,,,,,,,,,,,,,,,,,,,,,,,,,,,,,,,,,,,,,,,,,,,,,,,,,,,,,,,,,,,,,,,,,,,,,,,,,,,,,1.583303252179677e-05,,,,1.1597552660262996e-05,,9.411682647624816e-06
,,,,,,,,,,,,,,,,,,,,,,,,,,,,,,,,,,,,,,,,,,,,,,,,,,,,,,,,,,,,,,,,,,,,,,,,,,,,,,,,,,,,,,,,,,,,,,,10,3.41320395376406e-06,,4.387249946976587e-06,,,,4.197858790090442e-06
,,,,,,,,,,,,,,,,,,,,,,,,,,,,,,,,,,,,,,,,,,,,,,,,,,,,,,,,,,,,,,,,,,,,,,,,,,,,,,,,,,,,,,,,,,,,,,,,8.931240490680384e-06,,1.0505342645616004e-05,,,,5.8836226913910405e-06
,,,,,,,,,,,,,,,,,,,,,,,,,,,,,,,,,,,,,,,,,,,,,,,,,,,,,,,,,,,,,,,,,,,,,,,,,,,,,,,,,,,,,,,,,,,,,,,16,2.9977730419780603e-07,7.550343482512368e-07,1.2625731721254965e-06,1.1965484729839088e-06,1.80488246274527e-06,7.714542484388576e-07,8.922040700146806e-07
,,,,,,,,,,,,,,,,,,,,,,,,,,,,,,,,,,,,,,,,,,,,,,,,,,,,,,,,,,,,,,,,,,,,,,,,,,,,,,,,,,,,,,,,,,,,,,,,3.3039263995058976e-06,2.170891577674689e-06,3.5040934945411706e-06,2.7256737492383135e-06,3.698821240958434e-06,2.50632352933892e-06,1.9892774114668008e-06
,,,,,,,,,,,,,,,,,,,,,,,,,,,,,,,,,,,,,,,,,,,,,,,,,,,,,,,,,,,,,,,,,,,,,,,,,,,,,,,,,,,,,,,,,,,,,,,17,,0,,,,0,
,,,,,,,,,,,,,,,,,,,,,,,,,,,,,,,,,,,,,,,,,,,,,,,,,,,,,,,,,,,,,,,,,,,,,,,,,,,,,,,,,,,,,,,,,,,,,,,,,0,,,,0,
,,,,,,,,,,,,,,,,,,,,,,,,,,,,,,,,,,,,,,,,,,,,,,,,,,,,,,,,,,,,,,,,,,,,,,,,,,,,,,,,,,,,,,,,,,,,,,,18,,,,,,,0
,,,,,,,,,,,,,,,,,,,,,,,,,,,,,,,,,,,,,,,,,,,,,,,,,,,,,,,,,,,,,,,,,,,,,,,,,,,,,,,,,,,,,,,,,,,,,,,,,,,,,,0


,,,,,,,,,,,,,,,,,,,,,,,,,,,,,,,,,,,,,,,,,,,,,,,,,,,,,,,,,,,,,,,,,,,,,,,,,,,,,,,,,,,,,,,,,,,,,,,767 - FLIGHT BNM 6L Tests 50-52,,,,,,,
,,,,,,,,,,,,,,,,,,,,,,,,,,,,,,,,,,,,,,,,,,,,,,,,,,,,,,,,,,,,,,,,,,,,,,,,,,,,,,,,,,,,,,,,,,,,,,,,A,B,D,E,F,K,L
,,,,,,,,,,,,,,,,,,,,,,,,,,,,,,,,,,,,,,,,,,,,,,,,,,,,,,,,,,,,,,,,,,,,,,,,,,,,,,,,,,,,,,,,,,,,,,,1,2.498433568157627e-05,,,,1.657694597602546e-05,,3.529520339210745e-05
,,,,,,,,,,,,,,,,,,,,,,,,,,,,,,,,,,,,,,,,,,,,,,,,,,,,,,,,,,,,,,,,,,,,,,,,,,,,,,,,,,,,,,,,,,,,,,,,4.113418283694225e-05,,,,3.13823132832338e-05,,5.3323315126411074e-05
,,,,,,,,,,,,,,,,,,,,,,,,,,,,,,,,,,,,,,,,,,,,,,,,,,,,,,,,,,,,,,,,,,,,,,,,,,,,,,,,,,,,,,,,,,,,,,,2,3.331530680671216e-05,,2.7145948733549728e-05,,,,3.4628904080426125e-05
,,,,,,,,,,,,,,,,,,,,,,,,,,,,,,,,,,,,,,,,,,,,,,,,,,,,,,,,,,,,,,,,,,,,,,,,,,,,,,,,,,,,,,,,,,,,,,,,5.632543393402859e-05,,4.9405903118302126e-05,,,,5.16970218454998e-05
,,,,,,,,,,,,,,,,,,,,,,,,,,,,,,,,,,,,,,,,,,,,,,,,,,,,,,,,,,,,,,,,,,,,,,,,,,,,,,,,,,,,,,,,,,,,,,,3,5.729826609584999e-05,,,,3.7679641513981486e-05,,6.564440760090822e-05
,,,,,,,,,,,,,,,,,,,,,,,,,,,,,,,,,,,,,,,,,,,,,,,,,,,,,,,,,,,,,,,,,,,,,,,,,,,,,,,,,,,,,,,,,,,,,,,,8.612765983007595e-05,,,,4.921665478231481e-05,,7.122966647316585e-05
,,,,,,,,,,,,,,,,,,,,,,,,,,,,,,,,,,,,,,,,,,,,,,,,,,,,,,,,,,,,,,,,,,,,,,,,,,,,,,,,,,,,,,,,,,,,,,,4,5.8455138156820547e-05,,6.189035700752739e-05,,,,6.611409016930582e-05
,,,,,,,,,,,,,,,,,,,,,,,,,,,,,,,,,,,,,,,,,,,,,,,,,,,,,,,,,,,,,,,,,,,,,,,,,,,,,,,,,,,,,,,,,,,,,,,,9.825597295429057e-05,,8.795038373321335e-05,,,,8.613405797884235e-05
,,,,,,,,,,,,,,,,,,,,,,,,,,,,,,,,,,,,,,,,,,,,,,,,,,,,,,,,,,,,,,,,,,,,,,,,,,,,,,,,,,,,,,,,,,,,,,,5,,,,,8.452421673065312e-05,,6.602117663450277e-05
,,,,,,,,,,,,,,,,,,,,,,,,,,,,,,,,,,,,,,,,,,,,,,,,,,,,,,,,,,,,,,,,,,,,,,,,,,,,,,,,,,,,,,,,,,,,,,,,,,,,0.0001340720795656432,,0.00013392326780994166
,,,,,,,,,,,,,,,,,,,,,,,,,,,,,,,,,,,,,,,,,,,,,,,,,,,,,,,,,,,,,,,,,,,,,,,,,,,,,,,,,,,,,,,,,,,,,,,6,,,,,,,1,
,,,,,,,,,,,,,,,,,,,,,,,,,,,,,,,,,,,,,,,,,,,,,,,,,,,,,,,,,,,,,,,,,,,,,,,,,,,,,,,,,,,,,,,,,,,,,,,,,,,,,,,
,,,,,,,,,,,,,,,,,,,,,,,,,,,,,,,,,,,,,,,,,,,,,,,,,,,,,,,,,,,,,,,,,,,,,,,,,,,,,,,,,,,,,,,,,,,,,,,7,1.6867601681769535e-05,,,,3.397273949880172e-05,,1.4967183612725899e-05
,,,,,,,,,,,,,,,,,,,,,,,,,,,,,,,,,,,,,,,,,,,,,,,,,,,,,,,,,,,,,,,,,,,,,,,,,,,,,,,,,,,,,,,,,,,,,,,,5.186202794786009e-05,,,,0.00010860874198267978,,4.7843927498385206e-05
,,,,,,,,,,,,,,,,,,,,,,,,,,,,,,,,,,,,,,,,,,,,,,,,,,,,,,,,,,,,,,,,,,,,,,,,,,,,,,,,,,,,,,,,,,,,,,,8,9.84558038506277e-06,,5.013145677026624e-06,,,,5.757545924317194e-06
,,,,,,,,,,,,,,,,,,,,,,,,,,,,,,,,,,,,,,,,,,,,,,,,,,,,,,,,,,,,,,,,,,,,,,,,,,,,,,,,,,,,,,,,,,,,,,,,3.783960480012242e-05,,2.1709076545195595e-05,,,,2.579060222383096e-05
,,,,,,,,,,,,,,,,,,,,,,,,,,,,,,,,,,,,,,,,,,,,,,,,,,,,,,,,,,,,,,,,,,,,,,,,,,,,,,,,,,,,,,,,,,,,,,,9,2.4677813059901508e-06,,,,4.008089174830878e-06,,6.860781093238116e-07
,,,,,,,,,,,,,,,,,,,,,,,,,,,,,,,,,,,,,,,,,,,,,,,,,,,,,,,,,,,,,,,,,,,,,,,,,,,,,,,,,,,,,,,,,,,,,,,,2.0187774249565402e-05,,,,2.659561452887283e-05,,1.640651448326878e-05
,,,,,,,,,,,,,,,,,,,,,,,,,,,,,,,,,,,,,,,,,,,,,,,,,,,,,,,,,,,,,,,,,,,,,,,,,,,,,,,,,,,,,,,,,,,,,,,10,2.4512066420447882e-06,,2.9694387138908483e-06,,,,1.82003226117475e-06
,,,,,,,,,,,,,,,,,,,,,,,,,,,,,,,,,,,,,,,,,,,,,,,,,,,,,,,,,,,,,,,,,,,,,,,,,,,,,,,,,,,,,,,,,,,,,,,,1.2874719283881137e-05,,1.360833906388693e-05,,,,1.1650338109195618e-05
,,,,,,,,,,,,,,,,,,,,,,,,,,,,,,,,,,,,,,,,,,,,,,,,,,,,,,,,,,,,,,,,,,,,,,,,,,,,,,,,,,,,,,,,,,,,,,,16,0,1.090261771875798e-06,2.0874529058984683e-06,0,1.4961566202276375e-06,3.871905765986617e-07,5.127082811137172e-07
,,,,,,,,,,,,,,,,,,,,,,,,,,,,,,,,,,,,,,,,,,,,,,,,,,,,,,,,,,,,,,,,,,,,,,,,,,,,,,,,,,,,,,,,,,,,,,,,1.0409657819007712e-05,2.9097382281242017e-06,4.253287834842273e-06,7.027260526741165e-06,5.622361898290881e-06,5.43503164562356e-06,4.379884311478875e-06
,,,,,,,,,,,,,,,,,,,,,,,,,,,,,,,,,,,,,,,,,,,,,,,,,,,,,,,,,,,,,,,,,,,,,,,,,,,,,,,,,,,,,,,,,,,,,,,17,,7.059642156138359e-07,,,,5.443151991684634e-07,
,,,,,,,,,,,,,,,,,,,,,,,,,,,,,,,,,,,,,,,,,,,,,,,,,,,,,,,,,,,,,,,,,,,,,,,,,,,,,,,,,,,,,,,,,,,,,,,,,2.342183932534312e-06,,,,3.826055171201906e-06,
,,,,,,,,,,,,,,,,,,,,,,,,,,,,,,,,,,,,,,,,,,,,,,,,,,,,,,,,,,,,,,,,,,,,,,,,,,,,,,,,,,,,,,,,,,,,,,,18,,,,,,,0
,,,,,,,,,,,,,,,,,,,,,,,,,,,,,,,,,,,,,,,,,,,,,,,,,,,,,,,,,,,,,,,,,,,,,,,,,,,,,,,,,,,,,,,,,,,,,,,,,,,,,,1.972516314638432e-06


,,,,,,,,,,,,,,,,,,,,,,,,,,,,,,,,,,,,,,,,,,,,,,,,,,,,,,,,,,,,,,,,,,,,,,,,,,,,,,,,,,,,,,,,,,,,,,,767 - FLIGHT BM 6L Tests 53-55,,,,,,,
,,,,,,,,,,,,,,,,,,,,,,,,,,,,,,,,,,,,,,,,,,,,,,,,,,,,,,,,,,,,,,,,,,,,,,,,,,,,,,,,,,,,,,,,,,,,,,,,A,B,D,E,F,K,L
,,,,,,,,,,,,,,,,,,,,,,,,,,,,,,,,,,,,,,,,,,,,,,,,,,,,,,,,,,,,,,,,,,,,,,,,,,,,,,,,,,,,,,,,,,,,,,,1,1.9394332632585756e-05,,,,1.3895065387601183e-05,,2.5856297844845363e-05
,,,,,,,,,,,,,,,,,,,,,,,,,,,,,,,,,,,,,,,,,,,,,,,,,,,,,,,,,,,,,,,,,,,,,,,,,,,,,,,,,,,,,,,,,,,,,,,,2.3564926626673507e-05,,,,1.8390119797584e-05,,3.372147993293242e-05
,,,,,,,,,,,,,,,,,,,,,,,,,,,,,,,,,,,,,,,,,,,,,,,,,,,,,,,,,,,,,,,,,,,,,,,,,,,,,,,,,,,,,,,,,,,,,,,2,2.7738538754905808e-05,,2.028445267559617e-05,,,,2.525606490675837e-05
,,,,,,,,,,,,,,,,,,,,,,,,,,,,,,,,,,,,,,,,,,,,,,,,,,,,,,,,,,,,,,,,,,,,,,,,,,,,,,,,,,,,,,,,,,,,,,,,3.312442420805715e-05,,2.7989621398477907e-05,,,,3.062171287101941e-05
,,,,,,,,,,,,,,,,,,,,,,,,,,,,,,,,,,,,,,,,,,,,,,,,,,,,,,,,,,,,,,,,,,,,,,,,,,,,,,,,,,,,,,,,,,,,,,,3,3.6494585819852385e-05,,,,2.5447997463719967e-05,,4.1781089956274734e-05
,,,,,,,,,,,,,,,,,,,,,,,,,,,,,,,,,,,,,,,,,,,,,,,,,,,,,,,,,,,,,,,,,,,,,,,,,,,,,,,,,,,,,,,,,,,,,,,,5.0453562328295764e-05,,,,3.370385438813189e-05,,4.8578169302984516e-05
,,,,,,,,,,,,,,,,,,,,,,,,,,,,,,,,,,,,,,,,,,,,,,,,,,,,,,,,,,,,,,,,,,,,,,,,,,,,,,,,,,,,,,,,,,,,,,,4,4.4869270386170024e-05,,3.8685618371651166e-05,,,,4.144734837904215e-05
,,,,,,,,,,,,,,,,,,,,,,,,,,,,,,,,,,,,,,,,,,,,,,,,,,,,,,,,,,,,,,,,,,,,,,,,,,,,,,,,,,,,,,,,,,,,,,,,6.938998887308923e-05,,5.94736408876081e-05,,,,5.858598495429118e-05
,,,,,,,,,,,,,,,,,,,,,,,,,,,,,,,,,,,,,,,,,,,,,,,,,,,,,,,,,,,,,,,,,,,,,,,,,,,,,,,,,,,,,,,,,,,,,,,5,,,,,7.027914571507446e-05,,6.667071918911015e-05
,,,,,,,,,,,,,,,,,,,,,,,,,,,,,,,,,,,,,,,,,,,,,,,,,,,,,,,,,,,,,,,,,,,,,,,,,,,,,,,,,,,,,,,,,,,,,,,,,,,,8.30949283589996e-05,,7.794779932940837e-05
,,,,,,,,,,,,,,,,,,,,,,,,,,,,,,,,,,,,,,,,,,,,,,,,,,,,,,,,,,,,,,,,,,,,,,,,,,,,,,,,,,,,,,,,,,,,,,,6,,,,,,,1,
,,,,,,,,,,,,,,,,,,,,,,,,,,,,,,,,,,,,,,,,,,,,,,,,,,,,,,,,,,,,,,,,,,,,,,,,,,,,,,,,,,,,,,,,,,,,,,,,,,,,,,,
,,,,,,,,,,,,,,,,,,,,,,,,,,,,,,,,,,,,,,,,,,,,,,,,,,,,,,,,,,,,,,,,,,,,,,,,,,,,,,,,,,,,,,,,,,,,,,,7,1.7304571067840188e-05,,,,3.339139870855156e-05,,1.5880984200237896e-05
,,,,,,,,,,,,,,,,,,,,,,,,,,,,,,,,,,,,,,,,,,,,,,,,,,,,,,,,,,,,,,,,,,,,,,,,,,,,,,,,,,,,,,,,,,,,,,,,4.149542893215981e-05,,,,6.578267536552251e-05,,4.7548645429391735e-05
,,,,,,,,,,,,,,,,,,,,,,,,,,,,,,,,,,,,,,,,,,,,,,,,,,,,,,,,,,,,,,,,,,,,,,,,,,,,,,,,,,,,,,,,,,,,,,,8,7.756150475441349e-06,,4.916643669319829e-06,,,,8.182708914651734e-06
,,,,,,,,,,,,,,,,,,,,,,,,,,,,,,,,,,,,,,,,,,,,,,,,,,,,,,,,,,,,,,,,,,,,,,,,,,,,,,,,,,,,,,,,,,,,,,,,3.1836442117151244e-05,,1.5505578552902395e-05,,,,1.7987661455718637e-05
,,,,,,,,,,,,,,,,,,,,,,,,,,,,,,,,,,,,,,,,,,,,,,,,,,,,,,,,,,,,,,,,,,,,,,,,,,,,,,,,,,,,,,,,,,,,,,,9,3.4573590559531716e-06,,,,6.2391818782259e-06,,3.8722040092967635e-06
,,,,,,,,,,,,,,,,,,,,,,,,,,,,,,,,,,,,,,,,,,,,,,,,,,,,,,,,,,,,,,,,,,,,,,,,,,,,,,,,,,,,,,,,,,,,,,,,1.1746344647750532e-05,,,,1.269044775140373e-05,,8.327795990703237e-06
,,,,,,,,,,,,,,,,,,,,,,,,,,,,,,,,,,,,,,,,,,,,,,,,,,,,,,,,,,,,,,,,,,,,,,,,,,,,,,,,,,,,,,,,,,,,,,,10,1.3830096175176623e-06,,1.9245742292310394e-06,,,,2.5501416524591912e-06
,,,,,,,,,,,,,,,,,,,,,,,,,,,,,,,,,,,,,,,,,,,,,,,,,,,,,,,,,,,,,,,,,,,,,,,,,,,,,,,,,,,,,,,,,,,,,,,,8.035508901000855e-06,,9.208759104102294e-06,,,,6.086895384577846e-06
,,,,,,,,,,,,,,,,,,,,,,,,,,,,,,,,,,,,,,,,,,,,,,,,,,,,,,,,,,,,,,,,,,,,,,,,,,,,,,,,,,,,,,,,,,,,,,,16,0,9.88193809327668e-07,1.2402915215515172e-06,0,8.948230723164669e-07,4.991986018462066e-07,0
,,,,,,,,,,,,,,,,,,,,,,,,,,,,,,,,,,,,,,,,,,,,,,,,,,,,,,,,,,,,,,,,,,,,,,,,,,,,,,,,,,,,,,,,,,,,,,,,3.6206241098930326e-06,1.574769153635295e-06,2.8078566265966304e-06,3.5342758664542567e-06,3.2533250758316807e-06,2.7933939907463858e-06,3.4892000706250006e-06
,,,,,,,,,,,,,,,,,,,,,,,,,,,,,,,,,,,,,,,,,,,,,,,,,,,,,,,,,,,,,,,,,,,,,,,,,,,,,,,,,,,,,,,,,,,,,,,17,,0,,,,0,
,,,,,,,,,,,,,,,,,,,,,,,,,,,,,,,,,,,,,,,,,,,,,,,,,,,,,,,,,,,,,,,,,,,,,,,,,,,,,,,,,,,,,,,,,,,,,,,,,0,,,,2.373706073547944e-06,
,,,,,,,,,,,,,,,,,,,,,,,,,,,,,,,,,,,,,,,,,,,,,,,,,,,,,,,,,,,,,,,,,,,,,,,,,,,,,,,,,,,,,,,,,,,,,,,18,,,,,,,0
,,,,,,,,,,,,,,,,,,,,,,,,,,,,,,,,,,,,,,,,,,,,,,,,,,,,,,,,,,,,,,,,,,,,,,,,,,,,,,,,,,,,,,,,,,,,,,,,,,,,,,0

