seat,x_fig,y_fig,s3_measured,s3_cfd,s4_cfd,row,col
1A,6259.5,1556.9,,0.56,0.41,1.0,A
1B,6259.5,1232.7,,0.55,0.41,1.0,B
1C,6254.3,529.0,,0.56,0.41,1.0,C
1D,6254.3,200.7,0.7,0.56,0.41,1.0,D
2C,5747.7,536.8,,0.56,0.41,2.0,C
2D,5747.7,210.9,,0.56,0.41,2.0,D
3A,5311.6,1557.5,,0.55,0.41,3.0,A
3B,5311.6,1233.3,,0.55,0.41,3.0,B
3C,5242.8,530.9,,0.56,0.41,3.0,C
3D,5242.8,202.6,,0.56,0.41,3.0,D
4A,4836.0,1556.9,,0.55,0.41,4.0,A
4B,4836.0,1232.7,,0.55,0.41,4.0,B
4C,4726.3,535.5,,0.57,0.42,4.0,C
4D,4726.3,207.2,,0.57,0.42,4.0,D
5A,4365.2,1556.9,,0.57,0.42,5.0,A
5B,4365.2,1232.7,,0.57,0.42,5.0,B
5C,4226.2,538.3,0.76,0.58,0.43,5.0,C
5D,4226.2,210.0,,0.59,0.43,5.0,D
6A,3897.5,1556.9,,0.58,0.42,6.0,A
6B,3897.5,1232.7,0.82,0.58,0.42,6.0,B
6C,3725.2,536.8,,0.59,0.43,6.0,C
6D,3725.2,208.5,,0.58,0.43,6.0,D
7A,3410.3,1558.6,,0.57,0.42,7.0,A
7B,3410.3,1234.4,,0.58,0.42,7.0,B
7C,3212.5,523.4,,0.61,0.46,7.0,C
7D,3211.2,208.5,,0.6,0.45,7.0,D
8C,2729.6,561.9,,0.62,,8.0,C
8D,2731.2,199.3,,0.61,0.44,8.0,D
9C,2217.2,530.9,0.92,0.75,0.51,9.0,C
9D,2217.2,198.5,,0.81,0.58,9.0,D
10A,1960.6,1554.1,,0.6,0.44,10.0,A
10B,1968.0,1152.9,,0.61,0.44,10.0,B
10C,1697.9,507.4,,0.75,0.52,10.0,C
10D,1697.4,120.1,,0.82,0.58,10.0,D
11A,1330.2,1580.5,,0.61,0.45,11.0,A
11B,1330.2,1172.4,0.99,0.62,0.46,11.0,B
11C,1174.4,513.0,1.03,0.68,0.55,11.0,C
11D,1176.6,125.8,,0.83,0.7,11.0,D
12A,752.6,1571.6,,0.72,0.48,12.0,A
12B,752.1,1170.5,,0.68,0.53,12.0,B
12C,679.2,518.9,,,1.0,12.0,C
12D,681.1,116.0,1.0,1.0,,12.0,D
13A,141.9,1570.2,0.72,0.64,0.47,13.0,A
13B,141.4,1170.5,,0.78,0.47,13.0,B
13C,140.5,501.3,,0.89,0.66,13.0,C
13D,142.9,112.0,1.0,2.0,0.74,13.0,D
13E,140.9,828.8,,0.89,0.56,13.0,E
D,5949.4,434.1,,0.56,0.41,,D
