panel,x_over_L,c_norm,n_runs
A_end,-0.4955,1.454,1
A_end,-0.4909,1.454,1
A_end,-0.4864,1.454,1
A_end,-0.4818,1.454,1
A_end,-0.4773,1.454,1
A_end,-0.4727,1.454,1
A_end,-0.4682,1.461,1
A_end,-0.4637,1.467,1
A_end,-0.4591,1.467,1
A_end,-0.4546,1.467,1
A_end,-0.45,1.474,1
A_end,-0.4455,1.481,1
A_end,-0.441,1.481,1
A_end,-0.4364,1.494,1
A_end,-0.4319,1.494,1
A_end,-0.4273,1.501,1
A_end,-0.4228,1.508,1
A_end,-0.4182,1.514,1
A_end,-0.4137,1.521,1
A_end,-0.4092,1.521,1
A_end,-0.4046,1.521,1
A_end,-0.3774,1.407,1
A_end,-0.3728,1.373,1
A_end,-0.3683,1.339,1
A_end,-0.3637,1.306,1
A_end,-0.3592,1.279,1
A_end,-0.3547,1.245,1
A_end,-0.3501,1.212,1
A_end,-0.3456,1.185,1
A_end,-0.341,1.158,1
A_end,-0.3365,1.137,1
A_end,-0.3319,1.111,1
A_end,-0.3274,1.09,1
A_end,-0.3229,0.996,1
A_end,-0.3183,0.942,2
A_end,-0.3138,1.037,1
A_end,-0.3092,1.023,1
A_end,-0.3047,1.003,1
A_end,-0.3002,0.989,1
A_end,-0.2956,0.976,1
A_end,-0.2911,0.963,1
A_end,-0.2865,0.956,1
A_end,-0.282,0.942,1
A_end,-0.2774,0.929,1
A_end,-0.2729,0.922,1
A_end,-0.2684,0.915,1
A_end,-0.2638,0.902,1
A_end,-0.2593,0.895,1
A_end,-0.2547,0.888,1
A_end,-0.2502,0.875,1
A_end,-0.2456,0.868,1
A_end,-0.2411,0.862,1
A_end,-0.2366,0.855,1
A_end,-0.232,0.848,1
A_end,-0.2275,0.841,1
A_end,-0.2229,0.835,1
A_end,-0.2184,0.835,1
A_end,-0.2139,0.754,2
A_end,-0.2093,0.754,2
A_end,-0.2048,0.814,1
A_end,-0.2002,0.808,1
A_end,-0.1957,0.801,1
A_end,-0.1911,0.794,1
A_end,-0.1866,0.794,1
A_end,-0.1821,0.787,1
A_end,-0.1775,0.781,1
A_end,-0.173,0.781,1
A_end,-0.1684,0.774,1
A_end,-0.1639,0.767,1
A_end,-0.1593,0.767,1
A_end,-0.1548,0.754,1
A_end,-0.1503,0.754,1
A_end,-0.1457,0.747,1
A_end,-0.1412,0.74,1
A_end,-0.1366,0.74,1
A_end,-0.1321,0.734,1
A_end,-0.1276,0.727,1
A_end,-0.123,0.727,1
A_end,-0.1185,0.72,1
A_end,-0.1139,0.713,1
A_end,-0.1094,0.713,1
A_end,-0.1048,0.7,1
A_end,-0.1003,0.7,1
A_end,-0.0958,0.693,1
A_end,-0.0912,0.687,1
A_end,-0.0867,0.687,1
A_end,-0.0821,0.673,1
A_end,-0.0776,0.673,1
A_end,-0.0731,0.666,1
A_end,-0.0685,0.66,1
A_end,-0.064,0.653,1
A_end,-0.0594,0.646,1
A_end,-0.0549,0.639,1
A_end,-0.0503,0.633,1
A_end,-0.0458,0.626,1
A_end,-0.0413,0.619,1
A_end,-0.0367,0.613,1
A_end,-0.0322,0.606,1
A_end,-0.0276,0.599,1
A_end,-0.0231,0.592,1
A_end,-0.0185,0.579,1
A_end,-0.014,0.579,1
A_end,-0.0095,0.565,1
A_end,-0.0049,0.559,1
A_end,-0.0004,0.552,1
A_end,0.0042,0.538,1
A_end,0.0087,0.532,1
A_end,0.0132,0.525,1
A_end,0.0178,0.512,1
A_end,0.0223,0.512,1
A_end,0.0269,0.498,1
A_end,0.0314,0.498,1
A_end,0.036,0.485,1
A_end,0.0405,0.485,1
A_end,0.045,0.471,1
A_end,0.0496,0.471,1
A_end,0.0541,0.464,1
A_end,0.0587,0.458,1
A_end,0.0632,0.451,1
A_end,0.0678,0.444,1
A_end,0.0723,0.444,1
A_end,0.0768,0.438,1
A_end,0.0814,0.431,1
A_end,0.0859,0.431,1
A_end,0.0905,0.417,1
A_end,0.095,0.417,1
A_end,0.0995,0.417,1
A_end,0.1041,0.411,1
A_end,0.1086,0.404,1
A_end,0.1132,0.404,1
A_end,0.1177,0.397,1
A_end,0.1223,0.39,1
A_end,0.1268,0.39,1
A_end,0.1313,0.39,1
A_end,0.1359,0.384,1
A_end,0.1404,0.377,1
A_end,0.145,0.377,1
A_end,0.1495,0.377,1
A_end,0.154,0.37,1
A_end,0.1586,0.363,1
A_end,0.1631,0.363,1
A_end,0.1677,0.363,1
A_end,0.1722,0.357,1
A_end,0.1768,0.357,1
A_end,0.1813,0.35,1
A_end,0.1858,0.35,1
A_end,0.1904,0.35,1
A_end,0.1949,0.343,1
A_end,0.1995,0.343,1
A_end,0.204,0.337,1
A_end,0.2086,0.337,1
A_end,0.2131,0.337,1
A_end,0.2176,0.337,1
A_end,0.2222,0.33,1
A_end,0.2267,0.33,1
A_end,0.2313,0.323,1
A_end,0.2358,0.323,1
A_end,0.2403,0.323,1
A_end,0.2449,0.323,1
A_end,0.2494,0.323,1
A_end,0.254,0.316,1
A_end,0.2585,0.316,1
A_end,0.2631,0.31,1
A_end,0.2676,0.31,2
A_end,0.2721,0.31,2
A_end,0.2767,0.31,2
A_end,0.2812,0.31,2
A_end,0.2858,0.303,2
A_end,0.2903,0.303,6
A_end,0.2949,0.303,6
A_end,0.2994,0.296,2
A_end,0.3039,0.296,2
A_end,0.3085,0.296,2
A_end,0.313,0.296,2
A_end,0.3176,0.296,2
A_end,0.3221,0.289,1
A_end,0.3266,0.289,9
A_end,0.3312,0.289,7
A_end,0.3357,0.283,11
A_end,0.3403,0.283,8
A_end,0.3448,0.283,9
A_end,0.3494,0.283,7
A_end,0.3539,0.283,12
A_end,0.3584,0.276,8
A_end,0.363,0.276,6
A_end,0.3675,0.276,7
A_end,0.3721,0.269,2
A_end,0.3766,0.269,4
A_end,0.3812,0.269,3
A_end,0.3857,0.269,6
A_end,0.3902,0.269,2
A_end,0.3948,0.269,3
A_end,0.3993,0.263,10
A_end,0.4039,0.263,3
A_end,0.4084,0.263,4
A_end,0.4129,0.256,4
A_end,0.4175,0.256,3
A_end,0.422,0.256,2
A_end,0.4266,0.256,3
A_end,0.4311,0.256,7
A_end,0.4357,0.256,1
A_end,0.4402,0.256,2
A_end,0.4447,0.256,3
A_end,0.4493,0.256,4
A_end,0.4538,0.256,3
A_end,0.4584,0.256,1
A_end,0.4629,0.249,2
A_end,0.4674,0.249,1
A_end,0.472,0.249,3
A_end,0.4765,0.249,2
A_end,0.4811,0.249,1
A_end,0.4856,0.249,1
A_end,0.4902,0.249,1
A_end,0.4947,0.249,1
B_middle,-0.4955,1.158,1
B_middle,-0.4909,1.158,1
B_middle,-0.4864,1.158,1
B_middle,-0.4818,1.158,1
B_middle,-0.4727,1.164,1
B_middle,-0.4637,1.171,1
B_middle,-0.4591,1.171,1
B_middle,-0.4546,1.171,1
B_middle,-0.45,1.171,1
B_middle,-0.4455,1.178,1
B_middle,-0.441,1.185,1
B_middle,-0.4364,1.185,1
B_middle,-0.4319,1.185,1
B_middle,-0.4273,1.191,1
B_middle,-0.4228,1.198,1
B_middle,-0.4182,1.198,1
B_middle,-0.4137,1.205,1
B_middle,-0.4092,1.212,1
B_middle,-0.4046,1.218,1
B_middle,-0.4001,1.225,1
B_middle,-0.3955,1.225,1
B_middle,-0.391,1.238,1
B_middle,-0.3864,1.238,1
B_middle,-0.3819,1.252,1
B_middle,-0.3774,1.252,1
B_middle,-0.3728,1.265,1
B_middle,-0.3683,1.265,1
B_middle,-0.3637,1.279,1
B_middle,-0.3592,1.286,1
B_middle,-0.3547,1.292,1
B_middle,-0.3501,1.299,1
B_middle,-0.3456,1.306,1
B_middle,-0.341,1.312,1
B_middle,-0.3365,1.319,1
B_middle,-0.3319,1.326,1
B_middle,-0.3274,1.333,1
B_middle,-0.3229,1.346,1
B_middle,-0.3183,1.346,1
B_middle,-0.3138,1.36,1
B_middle,-0.3092,1.366,1
B_middle,-0.3047,1.373,1
B_middle,-0.3002,1.38,1
B_middle,-0.2956,1.387,1
B_middle,-0.2911,1.393,1
B_middle,-0.2865,1.4,1
B_middle,-0.282,1.407,1
B_middle,-0.2774,1.413,1
B_middle,-0.2729,1.427,1
B_middle,-0.2684,1.427,1
B_middle,-0.2638,1.44,1
B_middle,-0.2593,1.447,1
B_middle,-0.2547,1.454,1
B_middle,-0.2502,1.467,1
B_middle,-0.2456,1.474,1
B_middle,-0.2411,1.481,1
B_middle,-0.2366,1.494,1
B_middle,-0.232,1.501,1
B_middle,-0.2275,1.508,1
B_middle,-0.2229,1.521,1
B_middle,-0.2184,1.528,1
B_middle,-0.2139,1.535,1
B_middle,-0.2093,1.548,1
B_middle,-0.2048,1.555,1
B_middle,-0.2002,1.568,1
B_middle,-0.1957,1.575,1
B_middle,-0.1911,1.588,1
B_middle,-0.1866,1.602,1
B_middle,-0.1821,1.615,1
B_middle,-0.1775,1.622,1
B_middle,-0.173,1.629,1
B_middle,-0.1684,1.642,1
B_middle,-0.1639,1.656,1
B_middle,-0.1593,1.669,1
B_middle,-0.1548,1.676,1
B_middle,-0.1503,1.683,1
B_middle,-0.1185,1.609,1
B_middle,-0.1139,1.582,1
B_middle,-0.1094,1.555,1
B_middle,-0.1048,1.528,1
B_middle,-0.1003,1.494,1
B_middle,-0.0958,1.467,1
B_middle,-0.0912,1.44,1
B_middle,-0.0867,1.413,1
B_middle,-0.0821,1.387,1
B_middle,-0.0776,1.36,1
B_middle,-0.0731,1.339,1
B_middle,-0.0685,1.312,1
B_middle,-0.064,1.292,1
B_middle,-0.0594,1.272,1
B_middle,-0.0549,1.252,1
B_middle,-0.0503,1.225,1
B_middle,-0.0458,1.205,1
B_middle,-0.0413,1.191,1
B_middle,-0.0367,1.171,1
B_middle,-0.0322,1.151,1
B_middle,-0.0276,1.131,1
B_middle,-0.0231,1.111,1
B_middle,-0.0185,1.097,1
B_middle,-0.014,1.077,1
B_middle,-0.0095,1.063,1
B_middle,-0.0049,1.043,1
B_middle,-0.0004,1.023,1
B_middle,0.0042,1.01,1
B_middle,0.0087,0.996,1
B_middle,0.0132,0.983,1
B_middle,0.0178,0.969,1
B_middle,0.0223,0.956,1
B_middle,0.0269,0.942,1
B_middle,0.0314,0.929,1
B_middle,0.036,0.915,1
B_middle,0.0405,0.902,1
B_middle,0.045,0.888,1
B_middle,0.0496,0.875,1
B_middle,0.0541,0.868,1
B_middle,0.0587,0.862,1
B_middle,0.0632,0.848,1
B_middle,0.0678,0.835,1
B_middle,0.0723,0.828,1
B_middle,0.0768,0.821,1
B_middle,0.0814,0.808,1
B_middle,0.0859,0.801,1
B_middle,0.0905,0.794,1
B_middle,0.095,0.781,1
B_middle,0.0995,0.774,1
B_middle,0.1041,0.767,1
B_middle,0.1086,0.761,1
B_middle,0.1132,0.754,1
B_middle,0.1177,0.74,1
B_middle,0.1223,0.74,1
B_middle,0.1268,0.727,1
B_middle,0.1313,0.727,1
B_middle,0.1359,0.72,1
B_middle,0.1404,0.713,1
B_middle,0.145,0.707,1
B_middle,0.1495,0.7,1
B_middle,0.154,0.693,1
B_middle,0.1586,0.687,1
B_middle,0.1631,0.687,1
B_middle,0.1677,0.68,1
B_middle,0.1722,0.673,1
B_middle,0.1768,0.666,1
B_middle,0.1813,0.66,1
B_middle,0.1858,0.66,1
B_middle,0.1904,0.653,1
B_middle,0.1949,0.646,1
B_middle,0.1995,0.646,1
B_middle,0.204,0.639,1
B_middle,0.2086,0.633,1
B_middle,0.2131,0.633,1
B_middle,0.2176,0.626,1
B_middle,0.2222,0.619,1
B_middle,0.2267,0.619,1
B_middle,0.2313,0.613,1
B_middle,0.2358,0.613,1
B_middle,0.2403,0.606,1
B_middle,0.2449,0.606,1
B_middle,0.2494,0.599,1
B_middle,0.254,0.592,1
B_middle,0.2585,0.592,1
B_middle,0.2631,0.592,2
B_middle,0.2676,0.586,2
B_middle,0.2721,0.579,2
B_middle,0.2767,0.579,2
B_middle,0.2812,0.579,2
B_middle,0.2858,0.572,3
B_middle,0.2903,0.565,6
B_middle,0.2949,0.565,7
B_middle,0.2994,0.565,3
B_middle,0.3039,0.559,2
B_middle,0.3085,0.559,2
B_middle,0.313,0.552,2
B_middle,0.3176,0.552,2
B_middle,0.3221,0.552,1
B_middle,0.3266,0.545,12
B_middle,0.3312,0.538,6
B_middle,0.3357,0.538,4
B_middle,0.3403,0.538,4
B_middle,0.3448,0.532,3
B_middle,0.3494,0.525,3
B_middle,0.3539,0.525,8
B_middle,0.3584,0.525,6
B_middle,0.363,0.518,7
B_middle,0.3675,0.518,4
B_middle,0.3721,0.512,3
B_middle,0.3766,0.512,6
B_middle,0.3812,0.512,4
B_middle,0.3857,0.505,6
B_middle,0.3902,0.498,5
B_middle,0.3948,0.498,6
B_middle,0.3993,0.067,7
B_middle,0.4039,0.498,5
B_middle,0.4084,0.491,7
B_middle,0.4129,0.491,4
B_middle,0.4175,0.485,4
B_middle,0.422,0.485,4
B_middle,0.4266,0.485,6
B_middle,0.4311,0.485,6
B_middle,0.4357,0.485,2
B_middle,0.4402,0.478,3
B_middle,0.4447,0.478,5
B_middle,0.4493,0.478,3
B_middle,0.4538,0.471,1
B_middle,0.4584,0.471,2
B_middle,0.4629,0.471,3
B_middle,0.4674,0.471,2
B_middle,0.472,0.471,2
B_middle,0.4765,0.471,2
B_middle,0.4811,0.471,1
B_middle,0.4856,0.471,1
B_middle,0.4902,0.471,1
B_middle,0.4947,0.485,1
