panel,colour,x_over_L,c_norm,c_lo,c_hi,npix,near_source
A_end,blue,-0.4962,1.403,1.36,1.44,16,False
A_end,blue,-0.4957,1.529,1.467,1.602,30,False
A_end,red,-0.4682,1.232,1.212,1.252,8,False
A_end,red,-0.4635,1.57,1.508,1.642,60,False
A_end,blue,-0.4633,1.843,1.777,1.925,69,False
A_end,red,-0.4603,1.229,1.212,1.252,12,False
A_end,red,-0.4326,2.006,1.979,2.033,10,False
A_end,red,-0.4281,2.06,2.046,2.073,8,False
A_end,red,-0.4281,1.899,1.858,1.965,56,False
A_end,red,-0.4281,1.4,1.387,1.413,10,False
A_end,red,-0.4278,1.486,1.427,1.548,43,False
A_end,red,-0.4235,2.006,1.979,2.033,10,False
A_end,red,-0.3936,2.292,2.194,2.396,79,True
A_end,red,-0.3934,2.572,2.517,2.625,27,True
A_end,blue,-0.3927,1.226,1.185,1.292,40,True
A_end,red,-0.3925,2.477,2.45,2.504,11,True
A_end,red,-0.3925,2.172,2.154,2.194,11,True
A_end,blue,-0.3919,1.065,1.05,1.09,21,True
A_end,blue,-0.3917,1.131,1.104,1.158,10,True
A_end,blue,-0.3908,1.365,1.306,1.413,23,True
A_end,blue,-0.3905,1.446,1.4,1.481,19,True
A_end,red,-0.3579,1.179,1.117,1.252,71,False
A_end,blue,-0.3577,0.988,0.929,1.077,79,False
A_end,blue,-0.3266,0.835,0.808,0.862,10,False
A_end,red,-0.3226,1.009,0.942,1.077,74,False
A_end,blue,-0.3221,0.969,0.956,0.983,10,False
A_end,blue,-0.3212,0.878,0.848,0.902,13,False
A_end,blue,-0.3176,0.821,0.808,0.835,8,False
A_end,red,-0.3069,0.731,0.646,0.808,74,False
A_end,blue,-0.2116,0.808,0.794,0.821,8,False
A_end,red,-0.2114,0.807,0.754,0.875,48,False
A_end,red,-0.1618,0.689,0.606,0.808,77,False
B_middle,blue,-0.4723,1.165,1.09,1.238,49,False
B_middle,blue,-0.4722,0.929,0.835,1.023,92,False
B_middle,blue,-0.4722,0.691,0.619,0.754,50,False
B_middle,red,-0.2086,1.09,1.077,1.104,8,False
B_middle,blue,-0.2064,1.04,1.01,1.063,13,False
B_middle,red,-0.2053,1.321,1.238,1.4,79,False
B_middle,blue,-0.205,1.424,1.36,1.508,71,False
B_middle,red,-0.204,1.158,1.131,1.185,10,False
B_middle,blue,-0.204,1.198,1.171,1.225,10,False
B_middle,red,-0.201,1.09,1.077,1.104,8,False
B_middle,blue,-0.201,0.996,0.969,1.023,10,False
B_middle,red,-0.1713,1.476,1.413,1.521,35,False
B_middle,red,-0.1703,1.668,1.642,1.696,14,False
B_middle,red,-0.1699,1.189,1.171,1.212,22,False
B_middle,red,-0.1698,1.593,1.535,1.629,35,False
B_middle,red,-0.1654,1.434,1.413,1.454,8,False
B_middle,blue,-0.1499,1.465,1.4,1.548,73,True
B_middle,blue,-0.1495,1.703,1.683,1.723,8,True
B_middle,red,-0.1352,3.147,3.123,3.177,13,True
B_middle,red,-0.1352,2.137,2.1,2.167,18,True
B_middle,red,-0.1351,2.733,2.706,2.76,11,True
B_middle,red,-0.1349,1.77,1.683,1.858,48,True
B_middle,red,-0.1344,2.336,2.315,2.356,8,True
B_middle,red,-0.1344,1.603,1.548,1.656,36,True
B_middle,red,-0.1342,2.078,2.046,2.113,16,True
B_middle,blue,-0.1198,1.252,1.131,1.373,119,True
B_middle,red,-0.0435,0.888,0.875,0.902,8,False
B_middle,red,-0.042,1.164,1.144,1.185,8,False
B_middle,red,-0.0391,1.523,1.4,1.642,133,False
B_middle,blue,-0.0391,1.083,1.023,1.171,79,False
B_middle,red,-0.039,1.777,1.763,1.79,8,False
B_middle,red,-0.039,1.292,1.212,1.373,94,False
B_middle,red,-0.039,1.092,1.05,1.144,34,False
B_middle,red,-0.039,0.956,0.942,0.969,8,False
B_middle,red,-0.0344,0.902,0.875,0.929,10,False
B_middle,red,0.0026,1.279,1.252,1.306,11,False
B_middle,red,0.0069,1.467,1.413,1.521,45,False
B_middle,red,0.0082,1.108,1.077,1.158,18,False
B_middle,red,0.01,1.271,1.225,1.306,17,False
B_middle,blue,0.0582,0.854,0.821,0.888,13,False
B_middle,blue,0.0616,1.007,0.888,1.09,80,False
B_middle,red,0.0717,0.975,0.929,1.037,50,False
B_middle,red,0.0741,1.21,1.158,1.252,21,False
B_middle,red,0.0761,1.09,1.063,1.117,10,False
B_middle,red,0.3902,0.707,0.687,0.727,8,False
B_middle,red,0.3945,0.558,0.458,0.687,86,False
B_middle,red,0.3956,0.741,0.713,0.767,13,False
